source,waterbody,group,campaign,site,raw_name,value,trait,canonical,gbif_key,gbif_match
AH_PL,Hồ Ayun Hạ,phytoplankton,2021-03,M1,"Microcystis aeruginosa (Kützing) Kützing, 1846",3542000.0,Tảo độc,Microcystis aeruginosa,11959609.0,exact
AH_PL,Hồ Ayun Hạ,phytoplankton,2021-03,M2,"Microcystis aeruginosa (Kützing) Kützing, 1846",6210000.0,Tảo độc,Microcystis aeruginosa,11959609.0,exact
AH_PL,Hồ Ayun Hạ,phytoplankton,2021-03,M3,"Microcystis aeruginosa (Kützing) Kützing, 1846",1104000.0,Tảo độc,Microcystis aeruginosa,11959609.0,exact
AH_PL,Hồ Ayun Hạ,phytoplankton,2021-03,M4,"Microcystis aeruginosa (Kützing) Kützing, 1846",1932000.0,Tảo độc,Microcystis aeruginosa,11959609.0,exact
AH_PL,Hồ Ayun Hạ,phytoplankton,2021-03,M5,"Microcystis aeruginosa (Kützing) Kützing, 1846",3358000.0,Tảo độc,Microcystis aeruginosa,11959609.0,exact
AH_PL,Hồ Ayun Hạ,phytoplankton,2021-03,M6,"Microcystis aeruginosa (Kützing) Kützing, 1846",1794000.0,Tảo độc,Microcystis aeruginosa,11959609.0,exact
AH_PL,Hồ Ayun Hạ,phytoplankton,2021-03,M7,"Microcystis aeruginosa (Kützing) Kützing, 1846",3312000.0,Tảo độc,Microcystis aeruginosa,11959609.0,exact
AH_PL,Hồ Ayun Hạ,phytoplankton,2021-03,M8,"Microcystis aeruginosa (Kützing) Kützing, 1846",2346000.0,Tảo độc,Microcystis aeruginosa,11959609.0,exact
AH_PL,Hồ Ayun Hạ,phytoplankton,2021-03,M9,"Microcystis aeruginosa (Kützing) Kützing, 1846",2944000.0,Tảo độc,Microcystis aeruginosa,11959609.0,exact
AH_PL,Hồ Ayun Hạ,phytoplankton,2021-03,M10,"Microcystis aeruginosa (Kützing) Kützing, 1846",2369000.0,Tảo độc,Microcystis aeruginosa,11959609.0,exact
AH_PL,Hồ Ayun Hạ,phytoplankton,2021-03,M1,"Microcystis wesenbergii (Komárek) Komárek ex Komárek, 2006",5000.0,Tảo độc,Microcystis wesenbergii,5426741.0,exact
AH_PL,Hồ Ayun Hạ,phytoplankton,2021-03,M2,"Microcystis wesenbergii (Komárek) Komárek ex Komárek, 2006",4800.0,Tảo độc,Microcystis wesenbergii,5426741.0,exact
AH_PL,Hồ Ayun Hạ,phytoplankton,2021-03,M3,"Microcystis wesenbergii (Komárek) Komárek ex Komárek, 2006",1000.0,Tảo độc,Microcystis wesenbergii,5426741.0,exact
AH_PL,Hồ Ayun Hạ,phytoplankton,2021-03,M4,"Microcystis wesenbergii (Komárek) Komárek ex Komárek, 2006",3000.0,Tảo độc,Microcystis wesenbergii,5426741.0,exact
AH_PL,Hồ Ayun Hạ,phytoplankton,2021-03,M5,"Microcystis wesenbergii (Komárek) Komárek ex Komárek, 2006",3000.0,Tảo độc,Microcystis wesenbergii,5426741.0,exact
AH_PL,Hồ Ayun Hạ,phytoplankton,2021-03,M6,"Microcystis wesenbergii (Komárek) Komárek ex Komárek, 2006",4600.0,Tảo độc,Microcystis wesenbergii,5426741.0,exact
AH_PL,Hồ Ayun Hạ,phytoplankton,2021-03,M7,"Microcystis wesenbergii (Komárek) Komárek ex Komárek, 2006",5000.0,Tảo độc,Microcystis wesenbergii,5426741.0,exact
AH_PL,Hồ Ayun Hạ,phytoplankton,2021-03,M8,"Microcystis wesenbergii (Komárek) Komárek ex Komárek, 2006",6000.0,Tảo độc,Microcystis wesenbergii,5426741.0,exact
AH_PL,Hồ Ayun Hạ,phytoplankton,2021-03,M9,"Microcystis wesenbergii (Komárek) Komárek ex Komárek, 2006",5200.0,Tảo độc,Microcystis wesenbergii,5426741.0,exact
AH_PL,Hồ Ayun Hạ,phytoplankton,2021-03,M10,"Microcystis wesenbergii (Komárek) Komárek ex Komárek, 2006",6400.0,Tảo độc,Microcystis wesenbergii,5426741.0,exact
AH_PL,Hồ Ayun Hạ,phytoplankton,2021-03,M1,"Oscillatoria princeps Vaucher ex Gomont, 1892",200.0,Tảo gây hại,Oscillatoria princeps,3218836.0,exact
AH_PL,Hồ Ayun Hạ,phytoplankton,2021-03,M2,"Oscillatoria princeps Vaucher ex Gomont, 1892",1200.0,Tảo gây hại,Oscillatoria princeps,3218836.0,exact
AH_PL,Hồ Ayun Hạ,phytoplankton,2021-03,M3,"Oscillatoria princeps Vaucher ex Gomont, 1892",200.0,Tảo gây hại,Oscillatoria princeps,3218836.0,exact
AH_PL,Hồ Ayun Hạ,phytoplankton,2021-03,M4,"Oscillatoria princeps Vaucher ex Gomont, 1892",1000.0,Tảo gây hại,Oscillatoria princeps,3218836.0,exact
AH_PL,Hồ Ayun Hạ,phytoplankton,2021-03,M5,"Oscillatoria princeps Vaucher ex Gomont, 1892",100.0,Tảo gây hại,Oscillatoria princeps,3218836.0,exact
AH_PL,Hồ Ayun Hạ,phytoplankton,2021-03,M6,"Oscillatoria princeps Vaucher ex Gomont, 1892",400.0,Tảo gây hại,Oscillatoria princeps,3218836.0,exact
AH_PL,Hồ Ayun Hạ,phytoplankton,2021-03,M7,"Oscillatoria princeps Vaucher ex Gomont, 1892",400.0,Tảo gây hại,Oscillatoria princeps,3218836.0,exact
AH_PL,Hồ Ayun Hạ,phytoplankton,2021-03,M8,"Oscillatoria princeps Vaucher ex Gomont, 1892",2400.0,Tảo gây hại,Oscillatoria princeps,3218836.0,exact
AH_PL,Hồ Ayun Hạ,phytoplankton,2021-03,M9,"Oscillatoria princeps Vaucher ex Gomont, 1892",100.0,Tảo gây hại,Oscillatoria princeps,3218836.0,exact
AH_PL,Hồ Ayun Hạ,phytoplankton,2021-03,M10,"Oscillatoria princeps Vaucher ex Gomont, 1892",400.0,Tảo gây hại,Oscillatoria princeps,3218836.0,exact
AH_PL,Hồ Ayun Hạ,phytoplankton,2021-03,M8,Oscillatoria sp.,-1.0,Tảo gây hại,Oscillatoria sp.,7679569.0,exact
AH_PL,Hồ Ayun Hạ,phytoplankton,2021-03,M1,"Anabaena spiroides Klebahn, 1895",-1.0,Tảo độc,Anabaena spiroides,5427219.0,synonym
AH_PL,Hồ Ayun Hạ,phytoplankton,2021-03,M2,"Anabaena spiroides Klebahn, 1895",1480.0,Tảo độc,Anabaena spiroides,5427219.0,synonym
AH_PL,Hồ Ayun Hạ,phytoplankton,2021-03,M3,"Anabaena spiroides Klebahn, 1895",16600.0,Tảo độc,Anabaena spiroides,5427219.0,synonym
AH_PL,Hồ Ayun Hạ,phytoplankton,2021-03,M4,"Anabaena spiroides Klebahn, 1895",10100.0,Tảo độc,Anabaena spiroides,5427219.0,synonym
AH_PL,Hồ Ayun Hạ,phytoplankton,2021-03,M5,"Anabaena spiroides Klebahn, 1895",25200.0,Tảo độc,Anabaena spiroides,5427219.0,synonym
AH_PL,Hồ Ayun Hạ,phytoplankton,2021-03,M6,"Anabaena spiroides Klebahn, 1895",14400.0,Tảo độc,Anabaena spiroides,5427219.0,synonym
AH_PL,Hồ Ayun Hạ,phytoplankton,2021-03,M7,"Anabaena spiroides Klebahn, 1895",16200.0,Tảo độc,Anabaena spiroides,5427219.0,synonym
AH_PL,Hồ Ayun Hạ,phytoplankton,2021-03,M8,"Anabaena spiroides Klebahn, 1895",9000.0,Tảo độc,Anabaena spiroides,5427219.0,synonym
AH_PL,Hồ Ayun Hạ,phytoplankton,2021-03,M9,"Anabaena spiroides Klebahn, 1895",14400.0,Tảo độc,Anabaena spiroides,5427219.0,synonym
AH_PL,Hồ Ayun Hạ,phytoplankton,2021-03,M10,"Anabaena spiroides Klebahn, 1895",13500.0,Tảo độc,Anabaena spiroides,5427219.0,synonym
AH_PL,Hồ Ayun Hạ,phytoplankton,2021-03,M9,"Gomphonema augur Ehrenberg, 1841",2.0,,Gomphonema augur,8170732.0,exact
AH_PL,Hồ Ayun Hạ,phytoplankton,2021-03,M1,"Synedra ulna (Nitzsch) Ehrenberg, 1832",8.0,,Synedra ulna,3192457.0,exact
AH_PL,Hồ Ayun Hạ,phytoplankton,2021-03,M2,"Synedra ulna (Nitzsch) Ehrenberg, 1832",6.0,,Synedra ulna,3192457.0,exact
AH_PL,Hồ Ayun Hạ,phytoplankton,2021-03,M3,"Synedra ulna (Nitzsch) Ehrenberg, 1832",4.0,,Synedra ulna,3192457.0,exact
AH_PL,Hồ Ayun Hạ,phytoplankton,2021-03,M4,"Synedra ulna (Nitzsch) Ehrenberg, 1832",2.0,,Synedra ulna,3192457.0,exact
AH_PL,Hồ Ayun Hạ,phytoplankton,2021-03,M6,"Synedra ulna (Nitzsch) Ehrenberg, 1832",6.0,,Synedra ulna,3192457.0,exact
AH_PL,Hồ Ayun Hạ,phytoplankton,2021-03,M7,"Synedra ulna (Nitzsch) Ehrenberg, 1832",16.0,,Synedra ulna,3192457.0,exact
AH_PL,Hồ Ayun Hạ,phytoplankton,2021-03,M8,"Synedra ulna (Nitzsch) Ehrenberg, 1832",6.0,,Synedra ulna,3192457.0,exact
AH_PL,Hồ Ayun Hạ,phytoplankton,2021-03,M9,"Synedra ulna (Nitzsch) Ehrenberg, 1832",142.0,,Synedra ulna,3192457.0,exact
AH_PL,Hồ Ayun Hạ,phytoplankton,2021-03,M10,"Synedra ulna (Nitzsch) Ehrenberg, 1832",22.0,,Synedra ulna,3192457.0,exact
AH_PL,Hồ Ayun Hạ,phytoplankton,2021-03,M2,"Surirella robusta Ehrenberg, 1841",-1.0,,Surirella robusta,7843496.0,exact
AH_PL,Hồ Ayun Hạ,phytoplankton,2021-03,M1,"Melosira granulata (Ehrenberg) Ralfs, 1861",28530.0,,Melosira granulata,9501075.0,exact
AH_PL,Hồ Ayun Hạ,phytoplankton,2021-03,M2,"Melosira granulata (Ehrenberg) Ralfs, 1861",33120.0,,Melosira granulata,9501075.0,exact
AH_PL,Hồ Ayun Hạ,phytoplankton,2021-03,M3,"Melosira granulata (Ehrenberg) Ralfs, 1861",10672.0,,Melosira granulata,9501075.0,exact
AH_PL,Hồ Ayun Hạ,phytoplankton,2021-03,M4,"Melosira granulata (Ehrenberg) Ralfs, 1861",26280.0,,Melosira granulata,9501075.0,exact
AH_PL,Hồ Ayun Hạ,phytoplankton,2021-03,M5,"Melosira granulata (Ehrenberg) Ralfs, 1861",1624.0,,Melosira granulata,9501075.0,exact
AH_PL,Hồ Ayun Hạ,phytoplankton,2021-03,M6,"Melosira granulata (Ehrenberg) Ralfs, 1861",1344.0,,Melosira granulata,9501075.0,exact
AH_PL,Hồ Ayun Hạ,phytoplankton,2021-03,M7,"Melosira granulata (Ehrenberg) Ralfs, 1861",25110.0,,Melosira granulata,9501075.0,exact
AH_PL,Hồ Ayun Hạ,phytoplankton,2021-03,M8,"Melosira granulata (Ehrenberg) Ralfs, 1861",35640.0,,Melosira granulata,9501075.0,exact
AH_PL,Hồ Ayun Hạ,phytoplankton,2021-03,M9,"Melosira granulata (Ehrenberg) Ralfs, 1861",37800.0,,Melosira granulata,9501075.0,exact
AH_PL,Hồ Ayun Hạ,phytoplankton,2021-03,M10,"Melosira granulata (Ehrenberg) Ralfs, 1861",31860.0,,Melosira granulata,9501075.0,exact
AH_PL,Hồ Ayun Hạ,phytoplankton,2021-03,M1,"Sphaerocystis schroeteri Chodat, 1897",800.0,,Sphaerocystis schroeteri,5271438.0,exact
AH_PL,Hồ Ayun Hạ,phytoplankton,2021-03,M2,"Sphaerocystis schroeteri Chodat, 1897",2880.0,,Sphaerocystis schroeteri,5271438.0,exact
AH_PL,Hồ Ayun Hạ,phytoplankton,2021-03,M3,"Sphaerocystis schroeteri Chodat, 1897",2240.0,,Sphaerocystis schroeteri,5271438.0,exact
AH_PL,Hồ Ayun Hạ,phytoplankton,2021-03,M4,"Sphaerocystis schroeteri Chodat, 1897",1536.0,,Sphaerocystis schroeteri,5271438.0,exact
AH_PL,Hồ Ayun Hạ,phytoplankton,2021-03,M5,"Sphaerocystis schroeteri Chodat, 1897",544.0,,Sphaerocystis schroeteri,5271438.0,exact
AH_PL,Hồ Ayun Hạ,phytoplankton,2021-03,M6,"Sphaerocystis schroeteri Chodat, 1897",448.0,,Sphaerocystis schroeteri,5271438.0,exact
AH_PL,Hồ Ayun Hạ,phytoplankton,2021-03,M7,"Sphaerocystis schroeteri Chodat, 1897",96.0,,Sphaerocystis schroeteri,5271438.0,exact
AH_PL,Hồ Ayun Hạ,phytoplankton,2021-03,M8,"Sphaerocystis schroeteri Chodat, 1897",160.0,,Sphaerocystis schroeteri,5271438.0,exact
AH_PL,Hồ Ayun Hạ,phytoplankton,2021-03,M9,"Sphaerocystis schroeteri Chodat, 1897",352.0,,Sphaerocystis schroeteri,5271438.0,exact
AH_PL,Hồ Ayun Hạ,phytoplankton,2021-03,M10,"Sphaerocystis schroeteri Chodat, 1897",96.0,,Sphaerocystis schroeteri,5271438.0,exact
AH_PL,Hồ Ayun Hạ,phytoplankton,2021-03,M1,"Pediastrum duplex Meyen, 1829",64.0,,Pediastrum duplex,2641920.0,exact
AH_PL,Hồ Ayun Hạ,phytoplankton,2021-03,M2,"Pediastrum duplex Meyen, 1829",128.0,,Pediastrum duplex,2641920.0,exact
AH_PL,Hồ Ayun Hạ,phytoplankton,2021-03,M3,"Pediastrum duplex Meyen, 1829",128.0,,Pediastrum duplex,2641920.0,exact
AH_PL,Hồ Ayun Hạ,phytoplankton,2021-03,M4,"Pediastrum duplex Meyen, 1829",16.0,,Pediastrum duplex,2641920.0,exact
AH_PL,Hồ Ayun Hạ,phytoplankton,2021-03,M5,"Pediastrum duplex Meyen, 1829",-1.0,,Pediastrum duplex,2641920.0,exact
AH_PL,Hồ Ayun Hạ,phytoplankton,2021-03,M6,"Pediastrum duplex Meyen, 1829",32.0,,Pediastrum duplex,2641920.0,exact
AH_PL,Hồ Ayun Hạ,phytoplankton,2021-03,M7,"Pediastrum duplex Meyen, 1829",-1.0,,Pediastrum duplex,2641920.0,exact
AH_PL,Hồ Ayun Hạ,phytoplankton,2021-03,M8,"Pediastrum duplex Meyen, 1829",32.0,,Pediastrum duplex,2641920.0,exact
AH_PL,Hồ Ayun Hạ,phytoplankton,2021-03,M9,"Pediastrum duplex Meyen, 1829",96.0,,Pediastrum duplex,2641920.0,exact
AH_PL,Hồ Ayun Hạ,phytoplankton,2021-03,M10,"Pediastrum duplex Meyen, 1829",32.0,,Pediastrum duplex,2641920.0,exact
AH_PL,Hồ Ayun Hạ,phytoplankton,2021-03,M1,"Pediastrum simplex Meyen, 1829",32.0,,Pediastrum simplex,2641899.0,synonym
AH_PL,Hồ Ayun Hạ,phytoplankton,2021-03,M2,"Pediastrum simplex Meyen, 1829",256.0,,Pediastrum simplex,2641899.0,synonym
AH_PL,Hồ Ayun Hạ,phytoplankton,2021-03,M3,"Pediastrum simplex Meyen, 1829",128.0,,Pediastrum simplex,2641899.0,synonym
AH_PL,Hồ Ayun Hạ,phytoplankton,2021-03,M4,"Pediastrum simplex Meyen, 1829",64.0,,Pediastrum simplex,2641899.0,synonym
AH_PL,Hồ Ayun Hạ,phytoplankton,2021-03,M6,"Pediastrum simplex Meyen, 1829",32.0,,Pediastrum simplex,2641899.0,synonym
AH_PL,Hồ Ayun Hạ,phytoplankton,2021-03,M8,"Pediastrum simplex Meyen, 1829",128.0,,Pediastrum simplex,2641899.0,synonym
AH_PL,Hồ Ayun Hạ,phytoplankton,2021-03,M9,"Pediastrum simplex Meyen, 1829",32.0,,Pediastrum simplex,2641899.0,synonym
AH_PL,Hồ Ayun Hạ,phytoplankton,2021-03,M10,"Pediastrum simplex Meyen, 1829",-1.0,,Pediastrum simplex,2641899.0,synonym
AH_PL,Hồ Ayun Hạ,phytoplankton,2021-03,M5,"Pediastrum tetras (Ehrenberg) Ralfs, 1844",-1.0,,Pediastrum tetras,2641911.0,synonym
AH_PL,Hồ Ayun Hạ,phytoplankton,2021-03,M3,"Tetraedron gracile (Reinsch) Hansgirg, 1889",-1.0,,Tetraedron gracile,10535837.0,exact
AH_PL,Hồ Ayun Hạ,phytoplankton,2021-03,M4,"Tetraedron gracile (Reinsch) Hansgirg, 1889",2.0,,Tetraedron gracile,10535837.0,exact
AH_PL,Hồ Ayun Hạ,phytoplankton,2021-03,M5,"Tetraedron gracile (Reinsch) Hansgirg, 1889",2.0,,Tetraedron gracile,10535837.0,exact
AH_PL,Hồ Ayun Hạ,phytoplankton,2021-03,M9,"Tetraedron gracile (Reinsch) Hansgirg, 1889",2.0,,Tetraedron gracile,10535837.0,exact
AH_PL,Hồ Ayun Hạ,phytoplankton,2021-03,M1,Tetraedron trigonum (Nägeli) Hansgirg,2.0,,Tetraedron trigonum,2642391.0,exact
AH_PL,Hồ Ayun Hạ,phytoplankton,2021-03,M3,"Coelastrum cambricum W.Archer, 1868",48.0,,Coelastrum cambricum,2640987.0,exact
AH_PL,Hồ Ayun Hạ,phytoplankton,2021-03,M1,"Coelastrum microsporum Nägeli, 1849",1768.0,,Coelastrum microsporum,2640979.0,fuzzy
AH_PL,Hồ Ayun Hạ,phytoplankton,2021-03,M2,"Coelastrum microsporum Nägeli, 1849",704.0,,Coelastrum microsporum,2640979.0,fuzzy
AH_PL,Hồ Ayun Hạ,phytoplankton,2021-03,M3,"Coelastrum microsporum Nägeli, 1849",352.0,,Coelastrum microsporum,2640979.0,fuzzy
AH_PL,Hồ Ayun Hạ,phytoplankton,2021-03,M4,"Coelastrum microsporum Nägeli, 1849",544.0,,Coelastrum microsporum,2640979.0,fuzzy
AH_PL,Hồ Ayun Hạ,phytoplankton,2021-03,M5,"Coelastrum microsporum Nägeli, 1849",64.0,,Coelastrum microsporum,2640979.0,fuzzy
AH_PL,Hồ Ayun Hạ,phytoplankton,2021-03,M6,"Coelastrum microsporum Nägeli, 1849",32.0,,Coelastrum microsporum,2640979.0,fuzzy
AH_PL,Hồ Ayun Hạ,phytoplankton,2021-03,M7,"Coelastrum microsporum Nägeli, 1849",32.0,,Coelastrum microsporum,2640979.0,fuzzy
AH_PL,Hồ Ayun Hạ,phytoplankton,2021-03,M8,"Coelastrum microsporum Nägeli, 1849",64.0,,Coelastrum microsporum,2640979.0,fuzzy
AH_PL,Hồ Ayun Hạ,phytoplankton,2021-03,M9,"Coelastrum microsporum Nägeli, 1849",96.0,,Coelastrum microsporum,2640979.0,fuzzy
AH_PL,Hồ Ayun Hạ,phytoplankton,2021-03,M10,"Coelastrum microsporum Nägeli, 1849",128.0,,Coelastrum microsporum,2640979.0,fuzzy
AH_PL,Hồ Ayun Hạ,phytoplankton,2021-03,M3,"Dimorphococcus lunatus A.Braun, 1855",48.0,,Dimorphococcus lunatus,2642013.0,exact
AH_PL,Hồ Ayun Hạ,phytoplankton,2021-03,M1,"Scenedesmus quadricauda (Turpin) Brébisson, 1835",16.0,,Scenedesmus quadricauda,7711060.0,exact
AH_PL,Hồ Ayun Hạ,phytoplankton,2021-03,M2,"Scenedesmus quadricauda (Turpin) Brébisson, 1835",32.0,,Scenedesmus quadricauda,7711060.0,exact
AH_PL,Hồ Ayun Hạ,phytoplankton,2021-03,M4,"Scenedesmus quadricauda (Turpin) Brébisson, 1835",24.0,,Scenedesmus quadricauda,7711060.0,exact
AH_PL,Hồ Ayun Hạ,phytoplankton,2021-03,M5,"Scenedesmus quadricauda (Turpin) Brébisson, 1835",-1.0,,Scenedesmus quadricauda,7711060.0,exact
AH_PL,Hồ Ayun Hạ,phytoplankton,2021-03,M8,"Scenedesmus quadricauda (Turpin) Brébisson, 1835",-1.0,,Scenedesmus quadricauda,7711060.0,exact
AH_PL,Hồ Ayun Hạ,phytoplankton,2021-03,M9,"Scenedesmus quadricauda (Turpin) Brébisson, 1835",24.0,,Scenedesmus quadricauda,7711060.0,exact
AH_PL,Hồ Ayun Hạ,phytoplankton,2021-03,M10,"Scenedesmus quadricauda (Turpin) Brébisson, 1835",8.0,,Scenedesmus quadricauda,7711060.0,exact
AH_PL,Hồ Ayun Hạ,phytoplankton,2021-03,M6,"Ankistrodesmus bibraianus (Reinsch) Korshikov, 1953",128.0,,Ankistrodesmus bibraianus,2641191.0,synonym
AH_PL,Hồ Ayun Hạ,phytoplankton,2021-03,M1,"Ankistrodesmus falcatus (Corda) Ralfs, 1848",2.0,,Ankistrodesmus falcatus,2638584.0,exact
AH_PL,Hồ Ayun Hạ,phytoplankton,2021-03,M2,"Ankistrodesmus falcatus (Corda) Ralfs, 1848",2.0,,Ankistrodesmus falcatus,2638584.0,exact
AH_PL,Hồ Ayun Hạ,phytoplankton,2021-03,M3,"Ankistrodesmus falcatus (Corda) Ralfs, 1848",8.0,,Ankistrodesmus falcatus,2638584.0,exact
AH_PL,Hồ Ayun Hạ,phytoplankton,2021-03,M1,"Kirchneriella lunaris (Kirchner) K.Möbius, 1894",32.0,,Kirchneriella lunaris,5271638.0,exact
AH_PL,Hồ Ayun Hạ,phytoplankton,2021-03,M2,"Kirchneriella lunaris (Kirchner) K.Möbius, 1894",128.0,,Kirchneriella lunaris,5271638.0,exact
AH_PL,Hồ Ayun Hạ,phytoplankton,2021-03,M3,"Kirchneriella lunaris (Kirchner) K.Möbius, 1894",96.0,,Kirchneriella lunaris,5271638.0,exact
AH_PL,Hồ Ayun Hạ,phytoplankton,2021-03,M5,"Kirchneriella lunaris (Kirchner) K.Möbius, 1894",-1.0,,Kirchneriella lunaris,5271638.0,exact
AH_PL,Hồ Ayun Hạ,phytoplankton,2021-03,M6,"Kirchneriella lunaris (Kirchner) K.Möbius, 1894",-1.0,,Kirchneriella lunaris,5271638.0,exact
AH_PL,Hồ Ayun Hạ,phytoplankton,2021-03,M7,"Kirchneriella lunaris (Kirchner) K.Möbius, 1894",-1.0,,Kirchneriella lunaris,5271638.0,exact
AH_PL,Hồ Ayun Hạ,phytoplankton,2021-03,M8,"Kirchneriella lunaris (Kirchner) K.Möbius, 1894",72.0,,Kirchneriella lunaris,5271638.0,exact
AH_PL,Hồ Ayun Hạ,phytoplankton,2021-03,M1,"Treubaria triappendiculata C.Bernard, 1908",12.0,,Treubaria triappendiculata,2641423.0,exact
AH_PL,Hồ Ayun Hạ,phytoplankton,2021-03,M2,"Treubaria triappendiculata C.Bernard, 1908",16.0,,Treubaria triappendiculata,2641423.0,exact
AH_PL,Hồ Ayun Hạ,phytoplankton,2021-03,M3,"Treubaria triappendiculata C.Bernard, 1908",8.0,,Treubaria triappendiculata,2641423.0,exact
AH_PL,Hồ Ayun Hạ,phytoplankton,2021-03,M4,"Treubaria triappendiculata C.Bernard, 1908",6.0,,Treubaria triappendiculata,2641423.0,exact
AH_PL,Hồ Ayun Hạ,phytoplankton,2021-03,M5,"Treubaria triappendiculata C.Bernard, 1908",6.0,,Treubaria triappendiculata,2641423.0,exact
AH_PL,Hồ Ayun Hạ,phytoplankton,2021-03,M6,"Treubaria triappendiculata C.Bernard, 1908",2.0,,Treubaria triappendiculata,2641423.0,exact
AH_PL,Hồ Ayun Hạ,phytoplankton,2021-03,M7,"Treubaria triappendiculata C.Bernard, 1908",2.0,,Treubaria triappendiculata,2641423.0,exact
AH_PL,Hồ Ayun Hạ,phytoplankton,2021-03,M9,"Treubaria triappendiculata C.Bernard, 1908",2.0,,Treubaria triappendiculata,2641423.0,exact
AH_PL,Hồ Ayun Hạ,phytoplankton,2021-03,M10,"Treubaria triappendiculata C.Bernard, 1908",-1.0,,Treubaria triappendiculata,2641423.0,exact
AH_PL,Hồ Ayun Hạ,phytoplankton,2021-03,M8,"Actinastrum hantzschii Lagerheim, 1882",192.0,,Actinastrum hantzschii,2638622.0,exact
AH_PL,Hồ Ayun Hạ,phytoplankton,2021-03,M9,"Actinastrum hantzschii Lagerheim, 1882",16.0,,Actinastrum hantzschii,2638622.0,exact
AH_PL,Hồ Ayun Hạ,phytoplankton,2021-03,M10,"Actinastrum hantzschii Lagerheim, 1882",400.0,,Actinastrum hantzschii,2638622.0,exact
AH_PL,Hồ Ayun Hạ,phytoplankton,2021-03,M1,"Dictyosphaerium pulchellum H.C. Wood, 1873",384.0,,Dictyosphaerium pulchellum,2642006.0,synonym
AH_PL,Hồ Ayun Hạ,phytoplankton,2021-03,M2,"Dictyosphaerium pulchellum H.C. Wood, 1873",256.0,,Dictyosphaerium pulchellum,2642006.0,synonym
AH_PL,Hồ Ayun Hạ,phytoplankton,2021-03,M3,"Dictyosphaerium pulchellum H.C. Wood, 1873",768.0,,Dictyosphaerium pulchellum,2642006.0,synonym
AH_PL,Hồ Ayun Hạ,phytoplankton,2021-03,M4,"Dictyosphaerium pulchellum H.C. Wood, 1873",768.0,,Dictyosphaerium pulchellum,2642006.0,synonym
AH_PL,Hồ Ayun Hạ,phytoplankton,2021-03,M5,"Dictyosphaerium pulchellum H.C. Wood, 1873",352.0,,Dictyosphaerium pulchellum,2642006.0,synonym
AH_PL,Hồ Ayun Hạ,phytoplankton,2021-03,M6,"Dictyosphaerium pulchellum H.C. Wood, 1873",800.0,,Dictyosphaerium pulchellum,2642006.0,synonym
AH_PL,Hồ Ayun Hạ,phytoplankton,2021-03,M7,"Dictyosphaerium pulchellum H.C. Wood, 1873",224.0,,Dictyosphaerium pulchellum,2642006.0,synonym
AH_PL,Hồ Ayun Hạ,phytoplankton,2021-03,M8,"Dictyosphaerium pulchellum H.C. Wood, 1873",256.0,,Dictyosphaerium pulchellum,2642006.0,synonym
AH_PL,Hồ Ayun Hạ,phytoplankton,2021-03,M9,"Dictyosphaerium pulchellum H.C. Wood, 1873",704.0,,Dictyosphaerium pulchellum,2642006.0,synonym
AH_PL,Hồ Ayun Hạ,phytoplankton,2021-03,M10,"Dictyosphaerium pulchellum H.C. Wood, 1873",416.0,,Dictyosphaerium pulchellum,2642006.0,synonym
AH_PL,Hồ Ayun Hạ,phytoplankton,2021-03,M3,"Micractinium pusillum Fresenius, 1858",32.0,,Micractinium pusillum,2641082.0,exact
AH_PL,Hồ Ayun Hạ,phytoplankton,2021-03,M1,"Oocystis borgei J.W.Snow, 1903",16.0,,Oocystis borgei,5271678.0,exact
AH_PL,Hồ Ayun Hạ,phytoplankton,2021-03,M2,"Oocystis borgei J.W.Snow, 1903",48.0,,Oocystis borgei,5271678.0,exact
AH_PL,Hồ Ayun Hạ,phytoplankton,2021-03,M3,"Oocystis borgei J.W.Snow, 1903",8.0,,Oocystis borgei,5271678.0,exact
AH_PL,Hồ Ayun Hạ,phytoplankton,2021-03,M4,"Oocystis borgei J.W.Snow, 1903",8.0,,Oocystis borgei,5271678.0,exact
AH_PL,Hồ Ayun Hạ,phytoplankton,2021-03,M6,"Oocystis borgei J.W.Snow, 1903",40.0,,Oocystis borgei,5271678.0,exact
AH_PL,Hồ Ayun Hạ,phytoplankton,2021-03,M8,"Oocystis borgei J.W.Snow, 1903",-1.0,,Oocystis borgei,5271678.0,exact
AH_PL,Hồ Ayun Hạ,phytoplankton,2021-03,M9,"Oocystis borgei J.W.Snow, 1903",24.0,,Oocystis borgei,5271678.0,exact
AH_PL,Hồ Ayun Hạ,phytoplankton,2021-03,M2,Oocystis sp.,16.0,,Oocystis sp.,2641454.0,exact
AH_PL,Hồ Ayun Hạ,phytoplankton,2021-03,M4,Oocystis sp.,40.0,,Oocystis sp.,2641454.0,exact
AH_PL,Hồ Ayun Hạ,phytoplankton,2021-03,M5,Oocystis sp.,16.0,,Oocystis sp.,2641454.0,exact
AH_PL,Hồ Ayun Hạ,phytoplankton,2021-03,M7,Oocystis sp.,24.0,,Oocystis sp.,2641454.0,exact
AH_PL,Hồ Ayun Hạ,phytoplankton,2021-03,M8,Oocystis sp.,48.0,,Oocystis sp.,2641454.0,exact
AH_PL,Hồ Ayun Hạ,phytoplankton,2021-03,M9,Oocystis sp.,8.0,,Oocystis sp.,2641454.0,exact
AH_PL,Hồ Ayun Hạ,phytoplankton,2021-03,M1,"Cosmarium contractum Kirchner, 1878",-1.0,,Cosmarium contractum,5274443.0,exact
AH_PL,Hồ Ayun Hạ,phytoplankton,2021-03,M3,"Cosmarium contractum Kirchner, 1878",4.0,,Cosmarium contractum,5274443.0,exact
AH_PL,Hồ Ayun Hạ,phytoplankton,2021-03,M4,"Cosmarium contractum Kirchner, 1878",-1.0,,Cosmarium contractum,5274443.0,exact
AH_PL,Hồ Ayun Hạ,phytoplankton,2021-03,M5,"Cosmarium contractum Kirchner, 1878",-1.0,,Cosmarium contractum,5274443.0,exact
AH_PL,Hồ Ayun Hạ,phytoplankton,2021-03,M4,"Cosmarium granatum Brébisson ex Ralfs, 1848",4.0,,Cosmarium granatum,8039125.0,exact
AH_PL,Hồ Ayun Hạ,phytoplankton,2021-03,M3,"Cosmarium margaritatum (P.Lundell) J.Roy & Bisset, 1886",-1.0,,Cosmarium margaritatum,5273970.0,exact
AH_PL,Hồ Ayun Hạ,phytoplankton,2021-03,M2,"Cosmarium obtusatum (Schmidle) Schmidle, 1898",8.0,,Cosmarium obtusatum,5274561.0,exact
AH_PL,Hồ Ayun Hạ,phytoplankton,2021-03,M10,Cosmarium sp.,4.0,,Cosmarium sp.,2648709.0,exact
AH_PL,Hồ Ayun Hạ,phytoplankton,2021-03,M4,"Euastrum spinulosum Delponte, 1876",-1.0,,Euastrum spinulosum,2648424.0,exact
AH_PL,Hồ Ayun Hạ,phytoplankton,2021-03,M2,"Staurastrum cuspidatum Brébisson, 1848",-1.0,,Staurastrum cuspidatum,2647328.0,synonym
AH_PL,Hồ Ayun Hạ,phytoplankton,2021-03,M3,"Staurastrum cuspidatum Brébisson, 1848",8.0,,Staurastrum cuspidatum,2647328.0,synonym
AH_PL,Hồ Ayun Hạ,phytoplankton,2021-03,M4,"Staurastrum gladiosum W.B.Turner, 1885",4.0,,Staurastrum gladiosum,2648005.0,exact
AH_PL,Hồ Ayun Hạ,phytoplankton,2021-03,M1,"Staurastrum prionotum A.M.Scott & Prescott, 1961",588.0,,Staurastrum prionotum,2647648.0,higherrank
AH_PL,Hồ Ayun Hạ,phytoplankton,2021-03,M2,"Staurastrum prionotum A.M.Scott & Prescott, 1961",640.0,,Staurastrum prionotum,2647648.0,higherrank
AH_PL,Hồ Ayun Hạ,phytoplankton,2021-03,M3,"Staurastrum prionotum A.M.Scott & Prescott, 1961",520.0,,Staurastrum prionotum,2647648.0,higherrank
AH_PL,Hồ Ayun Hạ,phytoplankton,2021-03,M4,"Staurastrum prionotum A.M.Scott & Prescott, 1961",288.0,,Staurastrum prionotum,2647648.0,higherrank
AH_PL,Hồ Ayun Hạ,phytoplankton,2021-03,M5,"Staurastrum prionotum A.M.Scott & Prescott, 1961",100.0,,Staurastrum prionotum,2647648.0,higherrank
AH_PL,Hồ Ayun Hạ,phytoplankton,2021-03,M6,"Staurastrum prionotum A.M.Scott & Prescott, 1961",96.0,,Staurastrum prionotum,2647648.0,higherrank
AH_PL,Hồ Ayun Hạ,phytoplankton,2021-03,M7,"Staurastrum prionotum A.M.Scott & Prescott, 1961",50.0,,Staurastrum prionotum,2647648.0,higherrank
AH_PL,Hồ Ayun Hạ,phytoplankton,2021-03,M8,"Staurastrum prionotum A.M.Scott & Prescott, 1961",100.0,,Staurastrum prionotum,2647648.0,higherrank
AH_PL,Hồ Ayun Hạ,phytoplankton,2021-03,M9,"Staurastrum prionotum A.M.Scott & Prescott, 1961",136.0,,Staurastrum prionotum,2647648.0,higherrank
AH_PL,Hồ Ayun Hạ,phytoplankton,2021-03,M10,"Staurastrum prionotum A.M.Scott & Prescott, 1961",60.0,,Staurastrum prionotum,2647648.0,higherrank
AH_PL,Hồ Ayun Hạ,phytoplankton,2021-03,M1,"Staurastrum protectum West & G.S.West, 1908",-1.0,,Staurastrum protectum,2647840.0,exact
AH_PL,Hồ Ayun Hạ,phytoplankton,2021-03,M2,"Staurastrum protectum West & G.S.West, 1908",-1.0,,Staurastrum protectum,2647840.0,exact
AH_PL,Hồ Ayun Hạ,phytoplankton,2021-03,M1,Staurastrum sp.,308.0,,Staurastrum sp.,2647648.0,exact
AH_PL,Hồ Ayun Hạ,phytoplankton,2021-03,M2,Staurastrum sp.,400.0,,Staurastrum sp.,2647648.0,exact
AH_PL,Hồ Ayun Hạ,phytoplankton,2021-03,M3,Staurastrum sp.,420.0,,Staurastrum sp.,2647648.0,exact
AH_PL,Hồ Ayun Hạ,phytoplankton,2021-03,M4,Staurastrum sp.,216.0,,Staurastrum sp.,2647648.0,exact
AH_PL,Hồ Ayun Hạ,phytoplankton,2021-03,M5,Staurastrum sp.,60.0,,Staurastrum sp.,2647648.0,exact
AH_PL,Hồ Ayun Hạ,phytoplankton,2021-03,M6,Staurastrum sp.,64.0,,Staurastrum sp.,2647648.0,exact
AH_PL,Hồ Ayun Hạ,phytoplankton,2021-03,M7,Staurastrum sp.,36.0,,Staurastrum sp.,2647648.0,exact
AH_PL,Hồ Ayun Hạ,phytoplankton,2021-03,M8,Staurastrum sp.,48.0,,Staurastrum sp.,2647648.0,exact
AH_PL,Hồ Ayun Hạ,phytoplankton,2021-03,M9,Staurastrum sp.,96.0,,Staurastrum sp.,2647648.0,exact
AH_PL,Hồ Ayun Hạ,phytoplankton,2021-03,M10,Staurastrum sp.,28.0,,Staurastrum sp.,2647648.0,exact
AH_PL,Hồ Ayun Hạ,phytoplankton,2021-03,M1,"Staurastrum zonatum Børgesen, 1890",4.0,,Staurastrum zonatum,2647648.0,higherrank
AH_PL,Hồ Ayun Hạ,phytoplankton,2021-03,M8,"Staurastrum zonatum Børgesen, 1890",-1.0,,Staurastrum zonatum,2647648.0,higherrank
AH_PL,Hồ Ayun Hạ,phytoplankton,2021-03,M10,"Staurastrum zonatum Børgesen, 1890",-1.0,,Staurastrum zonatum,2647648.0,higherrank
AH_PL,Hồ Ayun Hạ,phytoplankton,2021-03,M2,Spirogyra sp.,-1.0,,Spirogyra sp.,2646845.0,exact
AH_PL,Hồ Ayun Hạ,phytoplankton,2021-03,M3,Spirogyra sp.,24.0,,Spirogyra sp.,2646845.0,exact
AH_PL,Hồ Ayun Hạ,phytoplankton,2021-03,M7,Spirogyra sp.,14.0,,Spirogyra sp.,2646845.0,exact
AH_PL,Hồ Ayun Hạ,phytoplankton,2021-03,M9,Spirogyra sp.,-1.0,,Spirogyra sp.,2646845.0,exact
AH_PL,Hồ Ayun Hạ,phytoplankton,2021-03,M5,"Trachelomonas hispida (Perty) F. Stein, 1926",-1.0,,Trachelomonas hispida,3209211.0,exact
AH_PL,Hồ Ayun Hạ,phytoplankton,2021-03,M1,Phacus sp.,-1.0,,Phacus sp.,6761067.0,exact
AH_PL,Hồ Ayun Hạ,phytoplankton,2021-03,M6,Phacus sp.,2.0,,Phacus sp.,6761067.0,exact
AH_PL,Hồ Ayun Hạ,phytoplankton,2021-03,M7,Phacus sp.,2.0,,Phacus sp.,6761067.0,exact
AH_PL,Hồ Ayun Hạ,phytoplankton,2021-03,M9,"Ceratium hirundinella (O.F.Müller) Dujardin, 1841",12.0,,Ceratium hirundinella,7598904.0,exact
AH_PL,Hồ Ayun Hạ,phytoplankton,2021-03,M10,"Ceratium hirundinella (O.F.Müller) Dujardin, 1841",6.0,,Ceratium hirundinella,7598904.0,exact
AH_PL,Hồ Ayun Hạ,phytoplankton,2021-03,M10,"Glenodinium borgei (Lemmermann) Schiller, 1937",4.0,,Glenodinium borgei,3207006.0,synonym
AH_PL,Hồ Ayun Hạ,phytoplankton,2021-03,M3,Peridinium sp.,2.0,,Peridinium sp.,7536081.0,exact
AH_PL,Hồ Ayun Hạ,phytoplankton,2021-03,M3,Peridinium sp1,-1.0,,Peridinium sp.1,7536081.0,exact
AH_PL,Hồ Ayun Hạ,phytoplankton,2021-03,M4,Peridinium sp1,4.0,,Peridinium sp.1,7536081.0,exact
AH_PL,Hồ Ayun Hạ,phytoplankton,2021-05,M1,"Microcystis aeruginosa (Kützing) Kützing, 1846",1835400.0,Tảo độc,Microcystis aeruginosa,11959609.0,exact
AH_PL,Hồ Ayun Hạ,phytoplankton,2021-05,M2,"Microcystis aeruginosa (Kützing) Kützing, 1846",3323500.0,Tảo độc,Microcystis aeruginosa,11959609.0,exact
AH_PL,Hồ Ayun Hạ,phytoplankton,2021-05,M3,"Microcystis aeruginosa (Kützing) Kützing, 1846",694600.0,Tảo độc,Microcystis aeruginosa,11959609.0,exact
AH_PL,Hồ Ayun Hạ,phytoplankton,2021-05,M4,"Microcystis aeruginosa (Kützing) Kützing, 1846",1000500.0,Tảo độc,Microcystis aeruginosa,11959609.0,exact
AH_PL,Hồ Ayun Hạ,phytoplankton,2021-05,M5,"Microcystis aeruginosa (Kützing) Kützing, 1846",1750300.0,Tảo độc,Microcystis aeruginosa,11959609.0,exact
AH_PL,Hồ Ayun Hạ,phytoplankton,2021-05,M6,"Microcystis aeruginosa (Kützing) Kützing, 1846",925750.0,Tảo độc,Microcystis aeruginosa,11959609.0,exact
AH_PL,Hồ Ayun Hạ,phytoplankton,2021-05,M7,"Microcystis aeruginosa (Kützing) Kützing, 1846",1666800.0,Tảo độc,Microcystis aeruginosa,11959609.0,exact
AH_PL,Hồ Ayun Hạ,phytoplankton,2021-05,M8,"Microcystis aeruginosa (Kützing) Kützing, 1846",1182200.0,Tảo độc,Microcystis aeruginosa,11959609.0,exact
AH_PL,Hồ Ayun Hạ,phytoplankton,2021-05,M9,"Microcystis aeruginosa (Kützing) Kützing, 1846",1473350.0,Tảo độc,Microcystis aeruginosa,11959609.0,exact
AH_PL,Hồ Ayun Hạ,phytoplankton,2021-05,M10,"Microcystis aeruginosa (Kützing) Kützing, 1846",1184800.0,Tảo độc,Microcystis aeruginosa,11959609.0,exact
AH_PL,Hồ Ayun Hạ,phytoplankton,2021-05,M1,"Microcystis wesenbergii (Komárek) Komárek ex Komárek, 2006",43900.0,Tảo độc,Microcystis wesenbergii,5426741.0,exact
AH_PL,Hồ Ayun Hạ,phytoplankton,2021-05,M2,"Microcystis wesenbergii (Komárek) Komárek ex Komárek, 2006",36900.0,Tảo độc,Microcystis wesenbergii,5426741.0,exact
AH_PL,Hồ Ayun Hạ,phytoplankton,2021-05,M3,"Microcystis wesenbergii (Komárek) Komárek ex Komárek, 2006",32700.0,Tảo độc,Microcystis wesenbergii,5426741.0,exact
AH_PL,Hồ Ayun Hạ,phytoplankton,2021-05,M4,"Microcystis wesenbergii (Komárek) Komárek ex Komárek, 2006",8400.0,Tảo độc,Microcystis wesenbergii,5426741.0,exact
AH_PL,Hồ Ayun Hạ,phytoplankton,2021-05,M5,"Microcystis wesenbergii (Komárek) Komárek ex Komárek, 2006",22200.0,Tảo độc,Microcystis wesenbergii,5426741.0,exact
AH_PL,Hồ Ayun Hạ,phytoplankton,2021-05,M6,"Microcystis wesenbergii (Komárek) Komárek ex Komárek, 2006",8050.0,Tảo độc,Microcystis wesenbergii,5426741.0,exact
AH_PL,Hồ Ayun Hạ,phytoplankton,2021-05,M7,"Microcystis wesenbergii (Komárek) Komárek ex Komárek, 2006",4750.0,Tảo độc,Microcystis wesenbergii,5426741.0,exact
AH_PL,Hồ Ayun Hạ,phytoplankton,2021-05,M8,"Microcystis wesenbergii (Komárek) Komárek ex Komárek, 2006",6450.0,Tảo độc,Microcystis wesenbergii,5426741.0,exact
AH_PL,Hồ Ayun Hạ,phytoplankton,2021-05,M9,"Microcystis wesenbergii (Komárek) Komárek ex Komárek, 2006",2600.0,Tảo độc,Microcystis wesenbergii,5426741.0,exact
AH_PL,Hồ Ayun Hạ,phytoplankton,2021-05,M10,"Microcystis wesenbergii (Komárek) Komárek ex Komárek, 2006",3300.0,Tảo độc,Microcystis wesenbergii,5426741.0,exact
AH_PL,Hồ Ayun Hạ,phytoplankton,2021-05,M1,"Oscillatoria princeps Vaucher ex Gomont, 1892",100.0,Tảo gây hại,Oscillatoria princeps,3218836.0,exact
AH_PL,Hồ Ayun Hạ,phytoplankton,2021-05,M2,"Oscillatoria princeps Vaucher ex Gomont, 1892",600.0,Tảo gây hại,Oscillatoria princeps,3218836.0,exact
AH_PL,Hồ Ayun Hạ,phytoplankton,2021-05,M3,"Oscillatoria princeps Vaucher ex Gomont, 1892",100.0,Tảo gây hại,Oscillatoria princeps,3218836.0,exact
AH_PL,Hồ Ayun Hạ,phytoplankton,2021-05,M4,"Oscillatoria princeps Vaucher ex Gomont, 1892",500.0,Tảo gây hại,Oscillatoria princeps,3218836.0,exact
AH_PL,Hồ Ayun Hạ,phytoplankton,2021-05,M5,"Oscillatoria princeps Vaucher ex Gomont, 1892",50.0,Tảo gây hại,Oscillatoria princeps,3218836.0,exact
AH_PL,Hồ Ayun Hạ,phytoplankton,2021-05,M6,"Oscillatoria princeps Vaucher ex Gomont, 1892",200.0,Tảo gây hại,Oscillatoria princeps,3218836.0,exact
AH_PL,Hồ Ayun Hạ,phytoplankton,2021-05,M7,"Oscillatoria princeps Vaucher ex Gomont, 1892",200.0,Tảo gây hại,Oscillatoria princeps,3218836.0,exact
AH_PL,Hồ Ayun Hạ,phytoplankton,2021-05,M8,"Oscillatoria princeps Vaucher ex Gomont, 1892",1200.0,Tảo gây hại,Oscillatoria princeps,3218836.0,exact
AH_PL,Hồ Ayun Hạ,phytoplankton,2021-05,M9,"Oscillatoria princeps Vaucher ex Gomont, 1892",50.0,Tảo gây hại,Oscillatoria princeps,3218836.0,exact
AH_PL,Hồ Ayun Hạ,phytoplankton,2021-05,M10,"Oscillatoria princeps Vaucher ex Gomont, 1892",200.0,Tảo gây hại,Oscillatoria princeps,3218836.0,exact
AH_PL,Hồ Ayun Hạ,phytoplankton,2021-05,M1,Oscillatoria sp.,27600.0,Tảo gây hại,Oscillatoria sp.,7679569.0,exact
AH_PL,Hồ Ayun Hạ,phytoplankton,2021-05,M2,Oscillatoria sp.,46000.0,Tảo gây hại,Oscillatoria sp.,7679569.0,exact
AH_PL,Hồ Ayun Hạ,phytoplankton,2021-05,M3,Oscillatoria sp.,36800.0,Tảo gây hại,Oscillatoria sp.,7679569.0,exact
AH_PL,Hồ Ayun Hạ,phytoplankton,2021-05,M4,Oscillatoria sp.,32200.0,Tảo gây hại,Oscillatoria sp.,7679569.0,exact
AH_PL,Hồ Ayun Hạ,phytoplankton,2021-05,M5,Oscillatoria sp.,48300.0,Tảo gây hại,Oscillatoria sp.,7679569.0,exact
AH_PL,Hồ Ayun Hạ,phytoplankton,2021-05,M6,Oscillatoria sp.,10350.0,Tảo gây hại,Oscillatoria sp.,7679569.0,exact
AH_PL,Hồ Ayun Hạ,phytoplankton,2021-05,M7,Oscillatoria sp.,4050.0,Tảo gây hại,Oscillatoria sp.,7679569.0,exact
AH_PL,Hồ Ayun Hạ,phytoplankton,2021-05,M8,Oscillatoria sp.,12800.0,Tảo gây hại,Oscillatoria sp.,7679569.0,exact
AH_PL,Hồ Ayun Hạ,phytoplankton,2021-05,M9,Oscillatoria sp.,900.0,Tảo gây hại,Oscillatoria sp.,7679569.0,exact
AH_PL,Hồ Ayun Hạ,phytoplankton,2021-05,M10,Oscillatoria sp.,1800.0,Tảo gây hại,Oscillatoria sp.,7679569.0,exact
AH_PL,Hồ Ayun Hạ,phytoplankton,2021-05,M1,"Anabaena spiroides Klebahn, 1895",56480.0,Tảo độc,Anabaena spiroides,5427219.0,synonym
AH_PL,Hồ Ayun Hạ,phytoplankton,2021-05,M2,"Anabaena spiroides Klebahn, 1895",50420.0,Tảo độc,Anabaena spiroides,5427219.0,synonym
AH_PL,Hồ Ayun Hạ,phytoplankton,2021-05,M3,"Anabaena spiroides Klebahn, 1895",57520.0,Tảo độc,Anabaena spiroides,5427219.0,synonym
AH_PL,Hồ Ayun Hạ,phytoplankton,2021-05,M4,"Anabaena spiroides Klebahn, 1895",11950.0,Tảo độc,Anabaena spiroides,5427219.0,synonym
AH_PL,Hồ Ayun Hạ,phytoplankton,2021-05,M5,"Anabaena spiroides Klebahn, 1895",19960.0,Tảo độc,Anabaena spiroides,5427219.0,synonym
AH_PL,Hồ Ayun Hạ,phytoplankton,2021-05,M6,"Anabaena spiroides Klebahn, 1895",7650.0,Tảo độc,Anabaena spiroides,5427219.0,synonym
AH_PL,Hồ Ayun Hạ,phytoplankton,2021-05,M7,"Anabaena spiroides Klebahn, 1895",8325.0,Tảo độc,Anabaena spiroides,5427219.0,synonym
AH_PL,Hồ Ayun Hạ,phytoplankton,2021-05,M8,"Anabaena spiroides Klebahn, 1895",6800.0,Tảo độc,Anabaena spiroides,5427219.0,synonym
AH_PL,Hồ Ayun Hạ,phytoplankton,2021-05,M9,"Anabaena spiroides Klebahn, 1895",7200.0,Tảo độc,Anabaena spiroides,5427219.0,synonym
AH_PL,Hồ Ayun Hạ,phytoplankton,2021-05,M10,"Anabaena spiroides Klebahn, 1895",6750.0,Tảo độc,Anabaena spiroides,5427219.0,synonym
AH_PL,Hồ Ayun Hạ,phytoplankton,2021-05,M7,"Merismopedia glauca (Ehrenberg) Kützing, 1845",24.0,,Merismopedia glauca,3217188.0,exact
AH_PL,Hồ Ayun Hạ,phytoplankton,2021-05,M1,"Pseudanabaena mucicola (Naumann & Huber-Pestalozzi) Schwabe, 1964",6900.0,Tảo độc,Pseudanabaena mucicola,3218049.0,exact
AH_PL,Hồ Ayun Hạ,phytoplankton,2021-05,M2,"Pseudanabaena mucicola (Naumann & Huber-Pestalozzi) Schwabe, 1964",6900.0,Tảo độc,Pseudanabaena mucicola,3218049.0,exact
AH_PL,Hồ Ayun Hạ,phytoplankton,2021-05,M3,"Pseudanabaena mucicola (Naumann & Huber-Pestalozzi) Schwabe, 1964",11500.0,Tảo độc,Pseudanabaena mucicola,3218049.0,exact
AH_PL,Hồ Ayun Hạ,phytoplankton,2021-05,M4,"Pseudanabaena mucicola (Naumann & Huber-Pestalozzi) Schwabe, 1964",4600.0,Tảo độc,Pseudanabaena mucicola,3218049.0,exact
AH_PL,Hồ Ayun Hạ,phytoplankton,2021-05,M5,"Pseudanabaena mucicola (Naumann & Huber-Pestalozzi) Schwabe, 1964",9200.0,Tảo độc,Pseudanabaena mucicola,3218049.0,exact
AH_PL,Hồ Ayun Hạ,phytoplankton,2021-05,M6,"Pseudanabaena mucicola (Naumann & Huber-Pestalozzi) Schwabe, 1964",900.0,Tảo độc,Pseudanabaena mucicola,3218049.0,exact
AH_PL,Hồ Ayun Hạ,phytoplankton,2021-05,M8,"Pseudanabaena mucicola (Naumann & Huber-Pestalozzi) Schwabe, 1964",750.0,Tảo độc,Pseudanabaena mucicola,3218049.0,exact
AH_PL,Hồ Ayun Hạ,phytoplankton,2021-05,M9,"Dinobryon sertularia Ehrenberg, 1834",7.0,,Dinobryon sertularia,3194959.0,exact
AH_PL,Hồ Ayun Hạ,phytoplankton,2021-05,M10,"Dinobryon sertularia Ehrenberg, 1834",10.0,,Dinobryon sertularia,3194959.0,exact
AH_PL,Hồ Ayun Hạ,phytoplankton,2021-05,M7,"Cymbella tumida (Brébisson) Van Heurck, 1880",4.0,,Cymbella tumida,9556824.0,exact
AH_PL,Hồ Ayun Hạ,phytoplankton,2021-05,M9,"Gomphonema augur Ehrenberg, 1841",1.0,,Gomphonema augur,8170732.0,exact
AH_PL,Hồ Ayun Hạ,phytoplankton,2021-05,M7,"Gomphonema gracile Ehrenberg, 1838",6.0,,Gomphonema gracile,7693012.0,exact
AH_PL,Hồ Ayun Hạ,phytoplankton,2021-05,M8,"Gomphonema gracile Ehrenberg, 1838",1.0,,Gomphonema gracile,7693012.0,exact
AH_PL,Hồ Ayun Hạ,phytoplankton,2021-05,M1,"Synedra acus Kützing, 1844",96.0,,Synedra acus,9471011.0,exact
AH_PL,Hồ Ayun Hạ,phytoplankton,2021-05,M2,"Synedra acus Kützing, 1844",54.0,,Synedra acus,9471011.0,exact
AH_PL,Hồ Ayun Hạ,phytoplankton,2021-05,M3,"Synedra acus Kützing, 1844",44.0,,Synedra acus,9471011.0,exact
AH_PL,Hồ Ayun Hạ,phytoplankton,2021-05,M4,"Synedra acus Kützing, 1844",32.0,,Synedra acus,9471011.0,exact
AH_PL,Hồ Ayun Hạ,phytoplankton,2021-05,M5,"Synedra acus Kützing, 1844",63.0,,Synedra acus,9471011.0,exact
AH_PL,Hồ Ayun Hạ,phytoplankton,2021-05,M6,"Synedra acus Kützing, 1844",14.0,,Synedra acus,9471011.0,exact
AH_PL,Hồ Ayun Hạ,phytoplankton,2021-05,M7,"Synedra acus Kützing, 1844",53.0,,Synedra acus,9471011.0,exact
AH_PL,Hồ Ayun Hạ,phytoplankton,2021-05,M8,"Synedra acus Kützing, 1844",21.0,,Synedra acus,9471011.0,exact
AH_PL,Hồ Ayun Hạ,phytoplankton,2021-05,M9,"Synedra acus Kützing, 1844",13.0,,Synedra acus,9471011.0,exact
AH_PL,Hồ Ayun Hạ,phytoplankton,2021-05,M10,"Synedra acus Kützing, 1844",55.0,,Synedra acus,9471011.0,exact
AH_PL,Hồ Ayun Hạ,phytoplankton,2021-05,M1,"Synedra ulna (Nitzsch) Ehrenberg, 1832",4.0,,Synedra ulna,3192457.0,exact
AH_PL,Hồ Ayun Hạ,phytoplankton,2021-05,M2,"Synedra ulna (Nitzsch) Ehrenberg, 1832",3.0,,Synedra ulna,3192457.0,exact
AH_PL,Hồ Ayun Hạ,phytoplankton,2021-05,M3,"Synedra ulna (Nitzsch) Ehrenberg, 1832",7.0,,Synedra ulna,3192457.0,exact
AH_PL,Hồ Ayun Hạ,phytoplankton,2021-05,M4,"Synedra ulna (Nitzsch) Ehrenberg, 1832",1.0,,Synedra ulna,3192457.0,exact
AH_PL,Hồ Ayun Hạ,phytoplankton,2021-05,M5,"Synedra ulna (Nitzsch) Ehrenberg, 1832",-1.0,,Synedra ulna,3192457.0,exact
AH_PL,Hồ Ayun Hạ,phytoplankton,2021-05,M6,"Synedra ulna (Nitzsch) Ehrenberg, 1832",3.0,,Synedra ulna,3192457.0,exact
AH_PL,Hồ Ayun Hạ,phytoplankton,2021-05,M7,"Synedra ulna (Nitzsch) Ehrenberg, 1832",-1.0,,Synedra ulna,3192457.0,exact
AH_PL,Hồ Ayun Hạ,phytoplankton,2021-05,M8,"Synedra ulna (Nitzsch) Ehrenberg, 1832",5.0,,Synedra ulna,3192457.0,exact
AH_PL,Hồ Ayun Hạ,phytoplankton,2021-05,M9,"Synedra ulna (Nitzsch) Ehrenberg, 1832",72.0,,Synedra ulna,3192457.0,exact
AH_PL,Hồ Ayun Hạ,phytoplankton,2021-05,M10,"Synedra ulna (Nitzsch) Ehrenberg, 1832",-1.0,,Synedra ulna,3192457.0,exact
AH_PL,Hồ Ayun Hạ,phytoplankton,2021-05,M6,"Gyrosigma acuminatum (Kützing) Rabenhorst, 1853",1.0,,Gyrosigma acuminatum,7369131.0,exact
AH_PL,Hồ Ayun Hạ,phytoplankton,2021-05,M7,"Gyrosigma acuminatum (Kützing) Rabenhorst, 1853",1.0,,Gyrosigma acuminatum,7369131.0,exact
AH_PL,Hồ Ayun Hạ,phytoplankton,2021-05,M10,"Gyrosigma acuminatum (Kützing) Rabenhorst, 1853",2.0,,Gyrosigma acuminatum,7369131.0,exact
AH_PL,Hồ Ayun Hạ,phytoplankton,2021-05,M7,Pinnularia sp.,3.0,,Pinnularia sp.,,none
AH_PL,Hồ Ayun Hạ,phytoplankton,2021-05,M8,"Surirella elegans Ehrenberg, 1843",3.0,,Surirella elegans,2632004.0,exact
AH_PL,Hồ Ayun Hạ,phytoplankton,2021-05,M10,"Surirella elegans Ehrenberg, 1843",1.0,,Surirella elegans,2632004.0,exact
AH_PL,Hồ Ayun Hạ,phytoplankton,2021-05,M3,"Surirella robusta Ehrenberg, 1841",2.0,,Surirella robusta,7843496.0,exact
AH_PL,Hồ Ayun Hạ,phytoplankton,2021-05,M5,"Surirella robusta Ehrenberg, 1841",3.0,,Surirella robusta,7843496.0,exact
AH_PL,Hồ Ayun Hạ,phytoplankton,2021-05,M6,"Surirella robusta Ehrenberg, 1841",14.0,,Surirella robusta,7843496.0,exact
AH_PL,Hồ Ayun Hạ,phytoplankton,2021-05,M7,"Surirella robusta Ehrenberg, 1841",11.0,,Surirella robusta,7843496.0,exact
AH_PL,Hồ Ayun Hạ,phytoplankton,2021-05,M9,"Surirella robusta Ehrenberg, 1841",2.0,,Surirella robusta,7843496.0,exact
AH_PL,Hồ Ayun Hạ,phytoplankton,2021-05,M10,"Surirella robusta Ehrenberg, 1841",8.0,,Surirella robusta,7843496.0,exact
AH_PL,Hồ Ayun Hạ,phytoplankton,2021-05,M1,"Melosira granulata (Ehrenberg) Ralfs, 1861",24615.0,,Melosira granulata,9501075.0,exact
AH_PL,Hồ Ayun Hạ,phytoplankton,2021-05,M2,"Melosira granulata (Ehrenberg) Ralfs, 1861",41630.0,,Melosira granulata,9501075.0,exact
AH_PL,Hồ Ayun Hạ,phytoplankton,2021-05,M3,"Melosira granulata (Ehrenberg) Ralfs, 1861",29946.0,,Melosira granulata,9501075.0,exact
AH_PL,Hồ Ayun Hạ,phytoplankton,2021-05,M4,"Melosira granulata (Ehrenberg) Ralfs, 1861",33840.0,,Melosira granulata,9501075.0,exact
AH_PL,Hồ Ayun Hạ,phytoplankton,2021-05,M5,"Melosira granulata (Ehrenberg) Ralfs, 1861",68432.0,,Melosira granulata,9501075.0,exact
AH_PL,Hồ Ayun Hạ,phytoplankton,2021-05,M6,"Melosira granulata (Ehrenberg) Ralfs, 1861",24132.0,,Melosira granulata,9501075.0,exact
AH_PL,Hồ Ayun Hạ,phytoplankton,2021-05,M7,"Melosira granulata (Ehrenberg) Ralfs, 1861",29805.0,,Melosira granulata,9501075.0,exact
AH_PL,Hồ Ayun Hạ,phytoplankton,2021-05,M8,"Melosira granulata (Ehrenberg) Ralfs, 1861",30585.0,,Melosira granulata,9501075.0,exact
AH_PL,Hồ Ayun Hạ,phytoplankton,2021-05,M9,"Melosira granulata (Ehrenberg) Ralfs, 1861",23385.0,,Melosira granulata,9501075.0,exact
AH_PL,Hồ Ayun Hạ,phytoplankton,2021-05,M10,"Melosira granulata (Ehrenberg) Ralfs, 1861",22715.0,,Melosira granulata,9501075.0,exact
AH_PL,Hồ Ayun Hạ,phytoplankton,2021-05,M1,"Sphaerocystis schroeteri Chodat, 1897",20824.0,,Sphaerocystis schroeteri,5271438.0,exact
AH_PL,Hồ Ayun Hạ,phytoplankton,2021-05,M2,"Sphaerocystis schroeteri Chodat, 1897",24072.0,,Sphaerocystis schroeteri,5271438.0,exact
AH_PL,Hồ Ayun Hạ,phytoplankton,2021-05,M3,"Sphaerocystis schroeteri Chodat, 1897",21544.0,,Sphaerocystis schroeteri,5271438.0,exact
AH_PL,Hồ Ayun Hạ,phytoplankton,2021-05,M4,"Sphaerocystis schroeteri Chodat, 1897",6012.0,,Sphaerocystis schroeteri,5271438.0,exact
AH_PL,Hồ Ayun Hạ,phytoplankton,2021-05,M5,"Sphaerocystis schroeteri Chodat, 1897",24008.0,,Sphaerocystis schroeteri,5271438.0,exact
AH_PL,Hồ Ayun Hạ,phytoplankton,2021-05,M6,"Sphaerocystis schroeteri Chodat, 1897",3260.0,,Sphaerocystis schroeteri,5271438.0,exact
AH_PL,Hồ Ayun Hạ,phytoplankton,2021-05,M7,"Sphaerocystis schroeteri Chodat, 1897",2256.0,,Sphaerocystis schroeteri,5271438.0,exact
AH_PL,Hồ Ayun Hạ,phytoplankton,2021-05,M8,"Sphaerocystis schroeteri Chodat, 1897",6980.0,,Sphaerocystis schroeteri,5271438.0,exact
AH_PL,Hồ Ayun Hạ,phytoplankton,2021-05,M9,"Sphaerocystis schroeteri Chodat, 1897",956.0,,Sphaerocystis schroeteri,5271438.0,exact
AH_PL,Hồ Ayun Hạ,phytoplankton,2021-05,M10,"Sphaerocystis schroeteri Chodat, 1897",168.0,,Sphaerocystis schroeteri,5271438.0,exact
AH_PL,Hồ Ayun Hạ,phytoplankton,2021-05,M1,"Eudorina elegans Ehrenberg, 1832",960.0,,Eudorina elegans,5271384.0,exact
AH_PL,Hồ Ayun Hạ,phytoplankton,2021-05,M2,"Eudorina elegans Ehrenberg, 1832",2816.0,,Eudorina elegans,5271384.0,exact
AH_PL,Hồ Ayun Hạ,phytoplankton,2021-05,M3,"Eudorina elegans Ehrenberg, 1832",1760.0,,Eudorina elegans,5271384.0,exact
AH_PL,Hồ Ayun Hạ,phytoplankton,2021-05,M4,"Eudorina elegans Ehrenberg, 1832",2640.0,,Eudorina elegans,5271384.0,exact
AH_PL,Hồ Ayun Hạ,phytoplankton,2021-05,M5,"Eudorina elegans Ehrenberg, 1832",18400.0,,Eudorina elegans,5271384.0,exact
AH_PL,Hồ Ayun Hạ,phytoplankton,2021-05,M6,"Eudorina elegans Ehrenberg, 1832",5152.0,,Eudorina elegans,5271384.0,exact
AH_PL,Hồ Ayun Hạ,phytoplankton,2021-05,M7,"Eudorina elegans Ehrenberg, 1832",3680.0,,Eudorina elegans,5271384.0,exact
AH_PL,Hồ Ayun Hạ,phytoplankton,2021-05,M8,"Eudorina elegans Ehrenberg, 1832",1120.0,,Eudorina elegans,5271384.0,exact
AH_PL,Hồ Ayun Hạ,phytoplankton,2021-05,M9,"Eudorina elegans Ehrenberg, 1832",720.0,,Eudorina elegans,5271384.0,exact
AH_PL,Hồ Ayun Hạ,phytoplankton,2021-05,M10,"Eudorina elegans Ehrenberg, 1832",80.0,,Eudorina elegans,5271384.0,exact
AH_PL,Hồ Ayun Hạ,phytoplankton,2021-05,M3,"Pandorina morum (O.F.Müller) Bory, 1826",8.0,,Pandorina morum,5271376.0,exact
AH_PL,Hồ Ayun Hạ,phytoplankton,2021-05,M6,"Pandorina morum (O.F.Müller) Bory, 1826",28.0,,Pandorina morum,5271376.0,exact
AH_PL,Hồ Ayun Hạ,phytoplankton,2021-05,M7,"Pandorina morum (O.F.Müller) Bory, 1826",4.0,,Pandorina morum,5271376.0,exact
AH_PL,Hồ Ayun Hạ,phytoplankton,2021-05,M9,"Pandorina morum (O.F.Müller) Bory, 1826",4.0,,Pandorina morum,5271376.0,exact
AH_PL,Hồ Ayun Hạ,phytoplankton,2021-05,M10,"Pandorina morum (O.F.Müller) Bory, 1826",4.0,,Pandorina morum,5271376.0,exact
AH_PL,Hồ Ayun Hạ,phytoplankton,2021-05,M1,"Pediastrum duplex Meyen, 1829",1792.0,,Pediastrum duplex,2641920.0,exact
AH_PL,Hồ Ayun Hạ,phytoplankton,2021-05,M2,"Pediastrum duplex Meyen, 1829",2000.0,,Pediastrum duplex,2641920.0,exact
AH_PL,Hồ Ayun Hạ,phytoplankton,2021-05,M3,"Pediastrum duplex Meyen, 1829",1120.0,,Pediastrum duplex,2641920.0,exact
AH_PL,Hồ Ayun Hạ,phytoplankton,2021-05,M4,"Pediastrum duplex Meyen, 1829",184.0,,Pediastrum duplex,2641920.0,exact
AH_PL,Hồ Ayun Hạ,phytoplankton,2021-05,M5,"Pediastrum duplex Meyen, 1829",-1.0,,Pediastrum duplex,2641920.0,exact
AH_PL,Hồ Ayun Hạ,phytoplankton,2021-05,M6,"Pediastrum duplex Meyen, 1829",896.0,,Pediastrum duplex,2641920.0,exact
AH_PL,Hồ Ayun Hạ,phytoplankton,2021-05,M8,"Pediastrum duplex Meyen, 1829",296.0,,Pediastrum duplex,2641920.0,exact
AH_PL,Hồ Ayun Hạ,phytoplankton,2021-05,M9,"Pediastrum duplex Meyen, 1829",208.0,,Pediastrum duplex,2641920.0,exact
AH_PL,Hồ Ayun Hạ,phytoplankton,2021-05,M10,"Pediastrum duplex Meyen, 1829",796.0,,Pediastrum duplex,2641920.0,exact
AH_PL,Hồ Ayun Hạ,phytoplankton,2021-05,M1,"Pediastrum simplex Meyen, 1829",1600.0,,Pediastrum simplex,2641899.0,synonym
AH_PL,Hồ Ayun Hạ,phytoplankton,2021-05,M2,"Pediastrum simplex Meyen, 1829",5232.0,,Pediastrum simplex,2641899.0,synonym
AH_PL,Hồ Ayun Hạ,phytoplankton,2021-05,M3,"Pediastrum simplex Meyen, 1829",2176.0,,Pediastrum simplex,2641899.0,synonym
AH_PL,Hồ Ayun Hạ,phytoplankton,2021-05,M4,"Pediastrum simplex Meyen, 1829",2792.0,,Pediastrum simplex,2641899.0,synonym
AH_PL,Hồ Ayun Hạ,phytoplankton,2021-05,M5,"Pediastrum simplex Meyen, 1829",13248.0,,Pediastrum simplex,2641899.0,synonym
AH_PL,Hồ Ayun Hạ,phytoplankton,2021-05,M6,"Pediastrum simplex Meyen, 1829",2408.0,,Pediastrum simplex,2641899.0,synonym
AH_PL,Hồ Ayun Hạ,phytoplankton,2021-05,M7,"Pediastrum simplex Meyen, 1829",3128.0,,Pediastrum simplex,2641899.0,synonym
AH_PL,Hồ Ayun Hạ,phytoplankton,2021-05,M8,"Pediastrum simplex Meyen, 1829",1016.0,,Pediastrum simplex,2641899.0,synonym
AH_PL,Hồ Ayun Hạ,phytoplankton,2021-05,M9,"Pediastrum simplex Meyen, 1829",616.0,,Pediastrum simplex,2641899.0,synonym
AH_PL,Hồ Ayun Hạ,phytoplankton,2021-05,M10,"Pediastrum simplex Meyen, 1829",-1.0,,Pediastrum simplex,2641899.0,synonym
AH_PL,Hồ Ayun Hạ,phytoplankton,2021-05,M1,"Pediastrum tetras (Ehrenberg) Ralfs, 1844",176.0,,Pediastrum tetras,2641911.0,synonym
AH_PL,Hồ Ayun Hạ,phytoplankton,2021-05,M2,"Pediastrum tetras (Ehrenberg) Ralfs, 1844",176.0,,Pediastrum tetras,2641911.0,synonym
AH_PL,Hồ Ayun Hạ,phytoplankton,2021-05,M3,"Pediastrum tetras (Ehrenberg) Ralfs, 1844",80.0,,Pediastrum tetras,2641911.0,synonym
AH_PL,Hồ Ayun Hạ,phytoplankton,2021-05,M4,"Pediastrum tetras (Ehrenberg) Ralfs, 1844",20.0,,Pediastrum tetras,2641911.0,synonym
AH_PL,Hồ Ayun Hạ,phytoplankton,2021-05,M6,"Pediastrum tetras (Ehrenberg) Ralfs, 1844",28.0,,Pediastrum tetras,2641911.0,synonym
AH_PL,Hồ Ayun Hạ,phytoplankton,2021-05,M8,"Pediastrum tetras (Ehrenberg) Ralfs, 1844",20.0,,Pediastrum tetras,2641911.0,synonym
AH_PL,Hồ Ayun Hạ,phytoplankton,2021-05,M9,"Pediastrum tetras (Ehrenberg) Ralfs, 1844",4.0,,Pediastrum tetras,2641911.0,synonym
AH_PL,Hồ Ayun Hạ,phytoplankton,2021-05,M10,"Pediastrum tetras (Ehrenberg) Ralfs, 1844",40.0,,Pediastrum tetras,2641911.0,synonym
AH_PL,Hồ Ayun Hạ,phytoplankton,2021-05,M1,"Tetraedron gracile (Reinsch) Hansgirg, 1889",5.0,,Tetraedron gracile,10535837.0,exact
AH_PL,Hồ Ayun Hạ,phytoplankton,2021-05,M2,"Tetraedron gracile (Reinsch) Hansgirg, 1889",2.0,,Tetraedron gracile,10535837.0,exact
AH_PL,Hồ Ayun Hạ,phytoplankton,2021-05,M3,"Tetraedron gracile (Reinsch) Hansgirg, 1889",-1.0,,Tetraedron gracile,10535837.0,exact
AH_PL,Hồ Ayun Hạ,phytoplankton,2021-05,M4,"Tetraedron gracile (Reinsch) Hansgirg, 1889",6.0,,Tetraedron gracile,10535837.0,exact
AH_PL,Hồ Ayun Hạ,phytoplankton,2021-05,M5,"Tetraedron gracile (Reinsch) Hansgirg, 1889",8.0,,Tetraedron gracile,10535837.0,exact
AH_PL,Hồ Ayun Hạ,phytoplankton,2021-05,M6,"Tetraedron gracile (Reinsch) Hansgirg, 1889",3.0,,Tetraedron gracile,10535837.0,exact
AH_PL,Hồ Ayun Hạ,phytoplankton,2021-05,M7,"Tetraedron gracile (Reinsch) Hansgirg, 1889",3.0,,Tetraedron gracile,10535837.0,exact
AH_PL,Hồ Ayun Hạ,phytoplankton,2021-05,M8,"Tetraedron gracile (Reinsch) Hansgirg, 1889",1.0,,Tetraedron gracile,10535837.0,exact
AH_PL,Hồ Ayun Hạ,phytoplankton,2021-05,M9,"Tetraedron gracile (Reinsch) Hansgirg, 1889",1.0,,Tetraedron gracile,10535837.0,exact
AH_PL,Hồ Ayun Hạ,phytoplankton,2021-05,M5,"Tetraëdron incus (Teiling) G.M.Smith, 1926",1.0,,Tetraedron incus,2642397.0,synonym
AH_PL,Hồ Ayun Hạ,phytoplankton,2021-05,M6,"Tetraëdron incus (Teiling) G.M.Smith, 1926",1.0,,Tetraedron incus,2642397.0,synonym
AH_PL,Hồ Ayun Hạ,phytoplankton,2021-05,M4,"Tetraëdron regulare Kützing, 1845",-1.0,,Tetraedron regulare,10604751.0,exact
AH_PL,Hồ Ayun Hạ,phytoplankton,2021-05,M5,"Tetraëdron regulare Kützing, 1845",7.0,,Tetraedron regulare,10604751.0,exact
AH_PL,Hồ Ayun Hạ,phytoplankton,2021-05,M7,"Tetraëdron regulare Kützing, 1845",7.0,,Tetraedron regulare,10604751.0,exact
AH_PL,Hồ Ayun Hạ,phytoplankton,2021-05,M9,"Tetraëdron regulare Kützing, 1845",2.0,,Tetraedron regulare,10604751.0,exact
AH_PL,Hồ Ayun Hạ,phytoplankton,2021-05,M10,"Tetraëdron regulare Kützing, 1845",3.0,,Tetraedron regulare,10604751.0,exact
AH_PL,Hồ Ayun Hạ,phytoplankton,2021-05,M1,Tetraedron trigonum (Nägeli) Hansgirg,1.0,,Tetraedron trigonum,2642391.0,exact
AH_PL,Hồ Ayun Hạ,phytoplankton,2021-05,M6,Tetraedron trigonum (Nägeli) Hansgirg,1.0,,Tetraedron trigonum,2642391.0,exact
AH_PL,Hồ Ayun Hạ,phytoplankton,2021-05,M10,Tetraedron trigonum (Nägeli) Hansgirg,1.0,,Tetraedron trigonum,2642391.0,exact
AH_PL,Hồ Ayun Hạ,phytoplankton,2021-05,M3,"Coelastrum cambricum W.Archer, 1868",24.0,,Coelastrum cambricum,2640987.0,exact
AH_PL,Hồ Ayun Hạ,phytoplankton,2021-05,M10,"Coelastrum cambricum W.Archer, 1868",12.0,,Coelastrum cambricum,2640987.0,exact
AH_PL,Hồ Ayun Hạ,phytoplankton,2021-05,M1,"Coelastrum microsporum Nägeli, 1849",1060.0,,Coelastrum microsporum,2640979.0,fuzzy
AH_PL,Hồ Ayun Hạ,phytoplankton,2021-05,M2,"Coelastrum microsporum Nägeli, 1849",1056.0,,Coelastrum microsporum,2640979.0,fuzzy
AH_PL,Hồ Ayun Hạ,phytoplankton,2021-05,M3,"Coelastrum microsporum Nägeli, 1849",792.0,,Coelastrum microsporum,2640979.0,fuzzy
AH_PL,Hồ Ayun Hạ,phytoplankton,2021-05,M4,"Coelastrum microsporum Nägeli, 1849",800.0,,Coelastrum microsporum,2640979.0,fuzzy
AH_PL,Hồ Ayun Hạ,phytoplankton,2021-05,M5,"Coelastrum microsporum Nägeli, 1849",1376.0,,Coelastrum microsporum,2640979.0,fuzzy
AH_PL,Hồ Ayun Hạ,phytoplankton,2021-05,M6,"Coelastrum microsporum Nägeli, 1849",576.0,,Coelastrum microsporum,2640979.0,fuzzy
AH_PL,Hồ Ayun Hạ,phytoplankton,2021-05,M7,"Coelastrum microsporum Nägeli, 1849",2224.0,,Coelastrum microsporum,2640979.0,fuzzy
AH_PL,Hồ Ayun Hạ,phytoplankton,2021-05,M8,"Coelastrum microsporum Nägeli, 1849",200.0,,Coelastrum microsporum,2640979.0,fuzzy
AH_PL,Hồ Ayun Hạ,phytoplankton,2021-05,M9,"Coelastrum microsporum Nägeli, 1849",88.0,,Coelastrum microsporum,2640979.0,fuzzy
AH_PL,Hồ Ayun Hạ,phytoplankton,2021-05,M10,"Coelastrum microsporum Nägeli, 1849",144.0,,Coelastrum microsporum,2640979.0,fuzzy
AH_PL,Hồ Ayun Hạ,phytoplankton,2021-05,M3,"Dimorphococcus lunatus A.Braun, 1855",24.0,,Dimorphococcus lunatus,2642013.0,exact
AH_PL,Hồ Ayun Hạ,phytoplankton,2021-05,M2,"Scenedesmus acuminatus (Lagerheim) Chodat, 1902",8.0,,Scenedesmus acuminatus,2640873.0,synonym
AH_PL,Hồ Ayun Hạ,phytoplankton,2021-05,M5,"Scenedesmus acuminatus (Lagerheim) Chodat, 1902",56.0,,Scenedesmus acuminatus,2640873.0,synonym
AH_PL,Hồ Ayun Hạ,phytoplankton,2021-05,M6,"Scenedesmus acuminatus (Lagerheim) Chodat, 1902",4.0,,Scenedesmus acuminatus,2640873.0,synonym
AH_PL,Hồ Ayun Hạ,phytoplankton,2021-05,M10,"Scenedesmus acuminatus (Lagerheim) Chodat, 1902",20.0,,Scenedesmus acuminatus,2640873.0,synonym
AH_PL,Hồ Ayun Hạ,phytoplankton,2021-05,M9,"Scenedesmus arcuatus (Lemmermann) Lemmermann, 1899",40.0,,Scenedesmus arcuatus,2640846.0,synonym
AH_PL,Hồ Ayun Hạ,phytoplankton,2021-05,M1,"Scenedesmus bijugatus Kützing, 1834",4.0,,Scenedesmus bijugatus,8795.0,higherrank
AH_PL,Hồ Ayun Hạ,phytoplankton,2021-05,M7,"Scenedesmus denticulatus Lagerheim, 1882",2.0,,Scenedesmus denticulatus,2640751.0,synonym
AH_PL,Hồ Ayun Hạ,phytoplankton,2021-05,M1,"Scenedesmus quadricauda (Turpin) Brébisson, 1835",8.0,,Scenedesmus quadricauda,7711060.0,exact
AH_PL,Hồ Ayun Hạ,phytoplankton,2021-05,M2,"Scenedesmus quadricauda (Turpin) Brébisson, 1835",16.0,,Scenedesmus quadricauda,7711060.0,exact
AH_PL,Hồ Ayun Hạ,phytoplankton,2021-05,M4,"Scenedesmus quadricauda (Turpin) Brébisson, 1835",12.0,,Scenedesmus quadricauda,7711060.0,exact
AH_PL,Hồ Ayun Hạ,phytoplankton,2021-05,M6,"Scenedesmus quadricauda (Turpin) Brébisson, 1835",2.0,,Scenedesmus quadricauda,7711060.0,exact
AH_PL,Hồ Ayun Hạ,phytoplankton,2021-05,M7,"Scenedesmus quadricauda (Turpin) Brébisson, 1835",49.0,,Scenedesmus quadricauda,7711060.0,exact
AH_PL,Hồ Ayun Hạ,phytoplankton,2021-05,M9,"Scenedesmus quadricauda (Turpin) Brébisson, 1835",18.0,,Scenedesmus quadricauda,7711060.0,exact
AH_PL,Hồ Ayun Hạ,phytoplankton,2021-05,M10,"Scenedesmus quadricauda (Turpin) Brébisson, 1835",10.0,,Scenedesmus quadricauda,7711060.0,exact
AH_PL,Hồ Ayun Hạ,phytoplankton,2021-05,M6,"Ankistrodesmus arcuatus Korshikov, 1953",11.0,,Ankistrodesmus arcuatus,2641579.0,synonym
AH_PL,Hồ Ayun Hạ,phytoplankton,2021-05,M7,"Ankistrodesmus arcuatus Korshikov, 1953",3.0,,Ankistrodesmus arcuatus,2641579.0,synonym
AH_PL,Hồ Ayun Hạ,phytoplankton,2021-05,M8,"Ankistrodesmus arcuatus Korshikov, 1953",4.0,,Ankistrodesmus arcuatus,2641579.0,synonym
AH_PL,Hồ Ayun Hạ,phytoplankton,2021-05,M10,"Ankistrodesmus arcuatus Korshikov, 1953",2.0,,Ankistrodesmus arcuatus,2641579.0,synonym
AH_PL,Hồ Ayun Hạ,phytoplankton,2021-05,M6,"Ankistrodesmus bibraianus (Reinsch) Korshikov, 1953",88.0,,Ankistrodesmus bibraianus,2641191.0,synonym
AH_PL,Hồ Ayun Hạ,phytoplankton,2021-05,M7,"Ankistrodesmus bibraianus (Reinsch) Korshikov, 1953",84.0,,Ankistrodesmus bibraianus,2641191.0,synonym
AH_PL,Hồ Ayun Hạ,phytoplankton,2021-05,M1,"Ankistrodesmus falcatus (Corda) Ralfs, 1848",1.0,,Ankistrodesmus falcatus,2638584.0,exact
AH_PL,Hồ Ayun Hạ,phytoplankton,2021-05,M2,"Ankistrodesmus falcatus (Corda) Ralfs, 1848",1.0,,Ankistrodesmus falcatus,2638584.0,exact
AH_PL,Hồ Ayun Hạ,phytoplankton,2021-05,M3,"Ankistrodesmus falcatus (Corda) Ralfs, 1848",4.0,,Ankistrodesmus falcatus,2638584.0,exact
AH_PL,Hồ Ayun Hạ,phytoplankton,2021-05,M5,"Ankistrodesmus fusiformis Corda, 1838",12.0,,Ankistrodesmus fusiformis,7699361.0,exact
AH_PL,Hồ Ayun Hạ,phytoplankton,2021-05,M1,"Kirchneriella lunaris (Kirchner) K.Möbius, 1894",1336.0,,Kirchneriella lunaris,5271638.0,exact
AH_PL,Hồ Ayun Hạ,phytoplankton,2021-05,M2,"Kirchneriella lunaris (Kirchner) K.Möbius, 1894",592.0,,Kirchneriella lunaris,5271638.0,exact
AH_PL,Hồ Ayun Hạ,phytoplankton,2021-05,M3,"Kirchneriella lunaris (Kirchner) K.Möbius, 1894",1368.0,,Kirchneriella lunaris,5271638.0,exact
AH_PL,Hồ Ayun Hạ,phytoplankton,2021-05,M4,"Kirchneriella lunaris (Kirchner) K.Möbius, 1894",1320.0,,Kirchneriella lunaris,5271638.0,exact
AH_PL,Hồ Ayun Hạ,phytoplankton,2021-05,M8,"Kirchneriella lunaris (Kirchner) K.Möbius, 1894",624.0,,Kirchneriella lunaris,5271638.0,exact
AH_PL,Hồ Ayun Hạ,phytoplankton,2021-05,M9,"Kirchneriella lunaris (Kirchner) K.Möbius, 1894",72.0,,Kirchneriella lunaris,5271638.0,exact
AH_PL,Hồ Ayun Hạ,phytoplankton,2021-05,M10,"Kirchneriella lunaris (Kirchner) K.Möbius, 1894",180.0,,Kirchneriella lunaris,5271638.0,exact
AH_PL,Hồ Ayun Hạ,phytoplankton,2021-05,M5,"Kirchneriella obesa (West) West & G.S.West, 1894",504.0,,Kirchneriella obesa,5271634.0,exact
AH_PL,Hồ Ayun Hạ,phytoplankton,2021-05,M2,"Treubaria triappendiculata C.Bernard, 1908",11.0,,Treubaria triappendiculata,2641423.0,exact
AH_PL,Hồ Ayun Hạ,phytoplankton,2021-05,M3,"Treubaria triappendiculata C.Bernard, 1908",4.0,,Treubaria triappendiculata,2641423.0,exact
AH_PL,Hồ Ayun Hạ,phytoplankton,2021-05,M4,"Treubaria triappendiculata C.Bernard, 1908",11.0,,Treubaria triappendiculata,2641423.0,exact
AH_PL,Hồ Ayun Hạ,phytoplankton,2021-05,M5,"Treubaria triappendiculata C.Bernard, 1908",17.0,,Treubaria triappendiculata,2641423.0,exact
AH_PL,Hồ Ayun Hạ,phytoplankton,2021-05,M6,"Treubaria triappendiculata C.Bernard, 1908",5.0,,Treubaria triappendiculata,2641423.0,exact
AH_PL,Hồ Ayun Hạ,phytoplankton,2021-05,M7,"Treubaria triappendiculata C.Bernard, 1908",2.0,,Treubaria triappendiculata,2641423.0,exact
AH_PL,Hồ Ayun Hạ,phytoplankton,2021-05,M8,"Treubaria triappendiculata C.Bernard, 1908",1.0,,Treubaria triappendiculata,2641423.0,exact
AH_PL,Hồ Ayun Hạ,phytoplankton,2021-05,M9,"Treubaria triappendiculata C.Bernard, 1908",1.0,,Treubaria triappendiculata,2641423.0,exact
AH_PL,Hồ Ayun Hạ,phytoplankton,2021-05,M10,"Treubaria triappendiculata C.Bernard, 1908",-1.0,,Treubaria triappendiculata,2641423.0,exact
AH_PL,Hồ Ayun Hạ,phytoplankton,2021-05,M1,"Actinastrum hantzschii Lagerheim, 1882",16.0,,Actinastrum hantzschii,2638622.0,exact
AH_PL,Hồ Ayun Hạ,phytoplankton,2021-05,M2,"Actinastrum hantzschii Lagerheim, 1882",88.0,,Actinastrum hantzschii,2638622.0,exact
AH_PL,Hồ Ayun Hạ,phytoplankton,2021-05,M4,"Actinastrum hantzschii Lagerheim, 1882",44.0,,Actinastrum hantzschii,2638622.0,exact
AH_PL,Hồ Ayun Hạ,phytoplankton,2021-05,M5,"Actinastrum hantzschii Lagerheim, 1882",56.0,,Actinastrum hantzschii,2638622.0,exact
AH_PL,Hồ Ayun Hạ,phytoplankton,2021-05,M6,"Actinastrum hantzschii Lagerheim, 1882",4.0,,Actinastrum hantzschii,2638622.0,exact
AH_PL,Hồ Ayun Hạ,phytoplankton,2021-05,M7,"Actinastrum hantzschii Lagerheim, 1882",4.0,,Actinastrum hantzschii,2638622.0,exact
AH_PL,Hồ Ayun Hạ,phytoplankton,2021-05,M8,"Actinastrum hantzschii Lagerheim, 1882",116.0,,Actinastrum hantzschii,2638622.0,exact
AH_PL,Hồ Ayun Hạ,phytoplankton,2021-05,M9,"Actinastrum hantzschii Lagerheim, 1882",16.0,,Actinastrum hantzschii,2638622.0,exact
AH_PL,Hồ Ayun Hạ,phytoplankton,2021-05,M10,"Actinastrum hantzschii Lagerheim, 1882",260.0,,Actinastrum hantzschii,2638622.0,exact
AH_PL,Hồ Ayun Hạ,phytoplankton,2021-05,M1,"Chlorella mucosa Korshikov, 1953",42.0,,Chlorella mucosa,8021157.0,synonym
AH_PL,Hồ Ayun Hạ,phytoplankton,2021-05,M2,"Chlorella mucosa Korshikov, 1953",4.0,,Chlorella mucosa,8021157.0,synonym
AH_PL,Hồ Ayun Hạ,phytoplankton,2021-05,M3,"Chlorella mucosa Korshikov, 1953",22.0,,Chlorella mucosa,8021157.0,synonym
AH_PL,Hồ Ayun Hạ,phytoplankton,2021-05,M4,"Chlorella mucosa Korshikov, 1953",5.0,,Chlorella mucosa,8021157.0,synonym
AH_PL,Hồ Ayun Hạ,phytoplankton,2021-05,M5,"Chlorella mucosa Korshikov, 1953",5.0,,Chlorella mucosa,8021157.0,synonym
AH_PL,Hồ Ayun Hạ,phytoplankton,2021-05,M9,"Chlorella mucosa Korshikov, 1953",10.0,,Chlorella mucosa,8021157.0,synonym
AH_PL,Hồ Ayun Hạ,phytoplankton,2021-05,M1,"Dictyosphaerium pulchellum H.C. Wood, 1873",896.0,,Dictyosphaerium pulchellum,2642006.0,synonym
AH_PL,Hồ Ayun Hạ,phytoplankton,2021-05,M2,"Dictyosphaerium pulchellum H.C. Wood, 1873",1536.0,,Dictyosphaerium pulchellum,2642006.0,synonym
AH_PL,Hồ Ayun Hạ,phytoplankton,2021-05,M3,"Dictyosphaerium pulchellum H.C. Wood, 1873",1440.0,,Dictyosphaerium pulchellum,2642006.0,synonym
AH_PL,Hồ Ayun Hạ,phytoplankton,2021-05,M4,"Dictyosphaerium pulchellum H.C. Wood, 1873",1616.0,,Dictyosphaerium pulchellum,2642006.0,synonym
AH_PL,Hồ Ayun Hạ,phytoplankton,2021-05,M5,"Dictyosphaerium pulchellum H.C. Wood, 1873",400.0,,Dictyosphaerium pulchellum,2642006.0,synonym
AH_PL,Hồ Ayun Hạ,phytoplankton,2021-05,M6,"Dictyosphaerium pulchellum H.C. Wood, 1873",1296.0,,Dictyosphaerium pulchellum,2642006.0,synonym
AH_PL,Hồ Ayun Hạ,phytoplankton,2021-05,M7,"Dictyosphaerium pulchellum H.C. Wood, 1873",784.0,,Dictyosphaerium pulchellum,2642006.0,synonym
AH_PL,Hồ Ayun Hạ,phytoplankton,2021-05,M8,"Dictyosphaerium pulchellum H.C. Wood, 1873",368.0,,Dictyosphaerium pulchellum,2642006.0,synonym
AH_PL,Hồ Ayun Hạ,phytoplankton,2021-05,M9,"Dictyosphaerium pulchellum H.C. Wood, 1873",592.0,,Dictyosphaerium pulchellum,2642006.0,synonym
AH_PL,Hồ Ayun Hạ,phytoplankton,2021-05,M10,"Dictyosphaerium pulchellum H.C. Wood, 1873",528.0,,Dictyosphaerium pulchellum,2642006.0,synonym
AH_PL,Hồ Ayun Hạ,phytoplankton,2021-05,M1,"Micractinium bornhemiense (W.Conrad) Korshikov, 1953",297.0,,Micractinium bornhemiense,2641091.0,exact
AH_PL,Hồ Ayun Hạ,phytoplankton,2021-05,M2,"Micractinium bornhemiense (W.Conrad) Korshikov, 1953",891.0,,Micractinium bornhemiense,2641091.0,exact
AH_PL,Hồ Ayun Hạ,phytoplankton,2021-05,M3,"Micractinium bornhemiense (W.Conrad) Korshikov, 1953",297.0,,Micractinium bornhemiense,2641091.0,exact
AH_PL,Hồ Ayun Hạ,phytoplankton,2021-05,M4,"Micractinium bornhemiense (W.Conrad) Korshikov, 1953",297.0,,Micractinium bornhemiense,2641091.0,exact
AH_PL,Hồ Ayun Hạ,phytoplankton,2021-05,M5,"Micractinium bornhemiense (W.Conrad) Korshikov, 1953",189.0,,Micractinium bornhemiense,2641091.0,exact
AH_PL,Hồ Ayun Hạ,phytoplankton,2021-05,M6,"Micractinium bornhemiense (W.Conrad) Korshikov, 1953",252.0,,Micractinium bornhemiense,2641091.0,exact
AH_PL,Hồ Ayun Hạ,phytoplankton,2021-05,M7,"Micractinium bornhemiense (W.Conrad) Korshikov, 1953",284.0,,Micractinium bornhemiense,2641091.0,exact
AH_PL,Hồ Ayun Hạ,phytoplankton,2021-05,M8,"Micractinium bornhemiense (W.Conrad) Korshikov, 1953",221.0,,Micractinium bornhemiense,2641091.0,exact
AH_PL,Hồ Ayun Hạ,phytoplankton,2021-05,M9,"Micractinium bornhemiense (W.Conrad) Korshikov, 1953",158.0,,Micractinium bornhemiense,2641091.0,exact
AH_PL,Hồ Ayun Hạ,phytoplankton,2021-05,M10,"Micractinium bornhemiense (W.Conrad) Korshikov, 1953",225.0,,Micractinium bornhemiense,2641091.0,exact
AH_PL,Hồ Ayun Hạ,phytoplankton,2021-05,M2,"Micractinium pusillum Fresenius, 1858",352.0,,Micractinium pusillum,2641082.0,exact
AH_PL,Hồ Ayun Hạ,phytoplankton,2021-05,M3,"Micractinium pusillum Fresenius, 1858",96.0,,Micractinium pusillum,2641082.0,exact
AH_PL,Hồ Ayun Hạ,phytoplankton,2021-05,M4,"Micractinium pusillum Fresenius, 1858",80.0,,Micractinium pusillum,2641082.0,exact
AH_PL,Hồ Ayun Hạ,phytoplankton,2021-05,M5,"Micractinium pusillum Fresenius, 1858",16.0,,Micractinium pusillum,2641082.0,exact
AH_PL,Hồ Ayun Hạ,phytoplankton,2021-05,M10,"Micractinium pusillum Fresenius, 1858",24.0,,Micractinium pusillum,2641082.0,exact
AH_PL,Hồ Ayun Hạ,phytoplankton,2021-05,M1,"Nephrocytium agardhianum Nägeli, 1849",176.0,,Nephrocytium agardhianum,2641568.0,exact
AH_PL,Hồ Ayun Hạ,phytoplankton,2021-05,M2,"Nephrocytium agardhianum Nägeli, 1849",80.0,,Nephrocytium agardhianum,2641568.0,exact
AH_PL,Hồ Ayun Hạ,phytoplankton,2021-05,M3,"Nephrocytium agardhianum Nägeli, 1849",80.0,,Nephrocytium agardhianum,2641568.0,exact
AH_PL,Hồ Ayun Hạ,phytoplankton,2021-05,M4,"Nephrocytium agardhianum Nägeli, 1849",44.0,,Nephrocytium agardhianum,2641568.0,exact
AH_PL,Hồ Ayun Hạ,phytoplankton,2021-05,M5,"Nephrocytium agardhianum Nägeli, 1849",336.0,,Nephrocytium agardhianum,2641568.0,exact
AH_PL,Hồ Ayun Hạ,phytoplankton,2021-05,M6,"Nephrocytium agardhianum Nägeli, 1849",28.0,,Nephrocytium agardhianum,2641568.0,exact
AH_PL,Hồ Ayun Hạ,phytoplankton,2021-05,M7,"Nephrocytium agardhianum Nägeli, 1849",28.0,,Nephrocytium agardhianum,2641568.0,exact
AH_PL,Hồ Ayun Hạ,phytoplankton,2021-05,M8,"Nephrocytium agardhianum Nägeli, 1849",168.0,,Nephrocytium agardhianum,2641568.0,exact
AH_PL,Hồ Ayun Hạ,phytoplankton,2021-05,M9,"Nephrocytium agardhianum Nägeli, 1849",40.0,,Nephrocytium agardhianum,2641568.0,exact
AH_PL,Hồ Ayun Hạ,phytoplankton,2021-05,M1,"Oocystis borgei J.W.Snow, 1903",8.0,,Oocystis borgei,5271678.0,exact
AH_PL,Hồ Ayun Hạ,phytoplankton,2021-05,M2,"Oocystis borgei J.W.Snow, 1903",24.0,,Oocystis borgei,5271678.0,exact
AH_PL,Hồ Ayun Hạ,phytoplankton,2021-05,M3,"Oocystis borgei J.W.Snow, 1903",4.0,,Oocystis borgei,5271678.0,exact
AH_PL,Hồ Ayun Hạ,phytoplankton,2021-05,M4,"Oocystis borgei J.W.Snow, 1903",4.0,,Oocystis borgei,5271678.0,exact
AH_PL,Hồ Ayun Hạ,phytoplankton,2021-05,M6,"Oocystis borgei J.W.Snow, 1903",20.0,,Oocystis borgei,5271678.0,exact
AH_PL,Hồ Ayun Hạ,phytoplankton,2021-05,M9,"Oocystis borgei J.W.Snow, 1903",12.0,,Oocystis borgei,5271678.0,exact
AH_PL,Hồ Ayun Hạ,phytoplankton,2021-05,M1,Oocystis sp.,132.0,,Oocystis sp.,2641454.0,exact
AH_PL,Hồ Ayun Hạ,phytoplankton,2021-05,M2,Oocystis sp.,228.0,,Oocystis sp.,2641454.0,exact
AH_PL,Hồ Ayun Hạ,phytoplankton,2021-05,M3,Oocystis sp.,200.0,,Oocystis sp.,2641454.0,exact
AH_PL,Hồ Ayun Hạ,phytoplankton,2021-05,M4,Oocystis sp.,60.0,,Oocystis sp.,2641454.0,exact
AH_PL,Hồ Ayun Hạ,phytoplankton,2021-05,M5,Oocystis sp.,64.0,,Oocystis sp.,2641454.0,exact
AH_PL,Hồ Ayun Hạ,phytoplankton,2021-05,M6,Oocystis sp.,60.0,,Oocystis sp.,2641454.0,exact
AH_PL,Hồ Ayun Hạ,phytoplankton,2021-05,M7,Oocystis sp.,54.0,,Oocystis sp.,2641454.0,exact
AH_PL,Hồ Ayun Hạ,phytoplankton,2021-05,M8,Oocystis sp.,136.0,,Oocystis sp.,2641454.0,exact
AH_PL,Hồ Ayun Hạ,phytoplankton,2021-05,M9,Oocystis sp.,14.0,,Oocystis sp.,2641454.0,exact
AH_PL,Hồ Ayun Hạ,phytoplankton,2021-05,M10,Oocystis sp.,4.0,,Oocystis sp.,2641454.0,exact
AH_PL,Hồ Ayun Hạ,phytoplankton,2021-05,M4,"Ulothrix fimbriata Bold, 1958",65.0,,Ulothrix fimbriata,2646309.0,exact
AH_PL,Hồ Ayun Hạ,phytoplankton,2021-05,M5,"Ulothrix fimbriata Bold, 1958",150.0,,Ulothrix fimbriata,2646309.0,exact
AH_PL,Hồ Ayun Hạ,phytoplankton,2021-05,M6,"Ulothrix fimbriata Bold, 1958",420.0,,Ulothrix fimbriata,2646309.0,exact
AH_PL,Hồ Ayun Hạ,phytoplankton,2021-05,M8,"Ulothrix fimbriata Bold, 1958",30.0,,Ulothrix fimbriata,2646309.0,exact
AH_PL,Hồ Ayun Hạ,phytoplankton,2021-05,M7,"Closterium acerosum Ehrenberg ex Ralfs, 1848",4.0,,Closterium acerosum,7850845.0,exact
AH_PL,Hồ Ayun Hạ,phytoplankton,2021-05,M3,"Closterium cornu Ehrenberg ex Ralfs, 1848",2.0,,Closterium cornu,7638155.0,exact
AH_PL,Hồ Ayun Hạ,phytoplankton,2021-05,M5,"Closterium cornu Ehrenberg ex Ralfs, 1848",12.0,,Closterium cornu,7638155.0,exact
AH_PL,Hồ Ayun Hạ,phytoplankton,2021-05,M6,"Closterium cornu Ehrenberg ex Ralfs, 1848",6.0,,Closterium cornu,7638155.0,exact
AH_PL,Hồ Ayun Hạ,phytoplankton,2021-05,M7,"Closterium cornu Ehrenberg ex Ralfs, 1848",7.0,,Closterium cornu,7638155.0,exact
AH_PL,Hồ Ayun Hạ,phytoplankton,2021-05,M9,"Closterium cornu Ehrenberg ex Ralfs, 1848",5.0,,Closterium cornu,7638155.0,exact
AH_PL,Hồ Ayun Hạ,phytoplankton,2021-05,M10,"Closterium cornu Ehrenberg ex Ralfs, 1848",5.0,,Closterium cornu,7638155.0,exact
AH_PL,Hồ Ayun Hạ,phytoplankton,2021-05,M8,"Closterium ehrenbergii Meneghini ex Ralfs, 1848",1.0,,Closterium ehrenbergii,2646590.0,exact
AH_PL,Hồ Ayun Hạ,phytoplankton,2021-05,M9,"Closterium ehrenbergii Meneghini ex Ralfs, 1848",1.0,,Closterium ehrenbergii,2646590.0,exact
AH_PL,Hồ Ayun Hạ,phytoplankton,2021-05,M10,"Closterium ehrenbergii Meneghini ex Ralfs, 1848",3.0,,Closterium ehrenbergii,2646590.0,exact
AH_PL,Hồ Ayun Hạ,phytoplankton,2021-05,M5,"Closterium gracile Brébisson ex Ralfs, 1848",6.0,,Closterium gracile,2646362.0,exact
AH_PL,Hồ Ayun Hạ,phytoplankton,2021-05,M2,"Arthrodesmus convergens Ehrenberg ex Ralfs, 1848",22.0,,Arthrodesmus convergens,7819616.0,higherrank
AH_PL,Hồ Ayun Hạ,phytoplankton,2021-05,M5,"Arthrodesmus convergens Ehrenberg ex Ralfs, 1848",2.0,,Arthrodesmus convergens,7819616.0,higherrank
AH_PL,Hồ Ayun Hạ,phytoplankton,2021-05,M1,"Cosmarium botrytis Meneghini ex Ralfs, 1848",4.0,,Cosmarium botrytis,5274595.0,exact
AH_PL,Hồ Ayun Hạ,phytoplankton,2021-05,M8,"Cosmarium botrytis Meneghini ex Ralfs, 1848",5.0,,Cosmarium botrytis,5274595.0,exact
AH_PL,Hồ Ayun Hạ,phytoplankton,2021-05,M10,"Cosmarium botrytis Meneghini ex Ralfs, 1848",5.0,,Cosmarium botrytis,5274595.0,exact
AH_PL,Hồ Ayun Hạ,phytoplankton,2021-05,M2,"Cosmarium contractum Kirchner, 1878",874.0,,Cosmarium contractum,5274443.0,exact
AH_PL,Hồ Ayun Hạ,phytoplankton,2021-05,M3,"Cosmarium contractum Kirchner, 1878",692.0,,Cosmarium contractum,5274443.0,exact
AH_PL,Hồ Ayun Hạ,phytoplankton,2021-05,M6,"Cosmarium contractum Kirchner, 1878",14.0,,Cosmarium contractum,5274443.0,exact
AH_PL,Hồ Ayun Hạ,phytoplankton,2021-05,M7,"Cosmarium contractum Kirchner, 1878",28.0,,Cosmarium contractum,5274443.0,exact
AH_PL,Hồ Ayun Hạ,phytoplankton,2021-05,M8,"Cosmarium contractum Kirchner, 1878",77.0,,Cosmarium contractum,5274443.0,exact
AH_PL,Hồ Ayun Hạ,phytoplankton,2021-05,M9,"Cosmarium contractum Kirchner, 1878",15.0,,Cosmarium contractum,5274443.0,exact
AH_PL,Hồ Ayun Hạ,phytoplankton,2021-05,M2,"Cosmarium granatum Brébisson ex Ralfs, 1848",20.0,,Cosmarium granatum,8039125.0,exact
AH_PL,Hồ Ayun Hạ,phytoplankton,2021-05,M3,"Cosmarium granatum Brébisson ex Ralfs, 1848",4.0,,Cosmarium granatum,8039125.0,exact
AH_PL,Hồ Ayun Hạ,phytoplankton,2021-05,M4,"Cosmarium granatum Brébisson ex Ralfs, 1848",2.0,,Cosmarium granatum,8039125.0,exact
AH_PL,Hồ Ayun Hạ,phytoplankton,2021-05,M7,"Cosmarium granatum Brébisson ex Ralfs, 1848",14.0,,Cosmarium granatum,8039125.0,exact
AH_PL,Hồ Ayun Hạ,phytoplankton,2021-05,M2,"Cosmarium lundellii Delponte, 1877",4.0,,Cosmarium lundellii,5274185.0,exact
AH_PL,Hồ Ayun Hạ,phytoplankton,2021-05,M3,"Cosmarium lundellii Delponte, 1877",10.0,,Cosmarium lundellii,5274185.0,exact
AH_PL,Hồ Ayun Hạ,phytoplankton,2021-05,M5,"Cosmarium lundellii Delponte, 1877",8.0,,Cosmarium lundellii,5274185.0,exact
AH_PL,Hồ Ayun Hạ,phytoplankton,2021-05,M7,"Cosmarium lundellii Delponte, 1877",1.0,,Cosmarium lundellii,5274185.0,exact
AH_PL,Hồ Ayun Hạ,phytoplankton,2021-05,M10,"Cosmarium lundellii Delponte, 1877",1.0,,Cosmarium lundellii,5274185.0,exact
AH_PL,Hồ Ayun Hạ,phytoplankton,2021-05,M6,"Cosmarium margaritatum (P.Lundell) J.Roy & Bisset, 1886",1.0,,Cosmarium margaritatum,5273970.0,exact
AH_PL,Hồ Ayun Hạ,phytoplankton,2021-05,M8,"Cosmarium margaritatum (P.Lundell) J.Roy & Bisset, 1886",1.0,,Cosmarium margaritatum,5273970.0,exact
AH_PL,Hồ Ayun Hạ,phytoplankton,2021-05,M2,"Cosmarium obtusatum (Schmidle) Schmidle, 1898",4.0,,Cosmarium obtusatum,5274561.0,exact
AH_PL,Hồ Ayun Hạ,phytoplankton,2021-05,M10,Cosmarium sp.,2.0,,Cosmarium sp.,2648709.0,exact
AH_PL,Hồ Ayun Hạ,phytoplankton,2021-05,M1,"Euastrum spinulosum Delponte, 1876",10.0,,Euastrum spinulosum,2648424.0,exact
AH_PL,Hồ Ayun Hạ,phytoplankton,2021-05,M2,"Euastrum spinulosum Delponte, 1876",2.0,,Euastrum spinulosum,2648424.0,exact
AH_PL,Hồ Ayun Hạ,phytoplankton,2021-05,M5,"Euastrum spinulosum Delponte, 1876",20.0,,Euastrum spinulosum,2648424.0,exact
AH_PL,Hồ Ayun Hạ,phytoplankton,2021-05,M6,"Euastrum spinulosum Delponte, 1876",1.0,,Euastrum spinulosum,2648424.0,exact
AH_PL,Hồ Ayun Hạ,phytoplankton,2021-05,M8,"Euastrum spinulosum Delponte, 1876",3.0,,Euastrum spinulosum,2648424.0,exact
AH_PL,Hồ Ayun Hạ,phytoplankton,2021-05,M10,"Euastrum spinulosum Delponte, 1876",2.0,,Euastrum spinulosum,2648424.0,exact
AH_PL,Hồ Ayun Hạ,phytoplankton,2021-05,M1,"Spondylosium planum (Wolle) West & G.S.West, 1912",100.0,,Spondylosium planum,2649829.0,exact
AH_PL,Hồ Ayun Hạ,phytoplankton,2021-05,M3,"Spondylosium planum (Wolle) West & G.S.West, 1912",110.0,,Spondylosium planum,2649829.0,exact
AH_PL,Hồ Ayun Hạ,phytoplankton,2021-05,M6,"Spondylosium planum (Wolle) West & G.S.West, 1912",35.0,,Spondylosium planum,2649829.0,exact
AH_PL,Hồ Ayun Hạ,phytoplankton,2021-05,M8,"Staurastrum bigibbum Skuja, 1949",1.0,,Staurastrum bigibbum,2648082.0,fuzzy
AH_PL,Hồ Ayun Hạ,phytoplankton,2021-05,M3,"Staurastrum cuspidatum Brébisson, 1848",4.0,,Staurastrum cuspidatum,2647328.0,synonym
AH_PL,Hồ Ayun Hạ,phytoplankton,2021-05,M4,"Staurastrum gladiosum W.B.Turner, 1885",2.0,,Staurastrum gladiosum,2648005.0,exact
AH_PL,Hồ Ayun Hạ,phytoplankton,2021-05,M9,"Staurastrum gladiosum W.B.Turner, 1885",1.0,,Staurastrum gladiosum,2648005.0,exact
AH_PL,Hồ Ayun Hạ,phytoplankton,2021-05,M1,"Staurastrum megacanthum P.Lundell, 1871",264.0,,Staurastrum megacanthum,2647386.0,synonym
AH_PL,Hồ Ayun Hạ,phytoplankton,2021-05,M2,"Staurastrum megacanthum P.Lundell, 1871",264.0,,Staurastrum megacanthum,2647386.0,synonym
AH_PL,Hồ Ayun Hạ,phytoplankton,2021-05,M3,"Staurastrum megacanthum P.Lundell, 1871",242.0,,Staurastrum megacanthum,2647386.0,synonym
AH_PL,Hồ Ayun Hạ,phytoplankton,2021-05,M4,"Staurastrum megacanthum P.Lundell, 1871",66.0,,Staurastrum megacanthum,2647386.0,synonym
AH_PL,Hồ Ayun Hạ,phytoplankton,2021-05,M5,"Staurastrum megacanthum P.Lundell, 1871",210.0,,Staurastrum megacanthum,2647386.0,synonym
AH_PL,Hồ Ayun Hạ,phytoplankton,2021-05,M6,"Staurastrum megacanthum P.Lundell, 1871",14.0,,Staurastrum megacanthum,2647386.0,synonym
AH_PL,Hồ Ayun Hạ,phytoplankton,2021-05,M7,"Staurastrum megacanthum P.Lundell, 1871",7.0,,Staurastrum megacanthum,2647386.0,synonym
AH_PL,Hồ Ayun Hạ,phytoplankton,2021-05,M8,"Staurastrum megacanthum P.Lundell, 1871",14.0,,Staurastrum megacanthum,2647386.0,synonym
AH_PL,Hồ Ayun Hạ,phytoplankton,2021-05,M1,"Staurastrum natator West, 1892",2116.0,,Staurastrum natator,2648127.0,exact
AH_PL,Hồ Ayun Hạ,phytoplankton,2021-05,M2,"Staurastrum natator West, 1892",1518.0,,Staurastrum natator,2648127.0,exact
AH_PL,Hồ Ayun Hạ,phytoplankton,2021-05,M3,"Staurastrum natator West, 1892",1150.0,,Staurastrum natator,2648127.0,exact
AH_PL,Hồ Ayun Hạ,phytoplankton,2021-05,M4,"Staurastrum natator West, 1892",414.0,,Staurastrum natator,2648127.0,exact
AH_PL,Hồ Ayun Hạ,phytoplankton,2021-05,M5,"Staurastrum natator West, 1892",828.0,,Staurastrum natator,2648127.0,exact
AH_PL,Hồ Ayun Hạ,phytoplankton,2021-05,M6,"Staurastrum natator West, 1892",231.0,,Staurastrum natator,2648127.0,exact
AH_PL,Hồ Ayun Hạ,phytoplankton,2021-05,M7,"Staurastrum natator West, 1892",264.0,,Staurastrum natator,2648127.0,exact
AH_PL,Hồ Ayun Hạ,phytoplankton,2021-05,M8,"Staurastrum natator West, 1892",121.0,,Staurastrum natator,2648127.0,exact
AH_PL,Hồ Ayun Hạ,phytoplankton,2021-05,M9,"Staurastrum natator West, 1892",25.0,,Staurastrum natator,2648127.0,exact
AH_PL,Hồ Ayun Hạ,phytoplankton,2021-05,M10,"Staurastrum natator West, 1892",55.0,,Staurastrum natator,2648127.0,exact
AH_PL,Hồ Ayun Hạ,phytoplankton,2021-05,M1,"Staurastrum prionotum A.M.Scott & Prescott, 1961",294.0,,Staurastrum prionotum,2647648.0,higherrank
AH_PL,Hồ Ayun Hạ,phytoplankton,2021-05,M2,"Staurastrum prionotum A.M.Scott & Prescott, 1961",320.0,,Staurastrum prionotum,2647648.0,higherrank
AH_PL,Hồ Ayun Hạ,phytoplankton,2021-05,M3,"Staurastrum prionotum A.M.Scott & Prescott, 1961",260.0,,Staurastrum prionotum,2647648.0,higherrank
AH_PL,Hồ Ayun Hạ,phytoplankton,2021-05,M4,"Staurastrum prionotum A.M.Scott & Prescott, 1961",144.0,,Staurastrum prionotum,2647648.0,higherrank
AH_PL,Hồ Ayun Hạ,phytoplankton,2021-05,M5,"Staurastrum prionotum A.M.Scott & Prescott, 1961",50.0,,Staurastrum prionotum,2647648.0,higherrank
AH_PL,Hồ Ayun Hạ,phytoplankton,2021-05,M6,"Staurastrum prionotum A.M.Scott & Prescott, 1961",48.0,,Staurastrum prionotum,2647648.0,higherrank
AH_PL,Hồ Ayun Hạ,phytoplankton,2021-05,M7,"Staurastrum prionotum A.M.Scott & Prescott, 1961",25.0,,Staurastrum prionotum,2647648.0,higherrank
AH_PL,Hồ Ayun Hạ,phytoplankton,2021-05,M8,"Staurastrum prionotum A.M.Scott & Prescott, 1961",50.0,,Staurastrum prionotum,2647648.0,higherrank
AH_PL,Hồ Ayun Hạ,phytoplankton,2021-05,M9,"Staurastrum prionotum A.M.Scott & Prescott, 1961",68.0,,Staurastrum prionotum,2647648.0,higherrank
AH_PL,Hồ Ayun Hạ,phytoplankton,2021-05,M10,"Staurastrum prionotum A.M.Scott & Prescott, 1961",30.0,,Staurastrum prionotum,2647648.0,higherrank
AH_PL,Hồ Ayun Hạ,phytoplankton,2021-05,M3,"Staurastrum protectum West & G.S.West, 1908",828.0,,Staurastrum protectum,2647840.0,exact
AH_PL,Hồ Ayun Hạ,phytoplankton,2021-05,M4,"Staurastrum protectum West & G.S.West, 1908",220.0,,Staurastrum protectum,2647840.0,exact
AH_PL,Hồ Ayun Hạ,phytoplankton,2021-05,M5,"Staurastrum protectum West & G.S.West, 1908",598.0,,Staurastrum protectum,2647840.0,exact
AH_PL,Hồ Ayun Hạ,phytoplankton,2021-05,M6,"Staurastrum protectum West & G.S.West, 1908",49.0,,Staurastrum protectum,2647840.0,exact
AH_PL,Hồ Ayun Hạ,phytoplankton,2021-05,M7,"Staurastrum protectum West & G.S.West, 1908",35.0,,Staurastrum protectum,2647840.0,exact
AH_PL,Hồ Ayun Hạ,phytoplankton,2021-05,M8,"Staurastrum protectum West & G.S.West, 1908",176.0,,Staurastrum protectum,2647840.0,exact
AH_PL,Hồ Ayun Hạ,phytoplankton,2021-05,M9,"Staurastrum protectum West & G.S.West, 1908",5.0,,Staurastrum protectum,2647840.0,exact
AH_PL,Hồ Ayun Hạ,phytoplankton,2021-05,M10,"Staurastrum protectum West & G.S.West, 1908",5.0,,Staurastrum protectum,2647840.0,exact
AH_PL,Hồ Ayun Hạ,phytoplankton,2021-05,M1,Staurastrum sp.,352.0,,Staurastrum sp.,2647648.0,exact
AH_PL,Hồ Ayun Hạ,phytoplankton,2021-05,M2,Staurastrum sp.,706.0,,Staurastrum sp.,2647648.0,exact
AH_PL,Hồ Ayun Hạ,phytoplankton,2021-05,M3,Staurastrum sp.,946.0,,Staurastrum sp.,2647648.0,exact
AH_PL,Hồ Ayun Hạ,phytoplankton,2021-05,M4,Staurastrum sp.,305.0,,Staurastrum sp.,2647648.0,exact
AH_PL,Hồ Ayun Hạ,phytoplankton,2021-05,M5,Staurastrum sp.,582.0,,Staurastrum sp.,2647648.0,exact
AH_PL,Hồ Ayun Hạ,phytoplankton,2021-05,M6,Staurastrum sp.,123.0,,Staurastrum sp.,2647648.0,exact
AH_PL,Hồ Ayun Hạ,phytoplankton,2021-05,M7,Staurastrum sp.,60.0,,Staurastrum sp.,2647648.0,exact
AH_PL,Hồ Ayun Hạ,phytoplankton,2021-05,M8,Staurastrum sp.,156.0,,Staurastrum sp.,2647648.0,exact
AH_PL,Hồ Ayun Hạ,phytoplankton,2021-05,M9,Staurastrum sp.,68.0,,Staurastrum sp.,2647648.0,exact
AH_PL,Hồ Ayun Hạ,phytoplankton,2021-05,M10,Staurastrum sp.,49.0,,Staurastrum sp.,2647648.0,exact
AH_PL,Hồ Ayun Hạ,phytoplankton,2021-05,M1,"Staurastrum vaasii A.M.Scott & Prescott, 1961",374.0,,Staurastrum vaasii,2647648.0,higherrank
AH_PL,Hồ Ayun Hạ,phytoplankton,2021-05,M2,"Staurastrum vaasii A.M.Scott & Prescott, 1961",552.0,,Staurastrum vaasii,2647648.0,higherrank
AH_PL,Hồ Ayun Hạ,phytoplankton,2021-05,M3,"Staurastrum vaasii A.M.Scott & Prescott, 1961",506.0,,Staurastrum vaasii,2647648.0,higherrank
AH_PL,Hồ Ayun Hạ,phytoplankton,2021-05,M4,"Staurastrum vaasii A.M.Scott & Prescott, 1961",99.0,,Staurastrum vaasii,2647648.0,higherrank
AH_PL,Hồ Ayun Hạ,phytoplankton,2021-05,M5,"Staurastrum vaasii A.M.Scott & Prescott, 1961",552.0,,Staurastrum vaasii,2647648.0,higherrank
AH_PL,Hồ Ayun Hạ,phytoplankton,2021-05,M6,"Staurastrum vaasii A.M.Scott & Prescott, 1961",49.0,,Staurastrum vaasii,2647648.0,higherrank
AH_PL,Hồ Ayun Hạ,phytoplankton,2021-05,M7,"Staurastrum vaasii A.M.Scott & Prescott, 1961",49.0,,Staurastrum vaasii,2647648.0,higherrank
AH_PL,Hồ Ayun Hạ,phytoplankton,2021-05,M8,"Staurastrum vaasii A.M.Scott & Prescott, 1961",154.0,,Staurastrum vaasii,2647648.0,higherrank
AH_PL,Hồ Ayun Hạ,phytoplankton,2021-05,M9,"Staurastrum vaasii A.M.Scott & Prescott, 1961",8.0,,Staurastrum vaasii,2647648.0,higherrank
AH_PL,Hồ Ayun Hạ,phytoplankton,2021-05,M10,"Staurastrum vaasii A.M.Scott & Prescott, 1961",5.0,,Staurastrum vaasii,2647648.0,higherrank
AH_PL,Hồ Ayun Hạ,phytoplankton,2021-05,M7,Spirogyra sp.,7.0,,Spirogyra sp.,2646845.0,exact
AH_PL,Hồ Ayun Hạ,phytoplankton,2021-05,M4,"Euglena acus (O.F.Müller) Ehrenberg, 1830",1.0,,Euglena acus,3209828.0,synonym
AH_PL,Hồ Ayun Hạ,phytoplankton,2021-05,M6,"Euglena acus (O.F.Müller) Ehrenberg, 1830",4.0,,Euglena acus,3209828.0,synonym
AH_PL,Hồ Ayun Hạ,phytoplankton,2021-05,M7,"Euglena acus (O.F.Müller) Ehrenberg, 1830",11.0,,Euglena acus,3209828.0,synonym
AH_PL,Hồ Ayun Hạ,phytoplankton,2021-05,M8,"Euglena acus (O.F.Müller) Ehrenberg, 1830",1.0,,Euglena acus,3209828.0,synonym
AH_PL,Hồ Ayun Hạ,phytoplankton,2021-05,M9,"Euglena acus (O.F.Müller) Ehrenberg, 1830",3.0,,Euglena acus,3209828.0,synonym
AH_PL,Hồ Ayun Hạ,phytoplankton,2021-05,M10,"Euglena acus (O.F.Müller) Ehrenberg, 1830",3.0,,Euglena acus,3209828.0,synonym
AH_PL,Hồ Ayun Hạ,phytoplankton,2021-05,M1,"Euglena ehrenbergii Klebs, 1883",-1.0,,Euglena ehrenbergii,7655170.0,exact
AH_PL,Hồ Ayun Hạ,phytoplankton,2021-05,M4,"Euglena ehrenbergii Klebs, 1883",1.0,,Euglena ehrenbergii,7655170.0,exact
AH_PL,Hồ Ayun Hạ,phytoplankton,2021-05,M5,"Euglena ehrenbergii Klebs, 1883",6.0,,Euglena ehrenbergii,7655170.0,exact
AH_PL,Hồ Ayun Hạ,phytoplankton,2021-05,M6,"Euglena ehrenbergii Klebs, 1883",6.0,,Euglena ehrenbergii,7655170.0,exact
AH_PL,Hồ Ayun Hạ,phytoplankton,2021-05,M7,"Euglena ehrenbergii Klebs, 1883",2.0,,Euglena ehrenbergii,7655170.0,exact
AH_PL,Hồ Ayun Hạ,phytoplankton,2021-05,M8,"Euglena ehrenbergii Klebs, 1883",4.0,,Euglena ehrenbergii,7655170.0,exact
AH_PL,Hồ Ayun Hạ,phytoplankton,2021-05,M9,"Euglena ehrenbergii Klebs, 1883",2.0,,Euglena ehrenbergii,7655170.0,exact
AH_PL,Hồ Ayun Hạ,phytoplankton,2021-05,M10,"Euglena ehrenbergii Klebs, 1883",5.0,,Euglena ehrenbergii,7655170.0,exact
AH_PL,Hồ Ayun Hạ,phytoplankton,2021-05,M7,"Euglena gracilis G.A.Klebs, 1883",3.0,,Euglena gracilis,7465722.0,exact
AH_PL,Hồ Ayun Hạ,phytoplankton,2021-05,M2,"Euglena oxyuris Schmarda, 1846",-1.0,,Euglena oxyuris,3209849.0,synonym
AH_PL,Hồ Ayun Hạ,phytoplankton,2021-05,M3,"Euglena oxyuris Schmarda, 1846",1.0,,Euglena oxyuris,3209849.0,synonym
AH_PL,Hồ Ayun Hạ,phytoplankton,2021-05,M4,"Euglena oxyuris Schmarda, 1846",-1.0,,Euglena oxyuris,3209849.0,synonym
AH_PL,Hồ Ayun Hạ,phytoplankton,2021-05,M5,"Euglena oxyuris Schmarda, 1846",1.0,,Euglena oxyuris,3209849.0,synonym
AH_PL,Hồ Ayun Hạ,phytoplankton,2021-05,M6,"Euglena oxyuris Schmarda, 1846",3.0,,Euglena oxyuris,3209849.0,synonym
AH_PL,Hồ Ayun Hạ,phytoplankton,2021-05,M7,"Euglena oxyuris Schmarda, 1846",3.0,,Euglena oxyuris,3209849.0,synonym
AH_PL,Hồ Ayun Hạ,phytoplankton,2021-05,M9,"Euglena oxyuris Schmarda, 1846",3.0,,Euglena oxyuris,3209849.0,synonym
AH_PL,Hồ Ayun Hạ,phytoplankton,2021-05,M10,"Euglena oxyuris Schmarda, 1846",2.0,,Euglena oxyuris,3209849.0,synonym
AH_PL,Hồ Ayun Hạ,phytoplankton,2021-05,M4,"Euglena tripteris (Dujardin) G.A.Klebs, 1883",2.0,,Euglena tripteris,3209651.0,exact
AH_PL,Hồ Ayun Hạ,phytoplankton,2021-05,M6,"Euglena tripteris (Dujardin) G.A.Klebs, 1883",3.0,,Euglena tripteris,3209651.0,exact
AH_PL,Hồ Ayun Hạ,phytoplankton,2021-05,M7,"Euglena tripteris (Dujardin) G.A.Klebs, 1883",4.0,,Euglena tripteris,3209651.0,exact
AH_PL,Hồ Ayun Hạ,phytoplankton,2021-05,M9,"Euglena tripteris (Dujardin) G.A.Klebs, 1883",1.0,,Euglena tripteris,3209651.0,exact
AH_PL,Hồ Ayun Hạ,phytoplankton,2021-05,M10,"Euglena tripteris (Dujardin) G.A.Klebs, 1883",4.0,,Euglena tripteris,3209651.0,exact
AH_PL,Hồ Ayun Hạ,phytoplankton,2021-05,M6,"Strombomonas gibberosa (Playfair) Deflandre, 1930",3.0,,Strombomonas gibberosa,3208756.0,exact
AH_PL,Hồ Ayun Hạ,phytoplankton,2021-05,M7,"Strombomonas gibberosa (Playfair) Deflandre, 1930",9.0,,Strombomonas gibberosa,3208756.0,exact
AH_PL,Hồ Ayun Hạ,phytoplankton,2021-05,M10,"Strombomonas gibberosa (Playfair) Deflandre, 1930",7.0,,Strombomonas gibberosa,3208756.0,exact
AH_PL,Hồ Ayun Hạ,phytoplankton,2021-05,M9,Strombomonas sp.,1.0,,Strombomonas sp.,3208654.0,exact
AH_PL,Hồ Ayun Hạ,phytoplankton,2021-05,M10,Strombomonas sp.,8.0,,Strombomonas sp.,3208654.0,exact
AH_PL,Hồ Ayun Hạ,phytoplankton,2021-05,M2,"Trachelomonas armata (Ehrenberg) F.Stein, 1878",-1.0,,Trachelomonas armata,3208921.0,exact
AH_PL,Hồ Ayun Hạ,phytoplankton,2021-05,M3,"Trachelomonas armata (Ehrenberg) F.Stein, 1878",10.0,,Trachelomonas armata,3208921.0,exact
AH_PL,Hồ Ayun Hạ,phytoplankton,2021-05,M4,"Trachelomonas armata (Ehrenberg) F.Stein, 1878",1.0,,Trachelomonas armata,3208921.0,exact
AH_PL,Hồ Ayun Hạ,phytoplankton,2021-05,M5,"Trachelomonas armata (Ehrenberg) F.Stein, 1878",7.0,,Trachelomonas armata,3208921.0,exact
AH_PL,Hồ Ayun Hạ,phytoplankton,2021-05,M6,"Trachelomonas armata (Ehrenberg) F.Stein, 1878",4.0,,Trachelomonas armata,3208921.0,exact
AH_PL,Hồ Ayun Hạ,phytoplankton,2021-05,M7,"Trachelomonas armata (Ehrenberg) F.Stein, 1878",1.0,,Trachelomonas armata,3208921.0,exact
AH_PL,Hồ Ayun Hạ,phytoplankton,2021-05,M9,"Trachelomonas armata (Ehrenberg) F.Stein, 1878",1.0,,Trachelomonas armata,3208921.0,exact
AH_PL,Hồ Ayun Hạ,phytoplankton,2021-05,M10,"Trachelomonas armata (Ehrenberg) F.Stein, 1878",5.0,,Trachelomonas armata,3208921.0,exact
AH_PL,Hồ Ayun Hạ,phytoplankton,2021-05,M5,"Phacus acuminatus Stokes, 1885",4.0,,Phacus acuminatus,6785023.0,exact
AH_PL,Hồ Ayun Hạ,phytoplankton,2021-05,M6,"Phacus acuminatus Stokes, 1885",2.0,,Phacus acuminatus,6785023.0,exact
AH_PL,Hồ Ayun Hạ,phytoplankton,2021-05,M7,"Phacus acuminatus Stokes, 1885",1.0,,Phacus acuminatus,6785023.0,exact
AH_PL,Hồ Ayun Hạ,phytoplankton,2021-05,M10,"Phacus acuminatus Stokes, 1885",2.0,,Phacus acuminatus,6785023.0,exact
AH_PL,Hồ Ayun Hạ,phytoplankton,2021-05,M9,"Phacus helikoides Pochmann, 1942",1.0,,Phacus helikoides,6785009.0,exact
AH_PL,Hồ Ayun Hạ,phytoplankton,2021-05,M10,"Phacus helikoides Pochmann, 1942",5.0,,Phacus helikoides,6785009.0,exact
AH_PL,Hồ Ayun Hạ,phytoplankton,2021-05,M10,"Phacus longicauda (Ehrenberg) Dujardin, 1841",5.0,,Phacus longicauda,6785019.0,exact
AH_PL,Hồ Ayun Hạ,phytoplankton,2021-05,M10,"Phacus pleuronectes (O.F.Müller) Nitzsch ex Dujardin, 1841",1.0,,Phacus pleuronectes,5425077.0,exact
AH_PL,Hồ Ayun Hạ,phytoplankton,2021-05,M2,Phacus sp.,143.0,,Phacus sp.,6761067.0,exact
AH_PL,Hồ Ayun Hạ,phytoplankton,2021-05,M3,Phacus sp.,132.0,,Phacus sp.,6761067.0,exact
AH_PL,Hồ Ayun Hạ,phytoplankton,2021-05,M4,Phacus sp.,33.0,,Phacus sp.,6761067.0,exact
AH_PL,Hồ Ayun Hạ,phytoplankton,2021-05,M5,Phacus sp.,126.0,,Phacus sp.,6761067.0,exact
AH_PL,Hồ Ayun Hạ,phytoplankton,2021-05,M6,Phacus sp.,64.0,,Phacus sp.,6761067.0,exact
AH_PL,Hồ Ayun Hạ,phytoplankton,2021-05,M7,Phacus sp.,39.0,,Phacus sp.,6761067.0,exact
AH_PL,Hồ Ayun Hạ,phytoplankton,2021-05,M8,Phacus sp.,7.0,,Phacus sp.,6761067.0,exact
AH_PL,Hồ Ayun Hạ,phytoplankton,2021-05,M9,Phacus sp.,20.0,,Phacus sp.,6761067.0,exact
AH_PL,Hồ Ayun Hạ,phytoplankton,2021-05,M10,Phacus sp.,30.0,,Phacus sp.,6761067.0,exact
AH_PL,Hồ Ayun Hạ,phytoplankton,2021-05,M6,Phacus sp1,3.0,,Phacus sp.1,6761067.0,exact
AH_PL,Hồ Ayun Hạ,phytoplankton,2021-05,M7,Phacus sp1,10.0,,Phacus sp.1,6761067.0,exact
AH_PL,Hồ Ayun Hạ,phytoplankton,2021-05,M9,Phacus sp1,1.0,,Phacus sp.1,6761067.0,exact
AH_PL,Hồ Ayun Hạ,phytoplankton,2021-05,M10,Phacus sp1,5.0,,Phacus sp.1,6761067.0,exact
AH_PL,Hồ Ayun Hạ,phytoplankton,2021-05,M9,"Phacus suecicus Lemmermann, 1913",1.0,,Phacus suecicus,5424934.0,exact
AH_PL,Hồ Ayun Hạ,phytoplankton,2021-05,M3,"Phacus tortus (Lemmermann) Skvortzov, 1928",3.0,,Phacus tortus,5425145.0,exact
AH_PL,Hồ Ayun Hạ,phytoplankton,2021-05,M4,"Phacus tortus (Lemmermann) Skvortzov, 1928",5.0,,Phacus tortus,5425145.0,exact
AH_PL,Hồ Ayun Hạ,phytoplankton,2021-05,M5,"Phacus tortus (Lemmermann) Skvortzov, 1928",5.0,,Phacus tortus,5425145.0,exact
AH_PL,Hồ Ayun Hạ,phytoplankton,2021-05,M6,"Phacus tortus (Lemmermann) Skvortzov, 1928",7.0,,Phacus tortus,5425145.0,exact
AH_PL,Hồ Ayun Hạ,phytoplankton,2021-05,M7,"Phacus tortus (Lemmermann) Skvortzov, 1928",3.0,,Phacus tortus,5425145.0,exact
AH_PL,Hồ Ayun Hạ,phytoplankton,2021-05,M9,"Phacus tortus (Lemmermann) Skvortzov, 1928",8.0,,Phacus tortus,5425145.0,exact
AH_PL,Hồ Ayun Hạ,phytoplankton,2021-05,M10,"Phacus tortus (Lemmermann) Skvortzov, 1928",10.0,,Phacus tortus,5425145.0,exact
AH_PL,Hồ Ayun Hạ,phytoplankton,2021-05,M1,"Ceratium hirundinella (O.F.Müller) Dujardin, 1841",10.0,,Ceratium hirundinella,7598904.0,exact
AH_PL,Hồ Ayun Hạ,phytoplankton,2021-05,M2,"Ceratium hirundinella (O.F.Müller) Dujardin, 1841",52.0,,Ceratium hirundinella,7598904.0,exact
AH_PL,Hồ Ayun Hạ,phytoplankton,2021-05,M3,"Ceratium hirundinella (O.F.Müller) Dujardin, 1841",42.0,,Ceratium hirundinella,7598904.0,exact
AH_PL,Hồ Ayun Hạ,phytoplankton,2021-05,M4,"Ceratium hirundinella (O.F.Müller) Dujardin, 1841",6.0,,Ceratium hirundinella,7598904.0,exact
AH_PL,Hồ Ayun Hạ,phytoplankton,2021-05,M5,"Ceratium hirundinella (O.F.Müller) Dujardin, 1841",14.0,,Ceratium hirundinella,7598904.0,exact
AH_PL,Hồ Ayun Hạ,phytoplankton,2021-05,M6,"Ceratium hirundinella (O.F.Müller) Dujardin, 1841",3.0,,Ceratium hirundinella,7598904.0,exact
AH_PL,Hồ Ayun Hạ,phytoplankton,2021-05,M7,"Ceratium hirundinella (O.F.Müller) Dujardin, 1841",1.0,,Ceratium hirundinella,7598904.0,exact
AH_PL,Hồ Ayun Hạ,phytoplankton,2021-05,M8,"Ceratium hirundinella (O.F.Müller) Dujardin, 1841",4.0,,Ceratium hirundinella,7598904.0,exact
AH_PL,Hồ Ayun Hạ,phytoplankton,2021-05,M9,"Ceratium hirundinella (O.F.Müller) Dujardin, 1841",9.0,,Ceratium hirundinella,7598904.0,exact
AH_PL,Hồ Ayun Hạ,phytoplankton,2021-05,M10,"Ceratium hirundinella (O.F.Müller) Dujardin, 1841",3.0,,Ceratium hirundinella,7598904.0,exact
AH_PL,Hồ Ayun Hạ,phytoplankton,2021-05,M2,"Glenodinium borgei (Lemmermann) Schiller, 1937",2.0,,Glenodinium borgei,3207006.0,synonym
AH_PL,Hồ Ayun Hạ,phytoplankton,2021-05,M3,"Glenodinium borgei (Lemmermann) Schiller, 1937",1.0,,Glenodinium borgei,3207006.0,synonym
AH_PL,Hồ Ayun Hạ,phytoplankton,2021-05,M1,Peridinium sp.,9.0,,Peridinium sp.,7536081.0,exact
AH_PL,Hồ Ayun Hạ,phytoplankton,2021-05,M2,Peridinium sp.,41.0,,Peridinium sp.,7536081.0,exact
AH_PL,Hồ Ayun Hạ,phytoplankton,2021-05,M3,Peridinium sp.,28.0,,Peridinium sp.,7536081.0,exact
AH_PL,Hồ Ayun Hạ,phytoplankton,2021-05,M4,Peridinium sp.,20.0,,Peridinium sp.,7536081.0,exact
AH_PL,Hồ Ayun Hạ,phytoplankton,2021-05,M5,Peridinium sp.,42.0,,Peridinium sp.,7536081.0,exact
AH_PL,Hồ Ayun Hạ,phytoplankton,2021-05,M6,Peridinium sp.,2.0,,Peridinium sp.,7536081.0,exact
AH_PL,Hồ Ayun Hạ,phytoplankton,2021-05,M7,Peridinium sp.,6.0,,Peridinium sp.,7536081.0,exact
AH_PL,Hồ Ayun Hạ,phytoplankton,2021-05,M8,Peridinium sp.,3.0,,Peridinium sp.,7536081.0,exact
AH_PL,Hồ Ayun Hạ,phytoplankton,2021-05,M1,Peridinium sp1,6.0,,Peridinium sp.1,7536081.0,exact
AH_PL,Hồ Ayun Hạ,phytoplankton,2021-05,M4,Peridinium sp1,2.0,,Peridinium sp.1,7536081.0,exact
AH_PL,Hồ Ayun Hạ,phytoplankton,2021-09,M1,"Microcystis aeruginosa (Kützing) Kützing, 1846",161000.0,Tảo độc,Microcystis aeruginosa,11959609.0,exact
AH_PL,Hồ Ayun Hạ,phytoplankton,2021-09,M2,"Microcystis aeruginosa (Kützing) Kützing, 1846",292100.0,Tảo độc,Microcystis aeruginosa,11959609.0,exact
AH_PL,Hồ Ayun Hạ,phytoplankton,2021-09,M3,"Microcystis aeruginosa (Kützing) Kützing, 1846",319700.0,Tảo độc,Microcystis aeruginosa,11959609.0,exact
AH_PL,Hồ Ayun Hạ,phytoplankton,2021-09,M4,"Microcystis aeruginosa (Kützing) Kützing, 1846",92000.0,Tảo độc,Microcystis aeruginosa,11959609.0,exact
AH_PL,Hồ Ayun Hạ,phytoplankton,2021-09,M5,"Microcystis aeruginosa (Kützing) Kützing, 1846",98900.0,Tảo độc,Microcystis aeruginosa,11959609.0,exact
AH_PL,Hồ Ayun Hạ,phytoplankton,2021-09,M6,"Microcystis aeruginosa (Kützing) Kützing, 1846",40250.0,Tảo độc,Microcystis aeruginosa,11959609.0,exact
AH_PL,Hồ Ayun Hạ,phytoplankton,2021-09,M7,"Microcystis aeruginosa (Kützing) Kützing, 1846",21600.0,Tảo độc,Microcystis aeruginosa,11959609.0,exact
AH_PL,Hồ Ayun Hạ,phytoplankton,2021-09,M8,"Microcystis aeruginosa (Kützing) Kützing, 1846",18400.0,Tảo độc,Microcystis aeruginosa,11959609.0,exact
AH_PL,Hồ Ayun Hạ,phytoplankton,2021-09,M9,"Microcystis aeruginosa (Kützing) Kützing, 1846",1350.0,Tảo độc,Microcystis aeruginosa,11959609.0,exact
AH_PL,Hồ Ayun Hạ,phytoplankton,2021-09,M10,"Microcystis aeruginosa (Kützing) Kützing, 1846",300.0,Tảo độc,Microcystis aeruginosa,11959609.0,exact
AH_PL,Hồ Ayun Hạ,phytoplankton,2021-09,M1,"Microcystis wesenbergii (Komárek) Komárek ex Komárek, 2006",57500.0,Tảo độc,Microcystis wesenbergii,5426741.0,exact
AH_PL,Hồ Ayun Hạ,phytoplankton,2021-09,M2,"Microcystis wesenbergii (Komárek) Komárek ex Komárek, 2006",48300.0,Tảo độc,Microcystis wesenbergii,5426741.0,exact
AH_PL,Hồ Ayun Hạ,phytoplankton,2021-09,M3,"Microcystis wesenbergii (Komárek) Komárek ex Komárek, 2006",55200.0,Tảo độc,Microcystis wesenbergii,5426741.0,exact
AH_PL,Hồ Ayun Hạ,phytoplankton,2021-09,M4,"Microcystis wesenbergii (Komárek) Komárek ex Komárek, 2006",30900.0,Tảo độc,Microcystis wesenbergii,5426741.0,exact
AH_PL,Hồ Ayun Hạ,phytoplankton,2021-09,M5,"Microcystis wesenbergii (Komárek) Komárek ex Komárek, 2006",33350.0,Tảo độc,Microcystis wesenbergii,5426741.0,exact
AH_PL,Hồ Ayun Hạ,phytoplankton,2021-09,M6,"Microcystis wesenbergii (Komárek) Komárek ex Komárek, 2006",8000.0,Tảo độc,Microcystis wesenbergii,5426741.0,exact
AH_PL,Hồ Ayun Hạ,phytoplankton,2021-09,M7,"Microcystis wesenbergii (Komárek) Komárek ex Komárek, 2006",4050.0,Tảo độc,Microcystis wesenbergii,5426741.0,exact
AH_PL,Hồ Ayun Hạ,phytoplankton,2021-09,M8,"Microcystis wesenbergii (Komárek) Komárek ex Komárek, 2006",6900.0,Tảo độc,Microcystis wesenbergii,5426741.0,exact
AH_PL,Hồ Ayun Hạ,phytoplankton,2021-09,M10,"Microcystis wesenbergii (Komárek) Komárek ex Komárek, 2006",100.0,Tảo độc,Microcystis wesenbergii,5426741.0,exact
AH_PL,Hồ Ayun Hạ,phytoplankton,2021-09,M1,Oscillatoria sp.,48300.0,Tảo gây hại,Oscillatoria sp.,7679569.0,exact
AH_PL,Hồ Ayun Hạ,phytoplankton,2021-09,M2,Oscillatoria sp.,89700.0,Tảo gây hại,Oscillatoria sp.,7679569.0,exact
AH_PL,Hồ Ayun Hạ,phytoplankton,2021-09,M3,Oscillatoria sp.,62100.0,Tảo gây hại,Oscillatoria sp.,7679569.0,exact
AH_PL,Hồ Ayun Hạ,phytoplankton,2021-09,M4,Oscillatoria sp.,66700.0,Tảo gây hại,Oscillatoria sp.,7679569.0,exact
AH_PL,Hồ Ayun Hạ,phytoplankton,2021-09,M5,Oscillatoria sp.,88550.0,Tảo gây hại,Oscillatoria sp.,7679569.0,exact
AH_PL,Hồ Ayun Hạ,phytoplankton,2021-09,M6,Oscillatoria sp.,20700.0,Tảo gây hại,Oscillatoria sp.,7679569.0,exact
AH_PL,Hồ Ayun Hạ,phytoplankton,2021-09,M7,Oscillatoria sp.,8550.0,Tảo gây hại,Oscillatoria sp.,7679569.0,exact
AH_PL,Hồ Ayun Hạ,phytoplankton,2021-09,M8,Oscillatoria sp.,22900.0,Tảo gây hại,Oscillatoria sp.,7679569.0,exact
AH_PL,Hồ Ayun Hạ,phytoplankton,2021-09,M9,Oscillatoria sp.,1000.0,Tảo gây hại,Oscillatoria sp.,7679569.0,exact
AH_PL,Hồ Ayun Hạ,phytoplankton,2021-09,M10,Oscillatoria sp.,1800.0,Tảo gây hại,Oscillatoria sp.,7679569.0,exact
AH_PL,Hồ Ayun Hạ,phytoplankton,2021-09,M1,"Anabaena spiroides Klebahn, 1895",87860.0,Tảo độc,Anabaena spiroides,5427219.0,synonym
AH_PL,Hồ Ayun Hạ,phytoplankton,2021-09,M2,"Anabaena spiroides Klebahn, 1895",85100.0,Tảo độc,Anabaena spiroides,5427219.0,synonym
AH_PL,Hồ Ayun Hạ,phytoplankton,2021-09,M3,"Anabaena spiroides Klebahn, 1895",81880.0,Tảo độc,Anabaena spiroides,5427219.0,synonym
AH_PL,Hồ Ayun Hạ,phytoplankton,2021-09,M4,"Anabaena spiroides Klebahn, 1895",15640.0,Tảo độc,Anabaena spiroides,5427219.0,synonym
AH_PL,Hồ Ayun Hạ,phytoplankton,2021-09,M5,"Anabaena spiroides Klebahn, 1895",10695.0,Tảo độc,Anabaena spiroides,5427219.0,synonym
AH_PL,Hồ Ayun Hạ,phytoplankton,2021-09,M6,"Anabaena spiroides Klebahn, 1895",1035.0,Tảo độc,Anabaena spiroides,5427219.0,synonym
AH_PL,Hồ Ayun Hạ,phytoplankton,2021-09,M7,"Anabaena spiroides Klebahn, 1895",450.0,Tảo độc,Anabaena spiroides,5427219.0,synonym
AH_PL,Hồ Ayun Hạ,phytoplankton,2021-09,M8,"Anabaena spiroides Klebahn, 1895",2975.0,Tảo độc,Anabaena spiroides,5427219.0,synonym
AH_PL,Hồ Ayun Hạ,phytoplankton,2021-09,M9,"Anabaena spiroides Klebahn, 1895",25.0,Tảo độc,Anabaena spiroides,5427219.0,synonym
AH_PL,Hồ Ayun Hạ,phytoplankton,2021-09,M7,"Merismopedia glauca (Ehrenberg) Kützing, 1845",24.0,,Merismopedia glauca,3217188.0,exact
AH_PL,Hồ Ayun Hạ,phytoplankton,2021-09,M9,"Merismopedia glauca (Ehrenberg) Kützing, 1845",96.0,,Merismopedia glauca,3217188.0,exact
AH_PL,Hồ Ayun Hạ,phytoplankton,2021-09,M1,"Pseudanabaena mucicola (Naumann & Huber-Pestalozzi) Schwabe, 1964",11500.0,Tảo độc,Pseudanabaena mucicola,3218049.0,exact
AH_PL,Hồ Ayun Hạ,phytoplankton,2021-09,M2,"Pseudanabaena mucicola (Naumann & Huber-Pestalozzi) Schwabe, 1964",10500.0,Tảo độc,Pseudanabaena mucicola,3218049.0,exact
AH_PL,Hồ Ayun Hạ,phytoplankton,2021-09,M3,"Pseudanabaena mucicola (Naumann & Huber-Pestalozzi) Schwabe, 1964",23000.0,Tảo độc,Pseudanabaena mucicola,3218049.0,exact
AH_PL,Hồ Ayun Hạ,phytoplankton,2021-09,M4,"Pseudanabaena mucicola (Naumann & Huber-Pestalozzi) Schwabe, 1964",6400.0,Tảo độc,Pseudanabaena mucicola,3218049.0,exact
AH_PL,Hồ Ayun Hạ,phytoplankton,2021-09,M5,"Pseudanabaena mucicola (Naumann & Huber-Pestalozzi) Schwabe, 1964",10550.0,Tảo độc,Pseudanabaena mucicola,3218049.0,exact
AH_PL,Hồ Ayun Hạ,phytoplankton,2021-09,M6,"Pseudanabaena mucicola (Naumann & Huber-Pestalozzi) Schwabe, 1964",900.0,Tảo độc,Pseudanabaena mucicola,3218049.0,exact
AH_PL,Hồ Ayun Hạ,phytoplankton,2021-09,M8,"Pseudanabaena mucicola (Naumann & Huber-Pestalozzi) Schwabe, 1964",750.0,Tảo độc,Pseudanabaena mucicola,3218049.0,exact
AH_PL,Hồ Ayun Hạ,phytoplankton,2021-09,M9,"Dinobryon sertularia Ehrenberg, 1834",7.0,,Dinobryon sertularia,3194959.0,exact
AH_PL,Hồ Ayun Hạ,phytoplankton,2021-09,M10,"Dinobryon sertularia Ehrenberg, 1834",10.0,,Dinobryon sertularia,3194959.0,exact
AH_PL,Hồ Ayun Hạ,phytoplankton,2021-09,M6,"Cymbella tumida (Brébisson) Van Heurck, 1880",1.0,,Cymbella tumida,9556824.0,exact
AH_PL,Hồ Ayun Hạ,phytoplankton,2021-09,M7,"Cymbella tumida (Brébisson) Van Heurck, 1880",7.0,,Cymbella tumida,9556824.0,exact
AH_PL,Hồ Ayun Hạ,phytoplankton,2021-09,M1,"Gomphonema gracile Ehrenberg, 1838",1.0,,Gomphonema gracile,7693012.0,exact
AH_PL,Hồ Ayun Hạ,phytoplankton,2021-09,M5,"Gomphonema gracile Ehrenberg, 1838",-1.0,,Gomphonema gracile,7693012.0,exact
AH_PL,Hồ Ayun Hạ,phytoplankton,2021-09,M7,"Gomphonema gracile Ehrenberg, 1838",23.0,,Gomphonema gracile,7693012.0,exact
AH_PL,Hồ Ayun Hạ,phytoplankton,2021-09,M8,"Gomphonema gracile Ehrenberg, 1838",1.0,,Gomphonema gracile,7693012.0,exact
AH_PL,Hồ Ayun Hạ,phytoplankton,2021-09,M10,"Gomphonema gracile Ehrenberg, 1838",-1.0,,Gomphonema gracile,7693012.0,exact
AH_PL,Hồ Ayun Hạ,phytoplankton,2021-09,M1,"Synedra acus Kützing, 1844",180.0,,Synedra acus,9471011.0,exact
AH_PL,Hồ Ayun Hạ,phytoplankton,2021-09,M2,"Synedra acus Kützing, 1844",138.0,,Synedra acus,9471011.0,exact
AH_PL,Hồ Ayun Hạ,phytoplankton,2021-09,M3,"Synedra acus Kützing, 1844",92.0,,Synedra acus,9471011.0,exact
AH_PL,Hồ Ayun Hạ,phytoplankton,2021-09,M4,"Synedra acus Kützing, 1844",46.0,,Synedra acus,9471011.0,exact
AH_PL,Hồ Ayun Hạ,phytoplankton,2021-09,M5,"Synedra acus Kützing, 1844",105.0,,Synedra acus,9471011.0,exact
AH_PL,Hồ Ayun Hạ,phytoplankton,2021-09,M6,"Synedra acus Kützing, 1844",35.0,,Synedra acus,9471011.0,exact
AH_PL,Hồ Ayun Hạ,phytoplankton,2021-09,M7,"Synedra acus Kützing, 1844",70.0,,Synedra acus,9471011.0,exact
AH_PL,Hồ Ayun Hạ,phytoplankton,2021-09,M8,"Synedra acus Kützing, 1844",63.0,,Synedra acus,9471011.0,exact
AH_PL,Hồ Ayun Hạ,phytoplankton,2021-09,M9,"Synedra acus Kützing, 1844",38.0,,Synedra acus,9471011.0,exact
AH_PL,Hồ Ayun Hạ,phytoplankton,2021-09,M10,"Synedra acus Kützing, 1844",132.0,,Synedra acus,9471011.0,exact
AH_PL,Hồ Ayun Hạ,phytoplankton,2021-09,M3,"Synedra ulna (Nitzsch) Ehrenberg, 1832",5.0,,Synedra ulna,3192457.0,exact
AH_PL,Hồ Ayun Hạ,phytoplankton,2021-09,M5,"Synedra ulna (Nitzsch) Ehrenberg, 1832",1.0,,Synedra ulna,3192457.0,exact
AH_PL,Hồ Ayun Hạ,phytoplankton,2021-09,M6,"Synedra ulna (Nitzsch) Ehrenberg, 1832",7.0,,Synedra ulna,3192457.0,exact
AH_PL,Hồ Ayun Hạ,phytoplankton,2021-09,M7,"Synedra ulna (Nitzsch) Ehrenberg, 1832",2.0,,Synedra ulna,3192457.0,exact
AH_PL,Hồ Ayun Hạ,phytoplankton,2021-09,M8,"Synedra ulna (Nitzsch) Ehrenberg, 1832",5.0,,Synedra ulna,3192457.0,exact
AH_PL,Hồ Ayun Hạ,phytoplankton,2021-09,M9,"Synedra ulna (Nitzsch) Ehrenberg, 1832",3.0,,Synedra ulna,3192457.0,exact
AH_PL,Hồ Ayun Hạ,phytoplankton,2021-09,M10,"Synedra ulna (Nitzsch) Ehrenberg, 1832",3.0,,Synedra ulna,3192457.0,exact
AH_PL,Hồ Ayun Hạ,phytoplankton,2021-09,M3,"Gyrosigma acuminatum (Kützing) Rabenhorst, 1853",1.0,,Gyrosigma acuminatum,7369131.0,exact
AH_PL,Hồ Ayun Hạ,phytoplankton,2021-09,M6,"Gyrosigma acuminatum (Kützing) Rabenhorst, 1853",4.0,,Gyrosigma acuminatum,7369131.0,exact
AH_PL,Hồ Ayun Hạ,phytoplankton,2021-09,M7,"Gyrosigma acuminatum (Kützing) Rabenhorst, 1853",-1.0,,Gyrosigma acuminatum,7369131.0,exact
AH_PL,Hồ Ayun Hạ,phytoplankton,2021-09,M8,"Gyrosigma acuminatum (Kützing) Rabenhorst, 1853",1.0,,Gyrosigma acuminatum,7369131.0,exact
AH_PL,Hồ Ayun Hạ,phytoplankton,2021-09,M9,"Gyrosigma acuminatum (Kützing) Rabenhorst, 1853",1.0,,Gyrosigma acuminatum,7369131.0,exact
AH_PL,Hồ Ayun Hạ,phytoplankton,2021-09,M10,"Gyrosigma acuminatum (Kützing) Rabenhorst, 1853",3.0,,Gyrosigma acuminatum,7369131.0,exact
AH_PL,Hồ Ayun Hạ,phytoplankton,2021-09,M2,Pinnularia sp.,1.0,,Pinnularia sp.,,none
AH_PL,Hồ Ayun Hạ,phytoplankton,2021-09,M7,Pinnularia sp.,3.0,,Pinnularia sp.,,none
AH_PL,Hồ Ayun Hạ,phytoplankton,2021-09,M3,"Surirella elegans Ehrenberg, 1843",1.0,,Surirella elegans,2632004.0,exact
AH_PL,Hồ Ayun Hạ,phytoplankton,2021-09,M6,"Surirella elegans Ehrenberg, 1843",-1.0,,Surirella elegans,2632004.0,exact
AH_PL,Hồ Ayun Hạ,phytoplankton,2021-09,M8,"Surirella elegans Ehrenberg, 1843",-1.0,,Surirella elegans,2632004.0,exact
AH_PL,Hồ Ayun Hạ,phytoplankton,2021-09,M10,"Surirella elegans Ehrenberg, 1843",2.0,,Surirella elegans,2632004.0,exact
AH_PL,Hồ Ayun Hạ,phytoplankton,2021-09,M1,"Surirella robusta Ehrenberg, 1841",2.0,,Surirella robusta,7843496.0,exact
AH_PL,Hồ Ayun Hạ,phytoplankton,2021-09,M3,"Surirella robusta Ehrenberg, 1841",2.0,,Surirella robusta,7843496.0,exact
AH_PL,Hồ Ayun Hạ,phytoplankton,2021-09,M4,"Surirella robusta Ehrenberg, 1841",-1.0,,Surirella robusta,7843496.0,exact
AH_PL,Hồ Ayun Hạ,phytoplankton,2021-09,M6,"Surirella robusta Ehrenberg, 1841",21.0,,Surirella robusta,7843496.0,exact
AH_PL,Hồ Ayun Hạ,phytoplankton,2021-09,M7,"Surirella robusta Ehrenberg, 1841",28.0,,Surirella robusta,7843496.0,exact
AH_PL,Hồ Ayun Hạ,phytoplankton,2021-09,M8,"Surirella robusta Ehrenberg, 1841",1.0,,Surirella robusta,7843496.0,exact
AH_PL,Hồ Ayun Hạ,phytoplankton,2021-09,M9,"Surirella robusta Ehrenberg, 1841",7.0,,Surirella robusta,7843496.0,exact
AH_PL,Hồ Ayun Hạ,phytoplankton,2021-09,M10,"Surirella robusta Ehrenberg, 1841",31.0,,Surirella robusta,7843496.0,exact
AH_PL,Hồ Ayun Hạ,phytoplankton,2021-09,M1,"Melosira granulata (Ehrenberg) Ralfs, 1861",40950.0,,Melosira granulata,9501075.0,exact
AH_PL,Hồ Ayun Hạ,phytoplankton,2021-09,M2,"Melosira granulata (Ehrenberg) Ralfs, 1861",40020.0,,Melosira granulata,9501075.0,exact
AH_PL,Hồ Ayun Hạ,phytoplankton,2021-09,M3,"Melosira granulata (Ehrenberg) Ralfs, 1861",45770.0,,Melosira granulata,9501075.0,exact
AH_PL,Hồ Ayun Hạ,phytoplankton,2021-09,M4,"Melosira granulata (Ehrenberg) Ralfs, 1861",39560.0,,Melosira granulata,9501075.0,exact
AH_PL,Hồ Ayun Hạ,phytoplankton,2021-09,M5,"Melosira granulata (Ehrenberg) Ralfs, 1861",99590.0,,Melosira granulata,9501075.0,exact
AH_PL,Hồ Ayun Hạ,phytoplankton,2021-09,M6,"Melosira granulata (Ehrenberg) Ralfs, 1861",52900.0,,Melosira granulata,9501075.0,exact
AH_PL,Hồ Ayun Hạ,phytoplankton,2021-09,M7,"Melosira granulata (Ehrenberg) Ralfs, 1861",39560.0,,Melosira granulata,9501075.0,exact
AH_PL,Hồ Ayun Hạ,phytoplankton,2021-09,M8,"Melosira granulata (Ehrenberg) Ralfs, 1861",29325.0,,Melosira granulata,9501075.0,exact
AH_PL,Hồ Ayun Hạ,phytoplankton,2021-09,M9,"Melosira granulata (Ehrenberg) Ralfs, 1861",5980.0,,Melosira granulata,9501075.0,exact
AH_PL,Hồ Ayun Hạ,phytoplankton,2021-09,M10,"Melosira granulata (Ehrenberg) Ralfs, 1861",14375.0,,Melosira granulata,9501075.0,exact
AH_PL,Hồ Ayun Hạ,phytoplankton,2021-09,M1,"Sphaerocystis schroeteri Chodat, 1897",24288.0,,Sphaerocystis schroeteri,5271438.0,exact
AH_PL,Hồ Ayun Hạ,phytoplankton,2021-09,M2,"Sphaerocystis schroeteri Chodat, 1897",36984.0,,Sphaerocystis schroeteri,5271438.0,exact
AH_PL,Hồ Ayun Hạ,phytoplankton,2021-09,M3,"Sphaerocystis schroeteri Chodat, 1897",26496.0,,Sphaerocystis schroeteri,5271438.0,exact
AH_PL,Hồ Ayun Hạ,phytoplankton,2021-09,M4,"Sphaerocystis schroeteri Chodat, 1897",11316.0,,Sphaerocystis schroeteri,5271438.0,exact
AH_PL,Hồ Ayun Hạ,phytoplankton,2021-09,M5,"Sphaerocystis schroeteri Chodat, 1897",37260.0,,Sphaerocystis schroeteri,5271438.0,exact
AH_PL,Hồ Ayun Hạ,phytoplankton,2021-09,M6,"Sphaerocystis schroeteri Chodat, 1897",11040.0,,Sphaerocystis schroeteri,5271438.0,exact
AH_PL,Hồ Ayun Hạ,phytoplankton,2021-09,M7,"Sphaerocystis schroeteri Chodat, 1897",5520.0,,Sphaerocystis schroeteri,5271438.0,exact
AH_PL,Hồ Ayun Hạ,phytoplankton,2021-09,M8,"Sphaerocystis schroeteri Chodat, 1897",13524.0,,Sphaerocystis schroeteri,5271438.0,exact
AH_PL,Hồ Ayun Hạ,phytoplankton,2021-09,M9,"Sphaerocystis schroeteri Chodat, 1897",900.0,,Sphaerocystis schroeteri,5271438.0,exact
AH_PL,Hồ Ayun Hạ,phytoplankton,2021-09,M10,"Sphaerocystis schroeteri Chodat, 1897",708.0,,Sphaerocystis schroeteri,5271438.0,exact
AH_PL,Hồ Ayun Hạ,phytoplankton,2021-09,M1,"Eudorina elegans Ehrenberg, 1832",2432.0,,Eudorina elegans,5271384.0,exact
AH_PL,Hồ Ayun Hạ,phytoplankton,2021-09,M2,"Eudorina elegans Ehrenberg, 1832",3936.0,,Eudorina elegans,5271384.0,exact
AH_PL,Hồ Ayun Hạ,phytoplankton,2021-09,M3,"Eudorina elegans Ehrenberg, 1832",3776.0,,Eudorina elegans,5271384.0,exact
AH_PL,Hồ Ayun Hạ,phytoplankton,2021-09,M4,"Eudorina elegans Ehrenberg, 1832",5456.0,,Eudorina elegans,5271384.0,exact
AH_PL,Hồ Ayun Hạ,phytoplankton,2021-09,M5,"Eudorina elegans Ehrenberg, 1832",26128.0,,Eudorina elegans,5271384.0,exact
AH_PL,Hồ Ayun Hạ,phytoplankton,2021-09,M6,"Eudorina elegans Ehrenberg, 1832",9200.0,,Eudorina elegans,5271384.0,exact
AH_PL,Hồ Ayun Hạ,phytoplankton,2021-09,M7,"Eudorina elegans Ehrenberg, 1832",10304.0,,Eudorina elegans,5271384.0,exact
AH_PL,Hồ Ayun Hạ,phytoplankton,2021-09,M8,"Eudorina elegans Ehrenberg, 1832",4640.0,,Eudorina elegans,5271384.0,exact
AH_PL,Hồ Ayun Hạ,phytoplankton,2021-09,M9,"Eudorina elegans Ehrenberg, 1832",880.0,,Eudorina elegans,5271384.0,exact
AH_PL,Hồ Ayun Hạ,phytoplankton,2021-09,M10,"Eudorina elegans Ehrenberg, 1832",160.0,,Eudorina elegans,5271384.0,exact
AH_PL,Hồ Ayun Hạ,phytoplankton,2021-09,M3,"Pandorina morum (O.F.Müller) Bory, 1826",8.0,,Pandorina morum,5271376.0,exact
AH_PL,Hồ Ayun Hạ,phytoplankton,2021-09,M6,"Pandorina morum (O.F.Müller) Bory, 1826",56.0,,Pandorina morum,5271376.0,exact
AH_PL,Hồ Ayun Hạ,phytoplankton,2021-09,M7,"Pandorina morum (O.F.Müller) Bory, 1826",32.0,,Pandorina morum,5271376.0,exact
AH_PL,Hồ Ayun Hạ,phytoplankton,2021-09,M9,"Pandorina morum (O.F.Müller) Bory, 1826",8.0,,Pandorina morum,5271376.0,exact
AH_PL,Hồ Ayun Hạ,phytoplankton,2021-09,M10,"Pandorina morum (O.F.Müller) Bory, 1826",12.0,,Pandorina morum,5271376.0,exact
AH_PL,Hồ Ayun Hạ,phytoplankton,2021-09,M1,"Pediastrum duplex Meyen, 1829",2320.0,,Pediastrum duplex,2641920.0,exact
AH_PL,Hồ Ayun Hạ,phytoplankton,2021-09,M2,"Pediastrum duplex Meyen, 1829",3168.0,,Pediastrum duplex,2641920.0,exact
AH_PL,Hồ Ayun Hạ,phytoplankton,2021-09,M3,"Pediastrum duplex Meyen, 1829",1392.0,,Pediastrum duplex,2641920.0,exact
AH_PL,Hồ Ayun Hạ,phytoplankton,2021-09,M4,"Pediastrum duplex Meyen, 1829",512.0,,Pediastrum duplex,2641920.0,exact
AH_PL,Hồ Ayun Hạ,phytoplankton,2021-09,M5,"Pediastrum duplex Meyen, 1829",5152.0,,Pediastrum duplex,2641920.0,exact
AH_PL,Hồ Ayun Hạ,phytoplankton,2021-09,M6,"Pediastrum duplex Meyen, 1829",1848.0,,Pediastrum duplex,2641920.0,exact
AH_PL,Hồ Ayun Hạ,phytoplankton,2021-09,M7,"Pediastrum duplex Meyen, 1829",1736.0,,Pediastrum duplex,2641920.0,exact
AH_PL,Hồ Ayun Hạ,phytoplankton,2021-09,M8,"Pediastrum duplex Meyen, 1829",840.0,,Pediastrum duplex,2641920.0,exact
AH_PL,Hồ Ayun Hạ,phytoplankton,2021-09,M9,"Pediastrum duplex Meyen, 1829",400.0,,Pediastrum duplex,2641920.0,exact
AH_PL,Hồ Ayun Hạ,phytoplankton,2021-09,M10,"Pediastrum duplex Meyen, 1829",1004.0,,Pediastrum duplex,2641920.0,exact
AH_PL,Hồ Ayun Hạ,phytoplankton,2021-09,M1,"Pediastrum simplex Meyen, 1829",5104.0,,Pediastrum simplex,2641899.0,synonym
AH_PL,Hồ Ayun Hạ,phytoplankton,2021-09,M2,"Pediastrum simplex Meyen, 1829",9888.0,,Pediastrum simplex,2641899.0,synonym
AH_PL,Hồ Ayun Hạ,phytoplankton,2021-09,M3,"Pediastrum simplex Meyen, 1829",5104.0,,Pediastrum simplex,2641899.0,synonym
AH_PL,Hồ Ayun Hạ,phytoplankton,2021-09,M4,"Pediastrum simplex Meyen, 1829",4664.0,,Pediastrum simplex,2641899.0,synonym
AH_PL,Hồ Ayun Hạ,phytoplankton,2021-09,M5,"Pediastrum simplex Meyen, 1829",18584.0,,Pediastrum simplex,2641899.0,synonym
AH_PL,Hồ Ayun Hạ,phytoplankton,2021-09,M6,"Pediastrum simplex Meyen, 1829",7176.0,,Pediastrum simplex,2641899.0,synonym
AH_PL,Hồ Ayun Hạ,phytoplankton,2021-09,M7,"Pediastrum simplex Meyen, 1829",5888.0,,Pediastrum simplex,2641899.0,synonym
AH_PL,Hồ Ayun Hạ,phytoplankton,2021-09,M8,"Pediastrum simplex Meyen, 1829",2448.0,,Pediastrum simplex,2641899.0,synonym
AH_PL,Hồ Ayun Hạ,phytoplankton,2021-09,M9,"Pediastrum simplex Meyen, 1829",800.0,,Pediastrum simplex,2641899.0,synonym
AH_PL,Hồ Ayun Hạ,phytoplankton,2021-09,M10,"Pediastrum simplex Meyen, 1829",5896.0,,Pediastrum simplex,2641899.0,synonym
AH_PL,Hồ Ayun Hạ,phytoplankton,2021-09,M1,"Pediastrum tetras (Ehrenberg) Ralfs, 1844",208.0,,Pediastrum tetras,2641911.0,synonym
AH_PL,Hồ Ayun Hạ,phytoplankton,2021-09,M2,"Pediastrum tetras (Ehrenberg) Ralfs, 1844",240.0,,Pediastrum tetras,2641911.0,synonym
AH_PL,Hồ Ayun Hạ,phytoplankton,2021-09,M3,"Pediastrum tetras (Ehrenberg) Ralfs, 1844",80.0,,Pediastrum tetras,2641911.0,synonym
AH_PL,Hồ Ayun Hạ,phytoplankton,2021-09,M4,"Pediastrum tetras (Ehrenberg) Ralfs, 1844",52.0,,Pediastrum tetras,2641911.0,synonym
AH_PL,Hồ Ayun Hạ,phytoplankton,2021-09,M5,"Pediastrum tetras (Ehrenberg) Ralfs, 1844",124.0,,Pediastrum tetras,2641911.0,synonym
AH_PL,Hồ Ayun Hạ,phytoplankton,2021-09,M6,"Pediastrum tetras (Ehrenberg) Ralfs, 1844",112.0,,Pediastrum tetras,2641911.0,synonym
AH_PL,Hồ Ayun Hạ,phytoplankton,2021-09,M8,"Pediastrum tetras (Ehrenberg) Ralfs, 1844",28.0,,Pediastrum tetras,2641911.0,synonym
AH_PL,Hồ Ayun Hạ,phytoplankton,2021-09,M9,"Pediastrum tetras (Ehrenberg) Ralfs, 1844",4.0,,Pediastrum tetras,2641911.0,synonym
AH_PL,Hồ Ayun Hạ,phytoplankton,2021-09,M10,"Pediastrum tetras (Ehrenberg) Ralfs, 1844",48.0,,Pediastrum tetras,2641911.0,synonym
AH_PL,Hồ Ayun Hạ,phytoplankton,2021-09,M1,"Tetraedron gracile (Reinsch) Hansgirg, 1889",9.0,,Tetraedron gracile,10535837.0,exact
AH_PL,Hồ Ayun Hạ,phytoplankton,2021-09,M2,"Tetraedron gracile (Reinsch) Hansgirg, 1889",9.0,,Tetraedron gracile,10535837.0,exact
AH_PL,Hồ Ayun Hạ,phytoplankton,2021-09,M3,"Tetraedron gracile (Reinsch) Hansgirg, 1889",12.0,,Tetraedron gracile,10535837.0,exact
AH_PL,Hồ Ayun Hạ,phytoplankton,2021-09,M4,"Tetraedron gracile (Reinsch) Hansgirg, 1889",6.0,,Tetraedron gracile,10535837.0,exact
AH_PL,Hồ Ayun Hạ,phytoplankton,2021-09,M5,"Tetraedron gracile (Reinsch) Hansgirg, 1889",10.0,,Tetraedron gracile,10535837.0,exact
AH_PL,Hồ Ayun Hạ,phytoplankton,2021-09,M6,"Tetraedron gracile (Reinsch) Hansgirg, 1889",7.0,,Tetraedron gracile,10535837.0,exact
AH_PL,Hồ Ayun Hạ,phytoplankton,2021-09,M7,"Tetraedron gracile (Reinsch) Hansgirg, 1889",4.0,,Tetraedron gracile,10535837.0,exact
AH_PL,Hồ Ayun Hạ,phytoplankton,2021-09,M10,"Tetraedron gracile (Reinsch) Hansgirg, 1889",1.0,,Tetraedron gracile,10535837.0,exact
AH_PL,Hồ Ayun Hạ,phytoplankton,2021-09,M5,"Tetraëdron incus (Teiling) G.M.Smith, 1926",2.0,,Tetraedron incus,2642397.0,synonym
AH_PL,Hồ Ayun Hạ,phytoplankton,2021-09,M5,"Tetraëdron regulare Kützing, 1845",14.0,,Tetraedron regulare,10604751.0,exact
AH_PL,Hồ Ayun Hạ,phytoplankton,2021-09,M7,"Tetraëdron regulare Kützing, 1845",31.0,,Tetraedron regulare,10604751.0,exact
AH_PL,Hồ Ayun Hạ,phytoplankton,2021-09,M9,"Tetraëdron regulare Kützing, 1845",2.0,,Tetraedron regulare,10604751.0,exact
AH_PL,Hồ Ayun Hạ,phytoplankton,2021-09,M10,"Tetraëdron regulare Kützing, 1845",4.0,,Tetraedron regulare,10604751.0,exact
AH_PL,Hồ Ayun Hạ,phytoplankton,2021-09,M5,Tetraedron trigonum (Nägeli) Hansgirg,1.0,,Tetraedron trigonum,2642391.0,exact
AH_PL,Hồ Ayun Hạ,phytoplankton,2021-09,M7,Tetraedron trigonum (Nägeli) Hansgirg,-1.0,,Tetraedron trigonum,2642391.0,exact
AH_PL,Hồ Ayun Hạ,phytoplankton,2021-09,M8,Tetraedron trigonum (Nägeli) Hansgirg,1.0,,Tetraedron trigonum,2642391.0,exact
AH_PL,Hồ Ayun Hạ,phytoplankton,2021-09,M10,Tetraedron trigonum (Nägeli) Hansgirg,6.0,,Tetraedron trigonum,2642391.0,exact
AH_PL,Hồ Ayun Hạ,phytoplankton,2021-09,M1,"Coelastrum microsporum Nägeli, 1849",1072.0,,Coelastrum microsporum,2640979.0,fuzzy
AH_PL,Hồ Ayun Hạ,phytoplankton,2021-09,M2,"Coelastrum microsporum Nägeli, 1849",928.0,,Coelastrum microsporum,2640979.0,fuzzy
AH_PL,Hồ Ayun Hạ,phytoplankton,2021-09,M3,"Coelastrum microsporum Nägeli, 1849",1176.0,,Coelastrum microsporum,2640979.0,fuzzy
AH_PL,Hồ Ayun Hạ,phytoplankton,2021-09,M4,"Coelastrum microsporum Nägeli, 1849",976.0,,Coelastrum microsporum,2640979.0,fuzzy
AH_PL,Hồ Ayun Hạ,phytoplankton,2021-09,M5,"Coelastrum microsporum Nägeli, 1849",1792.0,,Coelastrum microsporum,2640979.0,fuzzy
AH_PL,Hồ Ayun Hạ,phytoplankton,2021-09,M6,"Coelastrum microsporum Nägeli, 1849",1064.0,,Coelastrum microsporum,2640979.0,fuzzy
AH_PL,Hồ Ayun Hạ,phytoplankton,2021-09,M7,"Coelastrum microsporum Nägeli, 1849",2432.0,,Coelastrum microsporum,2640979.0,fuzzy
AH_PL,Hồ Ayun Hạ,phytoplankton,2021-09,M8,"Coelastrum microsporum Nägeli, 1849",560.0,,Coelastrum microsporum,2640979.0,fuzzy
AH_PL,Hồ Ayun Hạ,phytoplankton,2021-09,M9,"Coelastrum microsporum Nägeli, 1849",80.0,,Coelastrum microsporum,2640979.0,fuzzy
AH_PL,Hồ Ayun Hạ,phytoplankton,2021-09,M10,"Coelastrum microsporum Nägeli, 1849",240.0,,Coelastrum microsporum,2640979.0,fuzzy
AH_PL,Hồ Ayun Hạ,phytoplankton,2021-09,M2,"Scenedesmus acuminatus (Lagerheim) Chodat, 1902",8.0,,Scenedesmus acuminatus,2640873.0,synonym
AH_PL,Hồ Ayun Hạ,phytoplankton,2021-09,M5,"Scenedesmus acuminatus (Lagerheim) Chodat, 1902",56.0,,Scenedesmus acuminatus,2640873.0,synonym
AH_PL,Hồ Ayun Hạ,phytoplankton,2021-09,M6,"Scenedesmus acuminatus (Lagerheim) Chodat, 1902",4.0,,Scenedesmus acuminatus,2640873.0,synonym
AH_PL,Hồ Ayun Hạ,phytoplankton,2021-09,M8,"Scenedesmus acuminatus (Lagerheim) Chodat, 1902",4.0,,Scenedesmus acuminatus,2640873.0,synonym
AH_PL,Hồ Ayun Hạ,phytoplankton,2021-09,M10,"Scenedesmus acuminatus (Lagerheim) Chodat, 1902",132.0,,Scenedesmus acuminatus,2640873.0,synonym
AH_PL,Hồ Ayun Hạ,phytoplankton,2021-09,M1,"Scenedesmus bijugatus Kützing, 1834",4.0,,Scenedesmus bijugatus,8795.0,higherrank
AH_PL,Hồ Ayun Hạ,phytoplankton,2021-09,M2,"Scenedesmus bijugatus Kützing, 1834",4.0,,Scenedesmus bijugatus,8795.0,higherrank
AH_PL,Hồ Ayun Hạ,phytoplankton,2021-09,M4,"Scenedesmus bijugatus Kützing, 1834",28.0,,Scenedesmus bijugatus,8795.0,higherrank
AH_PL,Hồ Ayun Hạ,phytoplankton,2021-09,M4,"Scenedesmus quadricauda (Turpin) Brébisson, 1835",4.0,,Scenedesmus quadricauda,7711060.0,exact
AH_PL,Hồ Ayun Hạ,phytoplankton,2021-09,M5,"Scenedesmus quadricauda (Turpin) Brébisson, 1835",34.0,,Scenedesmus quadricauda,7711060.0,exact
AH_PL,Hồ Ayun Hạ,phytoplankton,2021-09,M6,"Scenedesmus quadricauda (Turpin) Brébisson, 1835",44.0,,Scenedesmus quadricauda,7711060.0,exact
AH_PL,Hồ Ayun Hạ,phytoplankton,2021-09,M7,"Scenedesmus quadricauda (Turpin) Brébisson, 1835",59.0,,Scenedesmus quadricauda,7711060.0,exact
AH_PL,Hồ Ayun Hạ,phytoplankton,2021-09,M9,"Scenedesmus quadricauda (Turpin) Brébisson, 1835",6.0,,Scenedesmus quadricauda,7711060.0,exact
AH_PL,Hồ Ayun Hạ,phytoplankton,2021-09,M10,"Scenedesmus quadricauda (Turpin) Brébisson, 1835",20.0,,Scenedesmus quadricauda,7711060.0,exact
AH_PL,Hồ Ayun Hạ,phytoplankton,2021-09,M2,"Ankistrodesmus arcuatus Korshikov, 1953",1.0,,Ankistrodesmus arcuatus,2641579.0,synonym
AH_PL,Hồ Ayun Hạ,phytoplankton,2021-09,M3,"Ankistrodesmus arcuatus Korshikov, 1953",1.0,,Ankistrodesmus arcuatus,2641579.0,synonym
AH_PL,Hồ Ayun Hạ,phytoplankton,2021-09,M6,"Ankistrodesmus arcuatus Korshikov, 1953",12.0,,Ankistrodesmus arcuatus,2641579.0,synonym
AH_PL,Hồ Ayun Hạ,phytoplankton,2021-09,M7,"Ankistrodesmus arcuatus Korshikov, 1953",3.0,,Ankistrodesmus arcuatus,2641579.0,synonym
AH_PL,Hồ Ayun Hạ,phytoplankton,2021-09,M8,"Ankistrodesmus arcuatus Korshikov, 1953",5.0,,Ankistrodesmus arcuatus,2641579.0,synonym
AH_PL,Hồ Ayun Hạ,phytoplankton,2021-09,M9,"Ankistrodesmus arcuatus Korshikov, 1953",2.0,,Ankistrodesmus arcuatus,2641579.0,synonym
AH_PL,Hồ Ayun Hạ,phytoplankton,2021-09,M10,"Ankistrodesmus arcuatus Korshikov, 1953",6.0,,Ankistrodesmus arcuatus,2641579.0,synonym
AH_PL,Hồ Ayun Hạ,phytoplankton,2021-09,M3,"Ankistrodesmus bibraianus (Reinsch) Korshikov, 1953",32.0,,Ankistrodesmus bibraianus,2641191.0,synonym
AH_PL,Hồ Ayun Hạ,phytoplankton,2021-09,M6,"Ankistrodesmus bibraianus (Reinsch) Korshikov, 1953",40.0,,Ankistrodesmus bibraianus,2641191.0,synonym
AH_PL,Hồ Ayun Hạ,phytoplankton,2021-09,M7,"Ankistrodesmus bibraianus (Reinsch) Korshikov, 1953",104.0,,Ankistrodesmus bibraianus,2641191.0,synonym
AH_PL,Hồ Ayun Hạ,phytoplankton,2021-09,M9,"Ankistrodesmus bibraianus (Reinsch) Korshikov, 1953",8.0,,Ankistrodesmus bibraianus,2641191.0,synonym
AH_PL,Hồ Ayun Hạ,phytoplankton,2021-09,M10,"Ankistrodesmus bibraianus (Reinsch) Korshikov, 1953",24.0,,Ankistrodesmus bibraianus,2641191.0,synonym
AH_PL,Hồ Ayun Hạ,phytoplankton,2021-09,M4,"Ankistrodesmus fusiformis Corda, 1838",12.0,,Ankistrodesmus fusiformis,7699361.0,exact
AH_PL,Hồ Ayun Hạ,phytoplankton,2021-09,M1,"Kirchneriella lunaris (Kirchner) K.Möbius, 1894",1752.0,,Kirchneriella lunaris,5271638.0,exact
AH_PL,Hồ Ayun Hạ,phytoplankton,2021-09,M2,"Kirchneriella lunaris (Kirchner) K.Möbius, 1894",1032.0,,Kirchneriella lunaris,5271638.0,exact
AH_PL,Hồ Ayun Hạ,phytoplankton,2021-09,M3,"Kirchneriella lunaris (Kirchner) K.Möbius, 1894",1656.0,,Kirchneriella lunaris,5271638.0,exact
AH_PL,Hồ Ayun Hạ,phytoplankton,2021-09,M4,"Kirchneriella lunaris (Kirchner) K.Möbius, 1894",1824.0,,Kirchneriella lunaris,5271638.0,exact
AH_PL,Hồ Ayun Hạ,phytoplankton,2021-09,M5,"Kirchneriella lunaris (Kirchner) K.Möbius, 1894",4788.0,,Kirchneriella lunaris,5271638.0,exact
AH_PL,Hồ Ayun Hạ,phytoplankton,2021-09,M6,"Kirchneriella lunaris (Kirchner) K.Möbius, 1894",3024.0,,Kirchneriella lunaris,5271638.0,exact
AH_PL,Hồ Ayun Hạ,phytoplankton,2021-09,M7,"Kirchneriella lunaris (Kirchner) K.Möbius, 1894",1512.0,,Kirchneriella lunaris,5271638.0,exact
AH_PL,Hồ Ayun Hạ,phytoplankton,2021-09,M8,"Kirchneriella lunaris (Kirchner) K.Möbius, 1894",1176.0,,Kirchneriella lunaris,5271638.0,exact
AH_PL,Hồ Ayun Hạ,phytoplankton,2021-09,M9,"Kirchneriella lunaris (Kirchner) K.Möbius, 1894",192.0,,Kirchneriella lunaris,5271638.0,exact
AH_PL,Hồ Ayun Hạ,phytoplankton,2021-09,M10,"Kirchneriella lunaris (Kirchner) K.Möbius, 1894",348.0,,Kirchneriella lunaris,5271638.0,exact
AH_PL,Hồ Ayun Hạ,phytoplankton,2021-09,M2,"Kirchneriella obesa (West) West & G.S.West, 1894",-1.0,,Kirchneriella obesa,5271634.0,exact
AH_PL,Hồ Ayun Hạ,phytoplankton,2021-09,M5,"Kirchneriella obesa (West) West & G.S.West, 1894",504.0,,Kirchneriella obesa,5271634.0,exact
AH_PL,Hồ Ayun Hạ,phytoplankton,2021-09,M2,"Treubaria triappendiculata C.Bernard, 1908",6.0,,Treubaria triappendiculata,2641423.0,exact
AH_PL,Hồ Ayun Hạ,phytoplankton,2021-09,M3,"Treubaria triappendiculata C.Bernard, 1908",14.0,,Treubaria triappendiculata,2641423.0,exact
AH_PL,Hồ Ayun Hạ,phytoplankton,2021-09,M4,"Treubaria triappendiculata C.Bernard, 1908",9.0,,Treubaria triappendiculata,2641423.0,exact
AH_PL,Hồ Ayun Hạ,phytoplankton,2021-09,M5,"Treubaria triappendiculata C.Bernard, 1908",17.0,,Treubaria triappendiculata,2641423.0,exact
AH_PL,Hồ Ayun Hạ,phytoplankton,2021-09,M6,"Treubaria triappendiculata C.Bernard, 1908",7.0,,Treubaria triappendiculata,2641423.0,exact
AH_PL,Hồ Ayun Hạ,phytoplankton,2021-09,M7,"Treubaria triappendiculata C.Bernard, 1908",1.0,,Treubaria triappendiculata,2641423.0,exact
AH_PL,Hồ Ayun Hạ,phytoplankton,2021-09,M8,"Treubaria triappendiculata C.Bernard, 1908",4.0,,Treubaria triappendiculata,2641423.0,exact
AH_PL,Hồ Ayun Hạ,phytoplankton,2021-09,M9,"Treubaria triappendiculata C.Bernard, 1908",1.0,,Treubaria triappendiculata,2641423.0,exact
AH_PL,Hồ Ayun Hạ,phytoplankton,2021-09,M1,"Actinastrum hantzschii Lagerheim, 1882",16.0,,Actinastrum hantzschii,2638622.0,exact
AH_PL,Hồ Ayun Hạ,phytoplankton,2021-09,M2,"Actinastrum hantzschii Lagerheim, 1882",128.0,,Actinastrum hantzschii,2638622.0,exact
AH_PL,Hồ Ayun Hạ,phytoplankton,2021-09,M5,"Actinastrum hantzschii Lagerheim, 1882",112.0,,Actinastrum hantzschii,2638622.0,exact
AH_PL,Hồ Ayun Hạ,phytoplankton,2021-09,M6,"Actinastrum hantzschii Lagerheim, 1882",32.0,,Actinastrum hantzschii,2638622.0,exact
AH_PL,Hồ Ayun Hạ,phytoplankton,2021-09,M7,"Actinastrum hantzschii Lagerheim, 1882",4.0,,Actinastrum hantzschii,2638622.0,exact
AH_PL,Hồ Ayun Hạ,phytoplankton,2021-09,M8,"Actinastrum hantzschii Lagerheim, 1882",48.0,,Actinastrum hantzschii,2638622.0,exact
AH_PL,Hồ Ayun Hạ,phytoplankton,2021-09,M9,"Actinastrum hantzschii Lagerheim, 1882",12.0,,Actinastrum hantzschii,2638622.0,exact
AH_PL,Hồ Ayun Hạ,phytoplankton,2021-09,M10,"Actinastrum hantzschii Lagerheim, 1882",80.0,,Actinastrum hantzschii,2638622.0,exact
AH_PL,Hồ Ayun Hạ,phytoplankton,2021-09,M1,"Chlorella mucosa Korshikov, 1953",50.0,,Chlorella mucosa,8021157.0,synonym
AH_PL,Hồ Ayun Hạ,phytoplankton,2021-09,M2,"Chlorella mucosa Korshikov, 1953",6.0,,Chlorella mucosa,8021157.0,synonym
AH_PL,Hồ Ayun Hạ,phytoplankton,2021-09,M3,"Chlorella mucosa Korshikov, 1953",26.0,,Chlorella mucosa,8021157.0,synonym
AH_PL,Hồ Ayun Hạ,phytoplankton,2021-09,M4,"Chlorella mucosa Korshikov, 1953",7.0,,Chlorella mucosa,8021157.0,synonym
AH_PL,Hồ Ayun Hạ,phytoplankton,2021-09,M5,"Chlorella mucosa Korshikov, 1953",9.0,,Chlorella mucosa,8021157.0,synonym
AH_PL,Hồ Ayun Hạ,phytoplankton,2021-09,M8,"Chlorella mucosa Korshikov, 1953",1.0,,Chlorella mucosa,8021157.0,synonym
AH_PL,Hồ Ayun Hạ,phytoplankton,2021-09,M9,"Chlorella mucosa Korshikov, 1953",10.0,,Chlorella mucosa,8021157.0,synonym
AH_PL,Hồ Ayun Hạ,phytoplankton,2021-09,M10,"Chlorella mucosa Korshikov, 1953",1.0,,Chlorella mucosa,8021157.0,synonym
AH_PL,Hồ Ayun Hạ,phytoplankton,2021-09,M1,"Dictyosphaerium pulchellum H.C. Wood, 1873",1184.0,,Dictyosphaerium pulchellum,2642006.0,synonym
AH_PL,Hồ Ayun Hạ,phytoplankton,2021-09,M2,"Dictyosphaerium pulchellum H.C. Wood, 1873",1568.0,,Dictyosphaerium pulchellum,2642006.0,synonym
AH_PL,Hồ Ayun Hạ,phytoplankton,2021-09,M3,"Dictyosphaerium pulchellum H.C. Wood, 1873",2400.0,,Dictyosphaerium pulchellum,2642006.0,synonym
AH_PL,Hồ Ayun Hạ,phytoplankton,2021-09,M4,"Dictyosphaerium pulchellum H.C. Wood, 1873",4912.0,,Dictyosphaerium pulchellum,2642006.0,synonym
AH_PL,Hồ Ayun Hạ,phytoplankton,2021-09,M5,"Dictyosphaerium pulchellum H.C. Wood, 1873",448.0,,Dictyosphaerium pulchellum,2642006.0,synonym
AH_PL,Hồ Ayun Hạ,phytoplankton,2021-09,M6,"Dictyosphaerium pulchellum H.C. Wood, 1873",1568.0,,Dictyosphaerium pulchellum,2642006.0,synonym
AH_PL,Hồ Ayun Hạ,phytoplankton,2021-09,M7,"Dictyosphaerium pulchellum H.C. Wood, 1873",858.0,,Dictyosphaerium pulchellum,2642006.0,synonym
AH_PL,Hồ Ayun Hạ,phytoplankton,2021-09,M8,"Dictyosphaerium pulchellum H.C. Wood, 1873",688.0,,Dictyosphaerium pulchellum,2642006.0,synonym
AH_PL,Hồ Ayun Hạ,phytoplankton,2021-09,M9,"Dictyosphaerium pulchellum H.C. Wood, 1873",640.0,,Dictyosphaerium pulchellum,2642006.0,synonym
AH_PL,Hồ Ayun Hạ,phytoplankton,2021-09,M10,"Dictyosphaerium pulchellum H.C. Wood, 1873",432.0,,Dictyosphaerium pulchellum,2642006.0,synonym
AH_PL,Hồ Ayun Hạ,phytoplankton,2021-09,M1,"Micractinium bornhemiense (W.Conrad) Korshikov, 1953",594.0,,Micractinium bornhemiense,2641091.0,exact
AH_PL,Hồ Ayun Hạ,phytoplankton,2021-09,M2,"Micractinium bornhemiense (W.Conrad) Korshikov, 1953",1584.0,,Micractinium bornhemiense,2641091.0,exact
AH_PL,Hồ Ayun Hạ,phytoplankton,2021-09,M3,"Micractinium bornhemiense (W.Conrad) Korshikov, 1953",738.0,,Micractinium bornhemiense,2641091.0,exact
AH_PL,Hồ Ayun Hạ,phytoplankton,2021-09,M4,"Micractinium bornhemiense (W.Conrad) Korshikov, 1953",486.0,,Micractinium bornhemiense,2641091.0,exact
AH_PL,Hồ Ayun Hạ,phytoplankton,2021-09,M5,"Micractinium bornhemiense (W.Conrad) Korshikov, 1953",473.0,,Micractinium bornhemiense,2641091.0,exact
AH_PL,Hồ Ayun Hạ,phytoplankton,2021-09,M6,"Micractinium bornhemiense (W.Conrad) Korshikov, 1953",819.0,,Micractinium bornhemiense,2641091.0,exact
AH_PL,Hồ Ayun Hạ,phytoplankton,2021-09,M7,"Micractinium bornhemiense (W.Conrad) Korshikov, 1953",297.0,,Micractinium bornhemiense,2641091.0,exact
AH_PL,Hồ Ayun Hạ,phytoplankton,2021-09,M8,"Micractinium bornhemiense (W.Conrad) Korshikov, 1953",261.0,,Micractinium bornhemiense,2641091.0,exact
AH_PL,Hồ Ayun Hạ,phytoplankton,2021-09,M9,"Micractinium bornhemiense (W.Conrad) Korshikov, 1953",338.0,,Micractinium bornhemiense,2641091.0,exact
AH_PL,Hồ Ayun Hạ,phytoplankton,2021-09,M10,"Micractinium bornhemiense (W.Conrad) Korshikov, 1953",477.0,,Micractinium bornhemiense,2641091.0,exact
AH_PL,Hồ Ayun Hạ,phytoplankton,2021-09,M2,"Micractinium pusillum Fresenius, 1858",384.0,,Micractinium pusillum,2641082.0,exact
AH_PL,Hồ Ayun Hạ,phytoplankton,2021-09,M3,"Micractinium pusillum Fresenius, 1858",80.0,,Micractinium pusillum,2641082.0,exact
AH_PL,Hồ Ayun Hạ,phytoplankton,2021-09,M4,"Micractinium pusillum Fresenius, 1858",80.0,,Micractinium pusillum,2641082.0,exact
AH_PL,Hồ Ayun Hạ,phytoplankton,2021-09,M5,"Micractinium pusillum Fresenius, 1858",16.0,,Micractinium pusillum,2641082.0,exact
AH_PL,Hồ Ayun Hạ,phytoplankton,2021-09,M10,"Micractinium pusillum Fresenius, 1858",24.0,,Micractinium pusillum,2641082.0,exact
AH_PL,Hồ Ayun Hạ,phytoplankton,2021-09,M1,"Nephrocytium agardhianum Nägeli, 1849",272.0,,Nephrocytium agardhianum,2641568.0,exact
AH_PL,Hồ Ayun Hạ,phytoplankton,2021-09,M2,"Nephrocytium agardhianum Nägeli, 1849",206.0,,Nephrocytium agardhianum,2641568.0,exact
AH_PL,Hồ Ayun Hạ,phytoplankton,2021-09,M3,"Nephrocytium agardhianum Nägeli, 1849",192.0,,Nephrocytium agardhianum,2641568.0,exact
AH_PL,Hồ Ayun Hạ,phytoplankton,2021-09,M4,"Nephrocytium agardhianum Nägeli, 1849",156.0,,Nephrocytium agardhianum,2641568.0,exact
AH_PL,Hồ Ayun Hạ,phytoplankton,2021-09,M5,"Nephrocytium agardhianum Nägeli, 1849",532.0,,Nephrocytium agardhianum,2641568.0,exact
AH_PL,Hồ Ayun Hạ,phytoplankton,2021-09,M6,"Nephrocytium agardhianum Nägeli, 1849",168.0,,Nephrocytium agardhianum,2641568.0,exact
AH_PL,Hồ Ayun Hạ,phytoplankton,2021-09,M7,"Nephrocytium agardhianum Nägeli, 1849",140.0,,Nephrocytium agardhianum,2641568.0,exact
AH_PL,Hồ Ayun Hạ,phytoplankton,2021-09,M8,"Nephrocytium agardhianum Nägeli, 1849",420.0,,Nephrocytium agardhianum,2641568.0,exact
AH_PL,Hồ Ayun Hạ,phytoplankton,2021-09,M9,"Nephrocytium agardhianum Nägeli, 1849",60.0,,Nephrocytium agardhianum,2641568.0,exact
AH_PL,Hồ Ayun Hạ,phytoplankton,2021-09,M1,Oocystis sp.,240.0,,Oocystis sp.,2641454.0,exact
AH_PL,Hồ Ayun Hạ,phytoplankton,2021-09,M2,Oocystis sp.,416.0,,Oocystis sp.,2641454.0,exact
AH_PL,Hồ Ayun Hạ,phytoplankton,2021-09,M3,Oocystis sp.,284.0,,Oocystis sp.,2641454.0,exact
AH_PL,Hồ Ayun Hạ,phytoplankton,2021-09,M4,Oocystis sp.,240.0,,Oocystis sp.,2641454.0,exact
AH_PL,Hồ Ayun Hạ,phytoplankton,2021-09,M5,Oocystis sp.,168.0,,Oocystis sp.,2641454.0,exact
AH_PL,Hồ Ayun Hạ,phytoplankton,2021-09,M6,Oocystis sp.,68.0,,Oocystis sp.,2641454.0,exact
AH_PL,Hồ Ayun Hạ,phytoplankton,2021-09,M7,Oocystis sp.,42.0,,Oocystis sp.,2641454.0,exact
AH_PL,Hồ Ayun Hạ,phytoplankton,2021-09,M8,Oocystis sp.,210.0,,Oocystis sp.,2641454.0,exact
AH_PL,Hồ Ayun Hạ,phytoplankton,2021-09,M9,Oocystis sp.,40.0,,Oocystis sp.,2641454.0,exact
AH_PL,Hồ Ayun Hạ,phytoplankton,2021-09,M10,Oocystis sp.,32.0,,Oocystis sp.,2641454.0,exact
AH_PL,Hồ Ayun Hạ,phytoplankton,2021-09,M3,"Crucigenia fenestrata (Schmidle) Schmidle, 1900",-1.0,,Crucigenia fenestrata,2641022.0,exact
AH_PL,Hồ Ayun Hạ,phytoplankton,2021-09,M4,"Crucigenia fenestrata (Schmidle) Schmidle, 1900",112.0,,Crucigenia fenestrata,2641022.0,exact
AH_PL,Hồ Ayun Hạ,phytoplankton,2021-09,M6,"Crucigenia fenestrata (Schmidle) Schmidle, 1900",8.0,,Crucigenia fenestrata,2641022.0,exact
AH_PL,Hồ Ayun Hạ,phytoplankton,2021-09,M7,"Crucigenia fenestrata (Schmidle) Schmidle, 1900",40.0,,Crucigenia fenestrata,2641022.0,exact
AH_PL,Hồ Ayun Hạ,phytoplankton,2021-09,M10,"Crucigenia fenestrata (Schmidle) Schmidle, 1900",112.0,,Crucigenia fenestrata,2641022.0,exact
AH_PL,Hồ Ayun Hạ,phytoplankton,2021-09,M2,"Ulothrix fimbriata Bold, 1958",20.0,,Ulothrix fimbriata,2646309.0,exact
AH_PL,Hồ Ayun Hạ,phytoplankton,2021-09,M4,"Ulothrix fimbriata Bold, 1958",115.0,,Ulothrix fimbriata,2646309.0,exact
AH_PL,Hồ Ayun Hạ,phytoplankton,2021-09,M5,"Ulothrix fimbriata Bold, 1958",150.0,,Ulothrix fimbriata,2646309.0,exact
AH_PL,Hồ Ayun Hạ,phytoplankton,2021-09,M8,"Ulothrix fimbriata Bold, 1958",30.0,,Ulothrix fimbriata,2646309.0,exact
AH_PL,Hồ Ayun Hạ,phytoplankton,2021-09,M10,"Ulothrix fimbriata Bold, 1958",15.0,,Ulothrix fimbriata,2646309.0,exact
AH_PL,Hồ Ayun Hạ,phytoplankton,2021-09,M5,"Closterium acerosum Ehrenberg ex Ralfs, 1848",6.0,,Closterium acerosum,7850845.0,exact
AH_PL,Hồ Ayun Hạ,phytoplankton,2021-09,M7,"Closterium acerosum Ehrenberg ex Ralfs, 1848",38.0,,Closterium acerosum,7850845.0,exact
AH_PL,Hồ Ayun Hạ,phytoplankton,2021-09,M10,"Closterium acerosum Ehrenberg ex Ralfs, 1848",1.0,,Closterium acerosum,7850845.0,exact
AH_PL,Hồ Ayun Hạ,phytoplankton,2021-09,M3,"Closterium cornu Ehrenberg ex Ralfs, 1848",2.0,,Closterium cornu,7638155.0,exact
AH_PL,Hồ Ayun Hạ,phytoplankton,2021-09,M4,"Closterium cornu Ehrenberg ex Ralfs, 1848",9.0,,Closterium cornu,7638155.0,exact
AH_PL,Hồ Ayun Hạ,phytoplankton,2021-09,M5,"Closterium cornu Ehrenberg ex Ralfs, 1848",17.0,,Closterium cornu,7638155.0,exact
AH_PL,Hồ Ayun Hạ,phytoplankton,2021-09,M6,"Closterium cornu Ehrenberg ex Ralfs, 1848",13.0,,Closterium cornu,7638155.0,exact
AH_PL,Hồ Ayun Hạ,phytoplankton,2021-09,M7,"Closterium cornu Ehrenberg ex Ralfs, 1848",17.0,,Closterium cornu,7638155.0,exact
AH_PL,Hồ Ayun Hạ,phytoplankton,2021-09,M8,"Closterium cornu Ehrenberg ex Ralfs, 1848",7.0,,Closterium cornu,7638155.0,exact
AH_PL,Hồ Ayun Hạ,phytoplankton,2021-09,M9,"Closterium cornu Ehrenberg ex Ralfs, 1848",20.0,,Closterium cornu,7638155.0,exact
AH_PL,Hồ Ayun Hạ,phytoplankton,2021-09,M10,"Closterium cornu Ehrenberg ex Ralfs, 1848",11.0,,Closterium cornu,7638155.0,exact
AH_PL,Hồ Ayun Hạ,phytoplankton,2021-09,M5,"Closterium ehrenbergii Meneghini ex Ralfs, 1848",1.0,,Closterium ehrenbergii,2646590.0,exact
AH_PL,Hồ Ayun Hạ,phytoplankton,2021-09,M6,"Closterium ehrenbergii Meneghini ex Ralfs, 1848",6.0,,Closterium ehrenbergii,2646590.0,exact
AH_PL,Hồ Ayun Hạ,phytoplankton,2021-09,M7,"Closterium ehrenbergii Meneghini ex Ralfs, 1848",2.0,,Closterium ehrenbergii,2646590.0,exact
AH_PL,Hồ Ayun Hạ,phytoplankton,2021-09,M8,"Closterium ehrenbergii Meneghini ex Ralfs, 1848",2.0,,Closterium ehrenbergii,2646590.0,exact
AH_PL,Hồ Ayun Hạ,phytoplankton,2021-09,M9,"Closterium ehrenbergii Meneghini ex Ralfs, 1848",3.0,,Closterium ehrenbergii,2646590.0,exact
AH_PL,Hồ Ayun Hạ,phytoplankton,2021-09,M10,"Closterium ehrenbergii Meneghini ex Ralfs, 1848",5.0,,Closterium ehrenbergii,2646590.0,exact
AH_PL,Hồ Ayun Hạ,phytoplankton,2021-09,M5,"Closterium gracile Brébisson ex Ralfs, 1848",6.0,,Closterium gracile,2646362.0,exact
AH_PL,Hồ Ayun Hạ,phytoplankton,2021-09,M8,"Closterium gracile Brébisson ex Ralfs, 1848",-1.0,,Closterium gracile,2646362.0,exact
AH_PL,Hồ Ayun Hạ,phytoplankton,2021-09,M9,"Closterium gracile Brébisson ex Ralfs, 1848",1.0,,Closterium gracile,2646362.0,exact
AH_PL,Hồ Ayun Hạ,phytoplankton,2021-09,M10,"Closterium gracile Brébisson ex Ralfs, 1848",1.0,,Closterium gracile,2646362.0,exact
AH_PL,Hồ Ayun Hạ,phytoplankton,2021-09,M1,"Arthrodesmus convergens Ehrenberg ex Ralfs, 1848",2.0,,Arthrodesmus convergens,7819616.0,higherrank
AH_PL,Hồ Ayun Hạ,phytoplankton,2021-09,M2,"Arthrodesmus convergens Ehrenberg ex Ralfs, 1848",1.0,,Arthrodesmus convergens,7819616.0,higherrank
AH_PL,Hồ Ayun Hạ,phytoplankton,2021-09,M3,"Arthrodesmus convergens Ehrenberg ex Ralfs, 1848",2.0,,Arthrodesmus convergens,7819616.0,higherrank
AH_PL,Hồ Ayun Hạ,phytoplankton,2021-09,M5,"Arthrodesmus convergens Ehrenberg ex Ralfs, 1848",6.0,,Arthrodesmus convergens,7819616.0,higherrank
AH_PL,Hồ Ayun Hạ,phytoplankton,2021-09,M8,"Arthrodesmus convergens Ehrenberg ex Ralfs, 1848",12.0,,Arthrodesmus convergens,7819616.0,higherrank
AH_PL,Hồ Ayun Hạ,phytoplankton,2021-09,M1,"Cosmarium botrytis Meneghini ex Ralfs, 1848",4.0,,Cosmarium botrytis,5274595.0,exact
AH_PL,Hồ Ayun Hạ,phytoplankton,2021-09,M3,"Cosmarium botrytis Meneghini ex Ralfs, 1848",2.0,,Cosmarium botrytis,5274595.0,exact
AH_PL,Hồ Ayun Hạ,phytoplankton,2021-09,M8,"Cosmarium botrytis Meneghini ex Ralfs, 1848",6.0,,Cosmarium botrytis,5274595.0,exact
AH_PL,Hồ Ayun Hạ,phytoplankton,2021-09,M10,"Cosmarium botrytis Meneghini ex Ralfs, 1848",5.0,,Cosmarium botrytis,5274595.0,exact
AH_PL,Hồ Ayun Hạ,phytoplankton,2021-09,M1,"Cosmarium contractum Kirchner, 1878",528.0,,Cosmarium contractum,5274443.0,exact
AH_PL,Hồ Ayun Hạ,phytoplankton,2021-09,M2,"Cosmarium contractum Kirchner, 1878",1182.0,,Cosmarium contractum,5274443.0,exact
AH_PL,Hồ Ayun Hạ,phytoplankton,2021-09,M3,"Cosmarium contractum Kirchner, 1878",910.0,,Cosmarium contractum,5274443.0,exact
AH_PL,Hồ Ayun Hạ,phytoplankton,2021-09,M4,"Cosmarium contractum Kirchner, 1878",291.0,,Cosmarium contractum,5274443.0,exact
AH_PL,Hồ Ayun Hạ,phytoplankton,2021-09,M5,"Cosmarium contractum Kirchner, 1878",242.0,,Cosmarium contractum,5274443.0,exact
AH_PL,Hồ Ayun Hạ,phytoplankton,2021-09,M6,"Cosmarium contractum Kirchner, 1878",63.0,,Cosmarium contractum,5274443.0,exact
AH_PL,Hồ Ayun Hạ,phytoplankton,2021-09,M7,"Cosmarium contractum Kirchner, 1878",58.0,,Cosmarium contractum,5274443.0,exact
AH_PL,Hồ Ayun Hạ,phytoplankton,2021-09,M8,"Cosmarium contractum Kirchner, 1878",187.0,,Cosmarium contractum,5274443.0,exact
AH_PL,Hồ Ayun Hạ,phytoplankton,2021-09,M9,"Cosmarium contractum Kirchner, 1878",20.0,,Cosmarium contractum,5274443.0,exact
AH_PL,Hồ Ayun Hạ,phytoplankton,2021-09,M10,"Cosmarium contractum Kirchner, 1878",5.0,,Cosmarium contractum,5274443.0,exact
AH_PL,Hồ Ayun Hạ,phytoplankton,2021-09,M2,"Cosmarium granatum Brébisson ex Ralfs, 1848",22.0,,Cosmarium granatum,8039125.0,exact
AH_PL,Hồ Ayun Hạ,phytoplankton,2021-09,M3,"Cosmarium granatum Brébisson ex Ralfs, 1848",4.0,,Cosmarium granatum,8039125.0,exact
AH_PL,Hồ Ayun Hạ,phytoplankton,2021-09,M5,"Cosmarium granatum Brébisson ex Ralfs, 1848",1.0,,Cosmarium granatum,8039125.0,exact
AH_PL,Hồ Ayun Hạ,phytoplankton,2021-09,M7,"Cosmarium granatum Brébisson ex Ralfs, 1848",28.0,,Cosmarium granatum,8039125.0,exact
AH_PL,Hồ Ayun Hạ,phytoplankton,2021-09,M8,"Cosmarium granatum Brébisson ex Ralfs, 1848",1.0,,Cosmarium granatum,8039125.0,exact
AH_PL,Hồ Ayun Hạ,phytoplankton,2021-09,M1,"Cosmarium lundellii Delponte, 1877",2.0,,Cosmarium lundellii,5274185.0,exact
AH_PL,Hồ Ayun Hạ,phytoplankton,2021-09,M2,"Cosmarium lundellii Delponte, 1877",4.0,,Cosmarium lundellii,5274185.0,exact
AH_PL,Hồ Ayun Hạ,phytoplankton,2021-09,M3,"Cosmarium lundellii Delponte, 1877",14.0,,Cosmarium lundellii,5274185.0,exact
AH_PL,Hồ Ayun Hạ,phytoplankton,2021-09,M4,"Cosmarium lundellii Delponte, 1877",2.0,,Cosmarium lundellii,5274185.0,exact
AH_PL,Hồ Ayun Hạ,phytoplankton,2021-09,M5,"Cosmarium lundellii Delponte, 1877",9.0,,Cosmarium lundellii,5274185.0,exact
AH_PL,Hồ Ayun Hạ,phytoplankton,2021-09,M6,"Cosmarium lundellii Delponte, 1877",7.0,,Cosmarium lundellii,5274185.0,exact
AH_PL,Hồ Ayun Hạ,phytoplankton,2021-09,M7,"Cosmarium lundellii Delponte, 1877",6.0,,Cosmarium lundellii,5274185.0,exact
AH_PL,Hồ Ayun Hạ,phytoplankton,2021-09,M10,"Cosmarium lundellii Delponte, 1877",3.0,,Cosmarium lundellii,5274185.0,exact
AH_PL,Hồ Ayun Hạ,phytoplankton,2021-09,M4,"Cosmarium margaritatum (P.Lundell) J.Roy & Bisset, 1886",2.0,,Cosmarium margaritatum,5273970.0,exact
AH_PL,Hồ Ayun Hạ,phytoplankton,2021-09,M5,"Cosmarium margaritatum (P.Lundell) J.Roy & Bisset, 1886",5.0,,Cosmarium margaritatum,5273970.0,exact
AH_PL,Hồ Ayun Hạ,phytoplankton,2021-09,M6,"Cosmarium margaritatum (P.Lundell) J.Roy & Bisset, 1886",3.0,,Cosmarium margaritatum,5273970.0,exact
AH_PL,Hồ Ayun Hạ,phytoplankton,2021-09,M7,"Cosmarium margaritatum (P.Lundell) J.Roy & Bisset, 1886",7.0,,Cosmarium margaritatum,5273970.0,exact
AH_PL,Hồ Ayun Hạ,phytoplankton,2021-09,M8,"Cosmarium margaritatum (P.Lundell) J.Roy & Bisset, 1886",1.0,,Cosmarium margaritatum,5273970.0,exact
AH_PL,Hồ Ayun Hạ,phytoplankton,2021-09,M10,"Cosmarium margaritatum (P.Lundell) J.Roy & Bisset, 1886",5.0,,Cosmarium margaritatum,5273970.0,exact
AH_PL,Hồ Ayun Hạ,phytoplankton,2021-09,M1,"Euastrum spinulosum Delponte, 1876",10.0,,Euastrum spinulosum,2648424.0,exact
AH_PL,Hồ Ayun Hạ,phytoplankton,2021-09,M2,"Euastrum spinulosum Delponte, 1876",2.0,,Euastrum spinulosum,2648424.0,exact
AH_PL,Hồ Ayun Hạ,phytoplankton,2021-09,M3,"Euastrum spinulosum Delponte, 1876",2.0,,Euastrum spinulosum,2648424.0,exact
AH_PL,Hồ Ayun Hạ,phytoplankton,2021-09,M4,"Euastrum spinulosum Delponte, 1876",11.0,,Euastrum spinulosum,2648424.0,exact
AH_PL,Hồ Ayun Hạ,phytoplankton,2021-09,M5,"Euastrum spinulosum Delponte, 1876",21.0,,Euastrum spinulosum,2648424.0,exact
AH_PL,Hồ Ayun Hạ,phytoplankton,2021-09,M6,"Euastrum spinulosum Delponte, 1876",2.0,,Euastrum spinulosum,2648424.0,exact
AH_PL,Hồ Ayun Hạ,phytoplankton,2021-09,M7,"Euastrum spinulosum Delponte, 1876",6.0,,Euastrum spinulosum,2648424.0,exact
AH_PL,Hồ Ayun Hạ,phytoplankton,2021-09,M8,"Euastrum spinulosum Delponte, 1876",8.0,,Euastrum spinulosum,2648424.0,exact
AH_PL,Hồ Ayun Hạ,phytoplankton,2021-09,M10,"Euastrum spinulosum Delponte, 1876",3.0,,Euastrum spinulosum,2648424.0,exact
AH_PL,Hồ Ayun Hạ,phytoplankton,2021-09,M2,"Spondylosium planum (Wolle) West & G.S.West, 1912",16.0,,Spondylosium planum,2649829.0,exact
AH_PL,Hồ Ayun Hạ,phytoplankton,2021-09,M3,"Spondylosium planum (Wolle) West & G.S.West, 1912",110.0,,Spondylosium planum,2649829.0,exact
AH_PL,Hồ Ayun Hạ,phytoplankton,2021-09,M6,"Spondylosium planum (Wolle) West & G.S.West, 1912",49.0,,Spondylosium planum,2649829.0,exact
AH_PL,Hồ Ayun Hạ,phytoplankton,2021-09,M8,"Spondylosium planum (Wolle) West & G.S.West, 1912",10.0,,Spondylosium planum,2649829.0,exact
AH_PL,Hồ Ayun Hạ,phytoplankton,2021-09,M8,"Staurastrum bigibbum Skuja, 1949",1.0,,Staurastrum bigibbum,2648082.0,fuzzy
AH_PL,Hồ Ayun Hạ,phytoplankton,2021-09,M9,"Staurastrum gladiosum W.B.Turner, 1885",1.0,,Staurastrum gladiosum,2648005.0,exact
AH_PL,Hồ Ayun Hạ,phytoplankton,2021-09,M1,"Staurastrum megacanthum P.Lundell, 1871",332.0,,Staurastrum megacanthum,2647386.0,synonym
AH_PL,Hồ Ayun Hạ,phytoplankton,2021-09,M2,"Staurastrum megacanthum P.Lundell, 1871",462.0,,Staurastrum megacanthum,2647386.0,synonym
AH_PL,Hồ Ayun Hạ,phytoplankton,2021-09,M3,"Staurastrum megacanthum P.Lundell, 1871",398.0,,Staurastrum megacanthum,2647386.0,synonym
AH_PL,Hồ Ayun Hạ,phytoplankton,2021-09,M4,"Staurastrum megacanthum P.Lundell, 1871",164.0,,Staurastrum megacanthum,2647386.0,synonym
AH_PL,Hồ Ayun Hạ,phytoplankton,2021-09,M5,"Staurastrum megacanthum P.Lundell, 1871",287.0,,Staurastrum megacanthum,2647386.0,synonym
AH_PL,Hồ Ayun Hạ,phytoplankton,2021-09,M6,"Staurastrum megacanthum P.Lundell, 1871",35.0,,Staurastrum megacanthum,2647386.0,synonym
AH_PL,Hồ Ayun Hạ,phytoplankton,2021-09,M7,"Staurastrum megacanthum P.Lundell, 1871",21.0,,Staurastrum megacanthum,2647386.0,synonym
AH_PL,Hồ Ayun Hạ,phytoplankton,2021-09,M8,"Staurastrum megacanthum P.Lundell, 1871",91.0,,Staurastrum megacanthum,2647386.0,synonym
AH_PL,Hồ Ayun Hạ,phytoplankton,2021-09,M1,"Staurastrum natator West, 1892",2886.0,,Staurastrum natator,2648127.0,exact
AH_PL,Hồ Ayun Hạ,phytoplankton,2021-09,M2,"Staurastrum natator West, 1892",2668.0,,Staurastrum natator,2648127.0,exact
AH_PL,Hồ Ayun Hạ,phytoplankton,2021-09,M3,"Staurastrum natator West, 1892",1654.0,,Staurastrum natator,2648127.0,exact
AH_PL,Hồ Ayun Hạ,phytoplankton,2021-09,M4,"Staurastrum natator West, 1892",678.0,,Staurastrum natator,2648127.0,exact
AH_PL,Hồ Ayun Hạ,phytoplankton,2021-09,M5,"Staurastrum natator West, 1892",1541.0,,Staurastrum natator,2648127.0,exact
AH_PL,Hồ Ayun Hạ,phytoplankton,2021-09,M6,"Staurastrum natator West, 1892",506.0,,Staurastrum natator,2648127.0,exact
AH_PL,Hồ Ayun Hạ,phytoplankton,2021-09,M7,"Staurastrum natator West, 1892",432.0,,Staurastrum natator,2648127.0,exact
AH_PL,Hồ Ayun Hạ,phytoplankton,2021-09,M8,"Staurastrum natator West, 1892",352.0,,Staurastrum natator,2648127.0,exact
AH_PL,Hồ Ayun Hạ,phytoplankton,2021-09,M9,"Staurastrum natator West, 1892",45.0,,Staurastrum natator,2648127.0,exact
AH_PL,Hồ Ayun Hạ,phytoplankton,2021-09,M10,"Staurastrum natator West, 1892",111.0,,Staurastrum natator,2648127.0,exact
AH_PL,Hồ Ayun Hạ,phytoplankton,2021-09,M5,"Staurastrum ophiura P.Lundell, 1871",1.0,,Staurastrum ophiura,2647965.0,exact
AH_PL,Hồ Ayun Hạ,phytoplankton,2021-09,M6,"Staurastrum ophiura P.Lundell, 1871",2.0,,Staurastrum ophiura,2647965.0,exact
AH_PL,Hồ Ayun Hạ,phytoplankton,2021-09,M8,"Staurastrum ophiura P.Lundell, 1871",1.0,,Staurastrum ophiura,2647965.0,exact
AH_PL,Hồ Ayun Hạ,phytoplankton,2021-09,M9,"Staurastrum ophiura P.Lundell, 1871",1.0,,Staurastrum ophiura,2647965.0,exact
AH_PL,Hồ Ayun Hạ,phytoplankton,2021-09,M10,"Staurastrum ophiura P.Lundell, 1871",1.0,,Staurastrum ophiura,2647965.0,exact
AH_PL,Hồ Ayun Hạ,phytoplankton,2021-09,M1,"Staurastrum protectum West & G.S.West, 1908",1106.0,,Staurastrum protectum,2647840.0,exact
AH_PL,Hồ Ayun Hạ,phytoplankton,2021-09,M2,"Staurastrum protectum West & G.S.West, 1908",992.0,,Staurastrum protectum,2647840.0,exact
AH_PL,Hồ Ayun Hạ,phytoplankton,2021-09,M3,"Staurastrum protectum West & G.S.West, 1908",1158.0,,Staurastrum protectum,2647840.0,exact
AH_PL,Hồ Ayun Hạ,phytoplankton,2021-09,M4,"Staurastrum protectum West & G.S.West, 1908",506.0,,Staurastrum protectum,2647840.0,exact
AH_PL,Hồ Ayun Hạ,phytoplankton,2021-09,M5,"Staurastrum protectum West & G.S.West, 1908",920.0,,Staurastrum protectum,2647840.0,exact
AH_PL,Hồ Ayun Hạ,phytoplankton,2021-09,M6,"Staurastrum protectum West & G.S.West, 1908",91.0,,Staurastrum protectum,2647840.0,exact
AH_PL,Hồ Ayun Hạ,phytoplankton,2021-09,M7,"Staurastrum protectum West & G.S.West, 1908",49.0,,Staurastrum protectum,2647840.0,exact
AH_PL,Hồ Ayun Hạ,phytoplankton,2021-09,M8,"Staurastrum protectum West & G.S.West, 1908",341.0,,Staurastrum protectum,2647840.0,exact
AH_PL,Hồ Ayun Hạ,phytoplankton,2021-09,M9,"Staurastrum protectum West & G.S.West, 1908",15.0,,Staurastrum protectum,2647840.0,exact
AH_PL,Hồ Ayun Hạ,phytoplankton,2021-09,M10,"Staurastrum protectum West & G.S.West, 1908",19.0,,Staurastrum protectum,2647840.0,exact
AH_PL,Hồ Ayun Hạ,phytoplankton,2021-09,M1,Staurastrum sp.,352.0,,Staurastrum sp.,2647648.0,exact
AH_PL,Hồ Ayun Hạ,phytoplankton,2021-09,M2,Staurastrum sp.,902.0,,Staurastrum sp.,2647648.0,exact
AH_PL,Hồ Ayun Hạ,phytoplankton,2021-09,M3,Staurastrum sp.,1110.0,,Staurastrum sp.,2647648.0,exact
AH_PL,Hồ Ayun Hạ,phytoplankton,2021-09,M4,Staurastrum sp.,417.0,,Staurastrum sp.,2647648.0,exact
AH_PL,Hồ Ayun Hạ,phytoplankton,2021-09,M5,Staurastrum sp.,989.0,,Staurastrum sp.,2647648.0,exact
AH_PL,Hồ Ayun Hạ,phytoplankton,2021-09,M6,Staurastrum sp.,161.0,,Staurastrum sp.,2647648.0,exact
AH_PL,Hồ Ayun Hạ,phytoplankton,2021-09,M7,Staurastrum sp.,105.0,,Staurastrum sp.,2647648.0,exact
AH_PL,Hồ Ayun Hạ,phytoplankton,2021-09,M8,Staurastrum sp.,308.0,,Staurastrum sp.,2647648.0,exact
AH_PL,Hồ Ayun Hạ,phytoplankton,2021-09,M9,Staurastrum sp.,30.0,,Staurastrum sp.,2647648.0,exact
AH_PL,Hồ Ayun Hạ,phytoplankton,2021-09,M10,Staurastrum sp.,42.0,,Staurastrum sp.,2647648.0,exact
AH_PL,Hồ Ayun Hạ,phytoplankton,2021-09,M1,"Staurastrum vaasii A.M.Scott & Prescott, 1961",472.0,,Staurastrum vaasii,2647648.0,higherrank
AH_PL,Hồ Ayun Hạ,phytoplankton,2021-09,M2,"Staurastrum vaasii A.M.Scott & Prescott, 1961",1150.0,,Staurastrum vaasii,2647648.0,higherrank
AH_PL,Hồ Ayun Hạ,phytoplankton,2021-09,M3,"Staurastrum vaasii A.M.Scott & Prescott, 1961",770.0,,Staurastrum vaasii,2647648.0,higherrank
AH_PL,Hồ Ayun Hạ,phytoplankton,2021-09,M4,"Staurastrum vaasii A.M.Scott & Prescott, 1961",239.0,,Staurastrum vaasii,2647648.0,higherrank
AH_PL,Hồ Ayun Hạ,phytoplankton,2021-09,M5,"Staurastrum vaasii A.M.Scott & Prescott, 1961",874.0,,Staurastrum vaasii,2647648.0,higherrank
AH_PL,Hồ Ayun Hạ,phytoplankton,2021-09,M6,"Staurastrum vaasii A.M.Scott & Prescott, 1961",137.0,,Staurastrum vaasii,2647648.0,higherrank
AH_PL,Hồ Ayun Hạ,phytoplankton,2021-09,M7,"Staurastrum vaasii A.M.Scott & Prescott, 1961",112.0,,Staurastrum vaasii,2647648.0,higherrank
AH_PL,Hồ Ayun Hạ,phytoplankton,2021-09,M8,"Staurastrum vaasii A.M.Scott & Prescott, 1961",264.0,,Staurastrum vaasii,2647648.0,higherrank
AH_PL,Hồ Ayun Hạ,phytoplankton,2021-09,M9,"Staurastrum vaasii A.M.Scott & Prescott, 1961",12.0,,Staurastrum vaasii,2647648.0,higherrank
AH_PL,Hồ Ayun Hạ,phytoplankton,2021-09,M10,"Staurastrum vaasii A.M.Scott & Prescott, 1961",26.0,,Staurastrum vaasii,2647648.0,higherrank
AH_PL,Hồ Ayun Hạ,phytoplankton,2021-09,M4,"Euglena acus (O.F.Müller) Ehrenberg, 1830",1.0,,Euglena acus,3209828.0,synonym
AH_PL,Hồ Ayun Hạ,phytoplankton,2021-09,M6,"Euglena acus (O.F.Müller) Ehrenberg, 1830",7.0,,Euglena acus,3209828.0,synonym
AH_PL,Hồ Ayun Hạ,phytoplankton,2021-09,M7,"Euglena acus (O.F.Müller) Ehrenberg, 1830",13.0,,Euglena acus,3209828.0,synonym
AH_PL,Hồ Ayun Hạ,phytoplankton,2021-09,M8,"Euglena acus (O.F.Müller) Ehrenberg, 1830",1.0,,Euglena acus,3209828.0,synonym
AH_PL,Hồ Ayun Hạ,phytoplankton,2021-09,M9,"Euglena acus (O.F.Müller) Ehrenberg, 1830",3.0,,Euglena acus,3209828.0,synonym
AH_PL,Hồ Ayun Hạ,phytoplankton,2021-09,M10,"Euglena acus (O.F.Müller) Ehrenberg, 1830",10.0,,Euglena acus,3209828.0,synonym
AH_PL,Hồ Ayun Hạ,phytoplankton,2021-09,M4,"Euglena ehrenbergii Klebs, 1883",2.0,,Euglena ehrenbergii,7655170.0,exact
AH_PL,Hồ Ayun Hạ,phytoplankton,2021-09,M5,"Euglena ehrenbergii Klebs, 1883",7.0,,Euglena ehrenbergii,7655170.0,exact
AH_PL,Hồ Ayun Hạ,phytoplankton,2021-09,M6,"Euglena ehrenbergii Klebs, 1883",9.0,,Euglena ehrenbergii,7655170.0,exact
AH_PL,Hồ Ayun Hạ,phytoplankton,2021-09,M7,"Euglena ehrenbergii Klebs, 1883",5.0,,Euglena ehrenbergii,7655170.0,exact
AH_PL,Hồ Ayun Hạ,phytoplankton,2021-09,M8,"Euglena ehrenbergii Klebs, 1883",4.0,,Euglena ehrenbergii,7655170.0,exact
AH_PL,Hồ Ayun Hạ,phytoplankton,2021-09,M9,"Euglena ehrenbergii Klebs, 1883",2.0,,Euglena ehrenbergii,7655170.0,exact
AH_PL,Hồ Ayun Hạ,phytoplankton,2021-09,M10,"Euglena ehrenbergii Klebs, 1883",8.0,,Euglena ehrenbergii,7655170.0,exact
AH_PL,Hồ Ayun Hạ,phytoplankton,2021-09,M7,"Euglena gracilis G.A.Klebs, 1883",10.0,,Euglena gracilis,7465722.0,exact
AH_PL,Hồ Ayun Hạ,phytoplankton,2021-09,M3,"Euglena oxyuris Schmarda, 1846",1.0,,Euglena oxyuris,3209849.0,synonym
AH_PL,Hồ Ayun Hạ,phytoplankton,2021-09,M5,"Euglena oxyuris Schmarda, 1846",6.0,,Euglena oxyuris,3209849.0,synonym
AH_PL,Hồ Ayun Hạ,phytoplankton,2021-09,M6,"Euglena oxyuris Schmarda, 1846",13.0,,Euglena oxyuris,3209849.0,synonym
AH_PL,Hồ Ayun Hạ,phytoplankton,2021-09,M7,"Euglena oxyuris Schmarda, 1846",6.0,,Euglena oxyuris,3209849.0,synonym
AH_PL,Hồ Ayun Hạ,phytoplankton,2021-09,M8,"Euglena oxyuris Schmarda, 1846",1.0,,Euglena oxyuris,3209849.0,synonym
AH_PL,Hồ Ayun Hạ,phytoplankton,2021-09,M9,"Euglena oxyuris Schmarda, 1846",3.0,,Euglena oxyuris,3209849.0,synonym
AH_PL,Hồ Ayun Hạ,phytoplankton,2021-09,M10,"Euglena oxyuris Schmarda, 1846",3.0,,Euglena oxyuris,3209849.0,synonym
AH_PL,Hồ Ayun Hạ,phytoplankton,2021-09,M4,"Euglena tripteris (Dujardin) G.A.Klebs, 1883",2.0,,Euglena tripteris,3209651.0,exact
AH_PL,Hồ Ayun Hạ,phytoplankton,2021-09,M7,"Euglena tripteris (Dujardin) G.A.Klebs, 1883",4.0,,Euglena tripteris,3209651.0,exact
AH_PL,Hồ Ayun Hạ,phytoplankton,2021-09,M8,"Euglena tripteris (Dujardin) G.A.Klebs, 1883",1.0,,Euglena tripteris,3209651.0,exact
AH_PL,Hồ Ayun Hạ,phytoplankton,2021-09,M9,"Euglena tripteris (Dujardin) G.A.Klebs, 1883",1.0,,Euglena tripteris,3209651.0,exact
AH_PL,Hồ Ayun Hạ,phytoplankton,2021-09,M7,"Strombomonas gibberosa (Playfair) Deflandre, 1930",16.0,,Strombomonas gibberosa,3208756.0,exact
AH_PL,Hồ Ayun Hạ,phytoplankton,2021-09,M9,"Strombomonas gibberosa (Playfair) Deflandre, 1930",1.0,,Strombomonas gibberosa,3208756.0,exact
AH_PL,Hồ Ayun Hạ,phytoplankton,2021-09,M9,Strombomonas sp.,1.0,,Strombomonas sp.,3208654.0,exact
AH_PL,Hồ Ayun Hạ,phytoplankton,2021-09,M10,Strombomonas sp.,11.0,,Strombomonas sp.,3208654.0,exact
AH_PL,Hồ Ayun Hạ,phytoplankton,2021-09,M3,"Trachelomonas armata (Ehrenberg) F.Stein, 1878",16.0,,Trachelomonas armata,3208921.0,exact
AH_PL,Hồ Ayun Hạ,phytoplankton,2021-09,M4,"Trachelomonas armata (Ehrenberg) F.Stein, 1878",5.0,,Trachelomonas armata,3208921.0,exact
AH_PL,Hồ Ayun Hạ,phytoplankton,2021-09,M5,"Trachelomonas armata (Ehrenberg) F.Stein, 1878",9.0,,Trachelomonas armata,3208921.0,exact
AH_PL,Hồ Ayun Hạ,phytoplankton,2021-09,M6,"Trachelomonas armata (Ehrenberg) F.Stein, 1878",11.0,,Trachelomonas armata,3208921.0,exact
AH_PL,Hồ Ayun Hạ,phytoplankton,2021-09,M7,"Trachelomonas armata (Ehrenberg) F.Stein, 1878",4.0,,Trachelomonas armata,3208921.0,exact
AH_PL,Hồ Ayun Hạ,phytoplankton,2021-09,M8,"Trachelomonas armata (Ehrenberg) F.Stein, 1878",3.0,,Trachelomonas armata,3208921.0,exact
AH_PL,Hồ Ayun Hạ,phytoplankton,2021-09,M9,"Trachelomonas armata (Ehrenberg) F.Stein, 1878",1.0,,Trachelomonas armata,3208921.0,exact
AH_PL,Hồ Ayun Hạ,phytoplankton,2021-09,M10,"Trachelomonas armata (Ehrenberg) F.Stein, 1878",6.0,,Trachelomonas armata,3208921.0,exact
AH_PL,Hồ Ayun Hạ,phytoplankton,2021-09,M3,"Phacus acuminatus Stokes, 1885",1.0,,Phacus acuminatus,6785023.0,exact
AH_PL,Hồ Ayun Hạ,phytoplankton,2021-09,M5,"Phacus acuminatus Stokes, 1885",7.0,,Phacus acuminatus,6785023.0,exact
AH_PL,Hồ Ayun Hạ,phytoplankton,2021-09,M6,"Phacus acuminatus Stokes, 1885",5.0,,Phacus acuminatus,6785023.0,exact
AH_PL,Hồ Ayun Hạ,phytoplankton,2021-09,M7,"Phacus acuminatus Stokes, 1885",5.0,,Phacus acuminatus,6785023.0,exact
AH_PL,Hồ Ayun Hạ,phytoplankton,2021-09,M9,"Phacus helikoides Pochmann, 1942",1.0,,Phacus helikoides,6785009.0,exact
AH_PL,Hồ Ayun Hạ,phytoplankton,2021-09,M10,"Phacus helikoides Pochmann, 1942",6.0,,Phacus helikoides,6785009.0,exact
AH_PL,Hồ Ayun Hạ,phytoplankton,2021-09,M5,"Phacus longicauda (Ehrenberg) Dujardin, 1841",1.0,,Phacus longicauda,6785019.0,exact
AH_PL,Hồ Ayun Hạ,phytoplankton,2021-09,M9,"Phacus pleuronectes (O.F.Müller) Nitzsch ex Dujardin, 1841",1.0,,Phacus pleuronectes,5425077.0,exact
AH_PL,Hồ Ayun Hạ,phytoplankton,2021-09,M10,"Phacus pleuronectes (O.F.Müller) Nitzsch ex Dujardin, 1841",4.0,,Phacus pleuronectes,5425077.0,exact
AH_PL,Hồ Ayun Hạ,phytoplankton,2021-09,M1,Phacus sp.,26.0,,Phacus sp.,6761067.0,exact
AH_PL,Hồ Ayun Hạ,phytoplankton,2021-09,M2,Phacus sp.,191.0,,Phacus sp.,6761067.0,exact
AH_PL,Hồ Ayun Hạ,phytoplankton,2021-09,M3,Phacus sp.,188.0,,Phacus sp.,6761067.0,exact
AH_PL,Hồ Ayun Hạ,phytoplankton,2021-09,M4,Phacus sp.,81.0,,Phacus sp.,6761067.0,exact
AH_PL,Hồ Ayun Hạ,phytoplankton,2021-09,M5,Phacus sp.,203.0,,Phacus sp.,6761067.0,exact
AH_PL,Hồ Ayun Hạ,phytoplankton,2021-09,M6,Phacus sp.,168.0,,Phacus sp.,6761067.0,exact
AH_PL,Hồ Ayun Hạ,phytoplankton,2021-09,M7,Phacus sp.,52.0,,Phacus sp.,6761067.0,exact
AH_PL,Hồ Ayun Hạ,phytoplankton,2021-09,M8,Phacus sp.,18.0,,Phacus sp.,6761067.0,exact
AH_PL,Hồ Ayun Hạ,phytoplankton,2021-09,M9,Phacus sp.,23.0,,Phacus sp.,6761067.0,exact
AH_PL,Hồ Ayun Hạ,phytoplankton,2021-09,M10,Phacus sp.,48.0,,Phacus sp.,6761067.0,exact
AH_PL,Hồ Ayun Hạ,phytoplankton,2021-09,M9,Phacus sp1,1.0,,Phacus sp.1,6761067.0,exact
AH_PL,Hồ Ayun Hạ,phytoplankton,2021-09,M1,"Phacus tortus (Lemmermann) Skvortzov, 1928",2.0,,Phacus tortus,5425145.0,exact
AH_PL,Hồ Ayun Hạ,phytoplankton,2021-09,M3,"Phacus tortus (Lemmermann) Skvortzov, 1928",9.0,,Phacus tortus,5425145.0,exact
AH_PL,Hồ Ayun Hạ,phytoplankton,2021-09,M4,"Phacus tortus (Lemmermann) Skvortzov, 1928",12.0,,Phacus tortus,5425145.0,exact
AH_PL,Hồ Ayun Hạ,phytoplankton,2021-09,M5,"Phacus tortus (Lemmermann) Skvortzov, 1928",9.0,,Phacus tortus,5425145.0,exact
AH_PL,Hồ Ayun Hạ,phytoplankton,2021-09,M6,"Phacus tortus (Lemmermann) Skvortzov, 1928",28.0,,Phacus tortus,5425145.0,exact
AH_PL,Hồ Ayun Hạ,phytoplankton,2021-09,M7,"Phacus tortus (Lemmermann) Skvortzov, 1928",6.0,,Phacus tortus,5425145.0,exact
AH_PL,Hồ Ayun Hạ,phytoplankton,2021-09,M9,"Phacus tortus (Lemmermann) Skvortzov, 1928",8.0,,Phacus tortus,5425145.0,exact
AH_PL,Hồ Ayun Hạ,phytoplankton,2021-09,M10,"Phacus tortus (Lemmermann) Skvortzov, 1928",24.0,,Phacus tortus,5425145.0,exact
AH_PL,Hồ Ayun Hạ,phytoplankton,2021-09,M1,"Ceratium hirundinella (O.F.Müller) Dujardin, 1841",45.0,,Ceratium hirundinella,7598904.0,exact
AH_PL,Hồ Ayun Hạ,phytoplankton,2021-09,M2,"Ceratium hirundinella (O.F.Müller) Dujardin, 1841",143.0,,Ceratium hirundinella,7598904.0,exact
AH_PL,Hồ Ayun Hạ,phytoplankton,2021-09,M4,"Ceratium hirundinella (O.F.Müller) Dujardin, 1841",24.0,,Ceratium hirundinella,7598904.0,exact
AH_PL,Hồ Ayun Hạ,phytoplankton,2021-09,M5,"Ceratium hirundinella (O.F.Müller) Dujardin, 1841",21.0,,Ceratium hirundinella,7598904.0,exact
AH_PL,Hồ Ayun Hạ,phytoplankton,2021-09,M6,"Ceratium hirundinella (O.F.Müller) Dujardin, 1841",4.0,,Ceratium hirundinella,7598904.0,exact
AH_PL,Hồ Ayun Hạ,phytoplankton,2021-09,M7,"Ceratium hirundinella (O.F.Müller) Dujardin, 1841",5.0,,Ceratium hirundinella,7598904.0,exact
AH_PL,Hồ Ayun Hạ,phytoplankton,2021-09,M8,"Ceratium hirundinella (O.F.Müller) Dujardin, 1841",7.0,,Ceratium hirundinella,7598904.0,exact
AH_PL,Hồ Ayun Hạ,phytoplankton,2021-09,M9,"Ceratium hirundinella (O.F.Müller) Dujardin, 1841",4.0,,Ceratium hirundinella,7598904.0,exact
AH_PL,Hồ Ayun Hạ,phytoplankton,2021-09,M2,"Glenodinium borgei (Lemmermann) Schiller, 1937",2.0,,Glenodinium borgei,3207006.0,synonym
AH_PL,Hồ Ayun Hạ,phytoplankton,2021-09,M1,Peridinium sp.,21.0,,Peridinium sp.,7536081.0,exact
AH_PL,Hồ Ayun Hạ,phytoplankton,2021-09,M2,Peridinium sp.,83.0,,Peridinium sp.,7536081.0,exact
AH_PL,Hồ Ayun Hạ,phytoplankton,2021-09,M3,Peridinium sp.,59.0,,Peridinium sp.,7536081.0,exact
AH_PL,Hồ Ayun Hạ,phytoplankton,2021-09,M4,Peridinium sp.,41.0,,Peridinium sp.,7536081.0,exact
AH_PL,Hồ Ayun Hạ,phytoplankton,2021-09,M5,Peridinium sp.,84.0,,Peridinium sp.,7536081.0,exact
AH_PL,Hồ Ayun Hạ,phytoplankton,2021-09,M7,Peridinium sp.,9.0,,Peridinium sp.,7536081.0,exact
AH_PL,Hồ Ayun Hạ,phytoplankton,2021-09,M8,Peridinium sp.,31.0,,Peridinium sp.,7536081.0,exact
AH_PL,Hồ Ayun Hạ,phytoplankton,2021-09,M1,Peridinium sp1,6.0,,Peridinium sp.1,7536081.0,exact
AH_PL,Hồ Ayun Hạ,phytoplankton,2021-12,M1,"Microcystis aeruginosa (Kützing) Kützing, 1846",207000.0,Tảo độc,Microcystis aeruginosa,11959609.0,exact
AH_PL,Hồ Ayun Hạ,phytoplankton,2021-12,M2,"Microcystis aeruginosa (Kützing) Kützing, 1846",276000.0,Tảo độc,Microcystis aeruginosa,11959609.0,exact
AH_PL,Hồ Ayun Hạ,phytoplankton,2021-12,M3,"Microcystis aeruginosa (Kützing) Kützing, 1846",138000.0,Tảo độc,Microcystis aeruginosa,11959609.0,exact
AH_PL,Hồ Ayun Hạ,phytoplankton,2021-12,M4,"Microcystis aeruginosa (Kützing) Kützing, 1846",110400.0,Tảo độc,Microcystis aeruginosa,11959609.0,exact
AH_PL,Hồ Ayun Hạ,phytoplankton,2021-12,M5,"Microcystis aeruginosa (Kützing) Kützing, 1846",193200.0,Tảo độc,Microcystis aeruginosa,11959609.0,exact
AH_PL,Hồ Ayun Hạ,phytoplankton,2021-12,M6,"Microcystis aeruginosa (Kützing) Kützing, 1846",184000.0,Tảo độc,Microcystis aeruginosa,11959609.0,exact
AH_PL,Hồ Ayun Hạ,phytoplankton,2021-12,M7,"Microcystis aeruginosa (Kützing) Kützing, 1846",257600.0,Tảo độc,Microcystis aeruginosa,11959609.0,exact
AH_PL,Hồ Ayun Hạ,phytoplankton,2021-12,M8,"Microcystis aeruginosa (Kützing) Kützing, 1846",220800.0,Tảo độc,Microcystis aeruginosa,11959609.0,exact
AH_PL,Hồ Ayun Hạ,phytoplankton,2021-12,M9,"Microcystis aeruginosa (Kützing) Kützing, 1846",220800.0,Tảo độc,Microcystis aeruginosa,11959609.0,exact
AH_PL,Hồ Ayun Hạ,phytoplankton,2021-12,M10,"Microcystis aeruginosa (Kützing) Kützing, 1846",809600.0,Tảo độc,Microcystis aeruginosa,11959609.0,exact
AH_PL,Hồ Ayun Hạ,phytoplankton,2021-12,M1,"Microcystis wesenbergii (Komárek) Komárek ex Komárek, 2006",69000.0,Tảo độc,Microcystis wesenbergii,5426741.0,exact
AH_PL,Hồ Ayun Hạ,phytoplankton,2021-12,M2,"Microcystis wesenbergii (Komárek) Komárek ex Komárek, 2006",73600.0,Tảo độc,Microcystis wesenbergii,5426741.0,exact
AH_PL,Hồ Ayun Hạ,phytoplankton,2021-12,M3,"Microcystis wesenbergii (Komárek) Komárek ex Komárek, 2006",41400.0,Tảo độc,Microcystis wesenbergii,5426741.0,exact
AH_PL,Hồ Ayun Hạ,phytoplankton,2021-12,M4,"Microcystis wesenbergii (Komárek) Komárek ex Komárek, 2006",73600.0,Tảo độc,Microcystis wesenbergii,5426741.0,exact
AH_PL,Hồ Ayun Hạ,phytoplankton,2021-12,M5,"Microcystis wesenbergii (Komárek) Komárek ex Komárek, 2006",64400.0,Tảo độc,Microcystis wesenbergii,5426741.0,exact
AH_PL,Hồ Ayun Hạ,phytoplankton,2021-12,M6,"Microcystis wesenbergii (Komárek) Komárek ex Komárek, 2006",46000.0,Tảo độc,Microcystis wesenbergii,5426741.0,exact
AH_PL,Hồ Ayun Hạ,phytoplankton,2021-12,M7,"Microcystis wesenbergii (Komárek) Komárek ex Komárek, 2006",64400.0,Tảo độc,Microcystis wesenbergii,5426741.0,exact
AH_PL,Hồ Ayun Hạ,phytoplankton,2021-12,M8,"Microcystis wesenbergii (Komárek) Komárek ex Komárek, 2006",138000.0,Tảo độc,Microcystis wesenbergii,5426741.0,exact
AH_PL,Hồ Ayun Hạ,phytoplankton,2021-12,M9,"Microcystis wesenbergii (Komárek) Komárek ex Komárek, 2006",165600.0,Tảo độc,Microcystis wesenbergii,5426741.0,exact
AH_PL,Hồ Ayun Hạ,phytoplankton,2021-12,M10,"Microcystis wesenbergii (Komárek) Komárek ex Komárek, 2006",441600.0,Tảo độc,Microcystis wesenbergii,5426741.0,exact
AH_PL,Hồ Ayun Hạ,phytoplankton,2021-12,M2,"Oscillatoria princeps Vaucher ex Gomont, 1892",-1.0,Tảo gây hại,Oscillatoria princeps,3218836.0,exact
AH_PL,Hồ Ayun Hạ,phytoplankton,2021-12,M4,"Oscillatoria princeps Vaucher ex Gomont, 1892",400.0,Tảo gây hại,Oscillatoria princeps,3218836.0,exact
AH_PL,Hồ Ayun Hạ,phytoplankton,2021-12,M6,"Oscillatoria princeps Vaucher ex Gomont, 1892",400.0,Tảo gây hại,Oscillatoria princeps,3218836.0,exact
AH_PL,Hồ Ayun Hạ,phytoplankton,2021-12,M9,"Oscillatoria princeps Vaucher ex Gomont, 1892",200.0,Tảo gây hại,Oscillatoria princeps,3218836.0,exact
AH_PL,Hồ Ayun Hạ,phytoplankton,2021-12,M1,"Anabaena spiroides Klebahn, 1895",28980.0,Tảo độc,Anabaena spiroides,5427219.0,synonym
AH_PL,Hồ Ayun Hạ,phytoplankton,2021-12,M2,"Anabaena spiroides Klebahn, 1895",7360.0,Tảo độc,Anabaena spiroides,5427219.0,synonym
AH_PL,Hồ Ayun Hạ,phytoplankton,2021-12,M3,"Anabaena spiroides Klebahn, 1895",15180.0,Tảo độc,Anabaena spiroides,5427219.0,synonym
AH_PL,Hồ Ayun Hạ,phytoplankton,2021-12,M4,"Anabaena spiroides Klebahn, 1895",11040.0,Tảo độc,Anabaena spiroides,5427219.0,synonym
AH_PL,Hồ Ayun Hạ,phytoplankton,2021-12,M5,"Anabaena spiroides Klebahn, 1895",12880.0,Tảo độc,Anabaena spiroides,5427219.0,synonym
AH_PL,Hồ Ayun Hạ,phytoplankton,2021-12,M6,"Anabaena spiroides Klebahn, 1895",19320.0,Tảo độc,Anabaena spiroides,5427219.0,synonym
AH_PL,Hồ Ayun Hạ,phytoplankton,2021-12,M7,"Anabaena spiroides Klebahn, 1895",18400.0,Tảo độc,Anabaena spiroides,5427219.0,synonym
AH_PL,Hồ Ayun Hạ,phytoplankton,2021-12,M8,"Anabaena spiroides Klebahn, 1895",19320.0,Tảo độc,Anabaena spiroides,5427219.0,synonym
AH_PL,Hồ Ayun Hạ,phytoplankton,2021-12,M9,"Anabaena spiroides Klebahn, 1895",23920.0,Tảo độc,Anabaena spiroides,5427219.0,synonym
AH_PL,Hồ Ayun Hạ,phytoplankton,2021-12,M10,"Anabaena spiroides Klebahn, 1895",44160.0,Tảo độc,Anabaena spiroides,5427219.0,synonym
AH_PL,Hồ Ayun Hạ,phytoplankton,2021-12,M1,"Pseudanabaena mucicola (Naumann & Huber-Pestalozzi) Schwabe, 1964",7200.0,Tảo độc,Pseudanabaena mucicola,3218049.0,exact
AH_PL,Hồ Ayun Hạ,phytoplankton,2021-12,M2,"Pseudanabaena mucicola (Naumann & Huber-Pestalozzi) Schwabe, 1964",7200.0,Tảo độc,Pseudanabaena mucicola,3218049.0,exact
AH_PL,Hồ Ayun Hạ,phytoplankton,2021-12,M3,"Pseudanabaena mucicola (Naumann & Huber-Pestalozzi) Schwabe, 1964",3600.0,Tảo độc,Pseudanabaena mucicola,3218049.0,exact
AH_PL,Hồ Ayun Hạ,phytoplankton,2021-12,M4,"Pseudanabaena mucicola (Naumann & Huber-Pestalozzi) Schwabe, 1964",4000.0,Tảo độc,Pseudanabaena mucicola,3218049.0,exact
AH_PL,Hồ Ayun Hạ,phytoplankton,2021-12,M5,"Pseudanabaena mucicola (Naumann & Huber-Pestalozzi) Schwabe, 1964",8000.0,Tảo độc,Pseudanabaena mucicola,3218049.0,exact
AH_PL,Hồ Ayun Hạ,phytoplankton,2021-12,M6,"Pseudanabaena mucicola (Naumann & Huber-Pestalozzi) Schwabe, 1964",8000.0,Tảo độc,Pseudanabaena mucicola,3218049.0,exact
AH_PL,Hồ Ayun Hạ,phytoplankton,2021-12,M7,"Pseudanabaena mucicola (Naumann & Huber-Pestalozzi) Schwabe, 1964",4000.0,Tảo độc,Pseudanabaena mucicola,3218049.0,exact
AH_PL,Hồ Ayun Hạ,phytoplankton,2021-12,M8,"Pseudanabaena mucicola (Naumann & Huber-Pestalozzi) Schwabe, 1964",3000.0,Tảo độc,Pseudanabaena mucicola,3218049.0,exact
AH_PL,Hồ Ayun Hạ,phytoplankton,2021-12,M9,"Pseudanabaena mucicola (Naumann & Huber-Pestalozzi) Schwabe, 1964",2400.0,Tảo độc,Pseudanabaena mucicola,3218049.0,exact
AH_PL,Hồ Ayun Hạ,phytoplankton,2021-12,M10,"Pseudanabaena mucicola (Naumann & Huber-Pestalozzi) Schwabe, 1964",12000.0,Tảo độc,Pseudanabaena mucicola,3218049.0,exact
AH_PL,Hồ Ayun Hạ,phytoplankton,2021-12,M1,"Synedra acus Kützing, 1844",30.0,,Synedra acus,9471011.0,exact
AH_PL,Hồ Ayun Hạ,phytoplankton,2021-12,M3,"Synedra acus Kützing, 1844",12.0,,Synedra acus,9471011.0,exact
AH_PL,Hồ Ayun Hạ,phytoplankton,2021-12,M7,"Synedra acus Kützing, 1844",4.0,,Synedra acus,9471011.0,exact
AH_PL,Hồ Ayun Hạ,phytoplankton,2021-12,M8,"Synedra acus Kützing, 1844",12.0,,Synedra acus,9471011.0,exact
AH_PL,Hồ Ayun Hạ,phytoplankton,2021-12,M9,"Synedra acus Kützing, 1844",4.0,,Synedra acus,9471011.0,exact
AH_PL,Hồ Ayun Hạ,phytoplankton,2021-12,M1,"Synedra ulna (Nitzsch) Ehrenberg, 1832",6.0,,Synedra ulna,3192457.0,exact
AH_PL,Hồ Ayun Hạ,phytoplankton,2021-12,M2,"Synedra ulna (Nitzsch) Ehrenberg, 1832",80.0,,Synedra ulna,3192457.0,exact
AH_PL,Hồ Ayun Hạ,phytoplankton,2021-12,M3,"Synedra ulna (Nitzsch) Ehrenberg, 1832",24.0,,Synedra ulna,3192457.0,exact
AH_PL,Hồ Ayun Hạ,phytoplankton,2021-12,M4,"Synedra ulna (Nitzsch) Ehrenberg, 1832",8.0,,Synedra ulna,3192457.0,exact
AH_PL,Hồ Ayun Hạ,phytoplankton,2021-12,M5,"Synedra ulna (Nitzsch) Ehrenberg, 1832",8.0,,Synedra ulna,3192457.0,exact
AH_PL,Hồ Ayun Hạ,phytoplankton,2021-12,M6,"Synedra ulna (Nitzsch) Ehrenberg, 1832",120.0,,Synedra ulna,3192457.0,exact
AH_PL,Hồ Ayun Hạ,phytoplankton,2021-12,M7,"Synedra ulna (Nitzsch) Ehrenberg, 1832",24.0,,Synedra ulna,3192457.0,exact
AH_PL,Hồ Ayun Hạ,phytoplankton,2021-12,M8,"Synedra ulna (Nitzsch) Ehrenberg, 1832",-1.0,,Synedra ulna,3192457.0,exact
AH_PL,Hồ Ayun Hạ,phytoplankton,2021-12,M10,"Synedra ulna (Nitzsch) Ehrenberg, 1832",24.0,,Synedra ulna,3192457.0,exact
AH_PL,Hồ Ayun Hạ,phytoplankton,2021-12,M1,"Melosira granulata (Ehrenberg) Ralfs, 1861",195960.0,,Melosira granulata,9501075.0,exact
AH_PL,Hồ Ayun Hạ,phytoplankton,2021-12,M2,"Melosira granulata (Ehrenberg) Ralfs, 1861",88320.0,,Melosira granulata,9501075.0,exact
AH_PL,Hồ Ayun Hạ,phytoplankton,2021-12,M3,"Melosira granulata (Ehrenberg) Ralfs, 1861",124200.0,,Melosira granulata,9501075.0,exact
AH_PL,Hồ Ayun Hạ,phytoplankton,2021-12,M4,"Melosira granulata (Ehrenberg) Ralfs, 1861",53360.0,,Melosira granulata,9501075.0,exact
AH_PL,Hồ Ayun Hạ,phytoplankton,2021-12,M5,"Melosira granulata (Ehrenberg) Ralfs, 1861",130640.0,,Melosira granulata,9501075.0,exact
AH_PL,Hồ Ayun Hạ,phytoplankton,2021-12,M6,"Melosira granulata (Ehrenberg) Ralfs, 1861",104880.0,,Melosira granulata,9501075.0,exact
AH_PL,Hồ Ayun Hạ,phytoplankton,2021-12,M7,"Melosira granulata (Ehrenberg) Ralfs, 1861",106720.0,,Melosira granulata,9501075.0,exact
AH_PL,Hồ Ayun Hạ,phytoplankton,2021-12,M8,"Melosira granulata (Ehrenberg) Ralfs, 1861",88320.0,,Melosira granulata,9501075.0,exact
AH_PL,Hồ Ayun Hạ,phytoplankton,2021-12,M9,"Melosira granulata (Ehrenberg) Ralfs, 1861",40480.0,,Melosira granulata,9501075.0,exact
AH_PL,Hồ Ayun Hạ,phytoplankton,2021-12,M10,"Melosira granulata (Ehrenberg) Ralfs, 1861",55200.0,,Melosira granulata,9501075.0,exact
AH_PL,Hồ Ayun Hạ,phytoplankton,2021-12,M1,"Sphaerocystis schroeteri Chodat, 1897",10080.0,,Sphaerocystis schroeteri,5271438.0,exact
AH_PL,Hồ Ayun Hạ,phytoplankton,2021-12,M2,"Sphaerocystis schroeteri Chodat, 1897",9600.0,,Sphaerocystis schroeteri,5271438.0,exact
AH_PL,Hồ Ayun Hạ,phytoplankton,2021-12,M3,"Sphaerocystis schroeteri Chodat, 1897",10800.0,,Sphaerocystis schroeteri,5271438.0,exact
AH_PL,Hồ Ayun Hạ,phytoplankton,2021-12,M4,"Sphaerocystis schroeteri Chodat, 1897",6720.0,,Sphaerocystis schroeteri,5271438.0,exact
AH_PL,Hồ Ayun Hạ,phytoplankton,2021-12,M5,"Sphaerocystis schroeteri Chodat, 1897",12096.0,,Sphaerocystis schroeteri,5271438.0,exact
AH_PL,Hồ Ayun Hạ,phytoplankton,2021-12,M6,"Sphaerocystis schroeteri Chodat, 1897",9120.0,,Sphaerocystis schroeteri,5271438.0,exact
AH_PL,Hồ Ayun Hạ,phytoplankton,2021-12,M7,"Sphaerocystis schroeteri Chodat, 1897",8640.0,,Sphaerocystis schroeteri,5271438.0,exact
AH_PL,Hồ Ayun Hạ,phytoplankton,2021-12,M8,"Sphaerocystis schroeteri Chodat, 1897",20160.0,,Sphaerocystis schroeteri,5271438.0,exact
AH_PL,Hồ Ayun Hạ,phytoplankton,2021-12,M9,"Sphaerocystis schroeteri Chodat, 1897",6720.0,,Sphaerocystis schroeteri,5271438.0,exact
AH_PL,Hồ Ayun Hạ,phytoplankton,2021-12,M10,"Sphaerocystis schroeteri Chodat, 1897",6720.0,,Sphaerocystis schroeteri,5271438.0,exact
AH_PL,Hồ Ayun Hạ,phytoplankton,2021-12,M6,"Eudorina elegans Ehrenberg, 1832",640.0,,Eudorina elegans,5271384.0,exact
AH_PL,Hồ Ayun Hạ,phytoplankton,2021-12,M7,"Eudorina elegans Ehrenberg, 1832",640.0,,Eudorina elegans,5271384.0,exact
AH_PL,Hồ Ayun Hạ,phytoplankton,2021-12,M8,"Eudorina elegans Ehrenberg, 1832",1920.0,,Eudorina elegans,5271384.0,exact
AH_PL,Hồ Ayun Hạ,phytoplankton,2021-12,M9,"Eudorina elegans Ehrenberg, 1832",640.0,,Eudorina elegans,5271384.0,exact
AH_PL,Hồ Ayun Hạ,phytoplankton,2021-12,M10,"Eudorina elegans Ehrenberg, 1832",5120.0,,Eudorina elegans,5271384.0,exact
AH_PL,Hồ Ayun Hạ,phytoplankton,2021-12,M7,"Pandorina morum (O.F.Müller) Bory, 1826",96.0,,Pandorina morum,5271376.0,exact
AH_PL,Hồ Ayun Hạ,phytoplankton,2021-12,M1,"Pediastrum duplex Meyen, 1829",1440.0,,Pediastrum duplex,2641920.0,exact
AH_PL,Hồ Ayun Hạ,phytoplankton,2021-12,M2,"Pediastrum duplex Meyen, 1829",1920.0,,Pediastrum duplex,2641920.0,exact
AH_PL,Hồ Ayun Hạ,phytoplankton,2021-12,M3,"Pediastrum duplex Meyen, 1829",1920.0,,Pediastrum duplex,2641920.0,exact
AH_PL,Hồ Ayun Hạ,phytoplankton,2021-12,M4,"Pediastrum duplex Meyen, 1829",960.0,,Pediastrum duplex,2641920.0,exact
AH_PL,Hồ Ayun Hạ,phytoplankton,2021-12,M5,"Pediastrum duplex Meyen, 1829",2560.0,,Pediastrum duplex,2641920.0,exact
AH_PL,Hồ Ayun Hạ,phytoplankton,2021-12,M6,"Pediastrum duplex Meyen, 1829",1920.0,,Pediastrum duplex,2641920.0,exact
AH_PL,Hồ Ayun Hạ,phytoplankton,2021-12,M7,"Pediastrum duplex Meyen, 1829",640.0,,Pediastrum duplex,2641920.0,exact
AH_PL,Hồ Ayun Hạ,phytoplankton,2021-12,M8,"Pediastrum duplex Meyen, 1829",3360.0,,Pediastrum duplex,2641920.0,exact
AH_PL,Hồ Ayun Hạ,phytoplankton,2021-12,M9,"Pediastrum duplex Meyen, 1829",640.0,,Pediastrum duplex,2641920.0,exact
AH_PL,Hồ Ayun Hạ,phytoplankton,2021-12,M10,"Pediastrum duplex Meyen, 1829",3200.0,,Pediastrum duplex,2641920.0,exact
AH_PL,Hồ Ayun Hạ,phytoplankton,2021-12,M1,"Pediastrum simplex Meyen, 1829",1056.0,,Pediastrum simplex,2641899.0,synonym
AH_PL,Hồ Ayun Hạ,phytoplankton,2021-12,M2,"Pediastrum simplex Meyen, 1829",3200.0,,Pediastrum simplex,2641899.0,synonym
AH_PL,Hồ Ayun Hạ,phytoplankton,2021-12,M3,"Pediastrum simplex Meyen, 1829",2880.0,,Pediastrum simplex,2641899.0,synonym
AH_PL,Hồ Ayun Hạ,phytoplankton,2021-12,M4,"Pediastrum simplex Meyen, 1829",1600.0,,Pediastrum simplex,2641899.0,synonym
AH_PL,Hồ Ayun Hạ,phytoplankton,2021-12,M5,"Pediastrum simplex Meyen, 1829",1280.0,,Pediastrum simplex,2641899.0,synonym
AH_PL,Hồ Ayun Hạ,phytoplankton,2021-12,M6,"Pediastrum simplex Meyen, 1829",2560.0,,Pediastrum simplex,2641899.0,synonym
AH_PL,Hồ Ayun Hạ,phytoplankton,2021-12,M7,"Pediastrum simplex Meyen, 1829",960.0,,Pediastrum simplex,2641899.0,synonym
AH_PL,Hồ Ayun Hạ,phytoplankton,2021-12,M8,"Pediastrum simplex Meyen, 1829",960.0,,Pediastrum simplex,2641899.0,synonym
AH_PL,Hồ Ayun Hạ,phytoplankton,2021-12,M9,"Pediastrum simplex Meyen, 1829",1280.0,,Pediastrum simplex,2641899.0,synonym
AH_PL,Hồ Ayun Hạ,phytoplankton,2021-12,M10,"Pediastrum simplex Meyen, 1829",2560.0,,Pediastrum simplex,2641899.0,synonym
AH_PL,Hồ Ayun Hạ,phytoplankton,2021-12,M1,"Pediastrum tetras (Ehrenberg) Ralfs, 1844",576.0,,Pediastrum tetras,2641911.0,synonym
AH_PL,Hồ Ayun Hạ,phytoplankton,2021-12,M2,"Pediastrum tetras (Ehrenberg) Ralfs, 1844",320.0,,Pediastrum tetras,2641911.0,synonym
AH_PL,Hồ Ayun Hạ,phytoplankton,2021-12,M3,"Pediastrum tetras (Ehrenberg) Ralfs, 1844",480.0,,Pediastrum tetras,2641911.0,synonym
AH_PL,Hồ Ayun Hạ,phytoplankton,2021-12,M4,"Pediastrum tetras (Ehrenberg) Ralfs, 1844",32.0,,Pediastrum tetras,2641911.0,synonym
AH_PL,Hồ Ayun Hạ,phytoplankton,2021-12,M5,"Pediastrum tetras (Ehrenberg) Ralfs, 1844",160.0,,Pediastrum tetras,2641911.0,synonym
AH_PL,Hồ Ayun Hạ,phytoplankton,2021-12,M6,"Pediastrum tetras (Ehrenberg) Ralfs, 1844",160.0,,Pediastrum tetras,2641911.0,synonym
AH_PL,Hồ Ayun Hạ,phytoplankton,2021-12,M7,"Pediastrum tetras (Ehrenberg) Ralfs, 1844",96.0,,Pediastrum tetras,2641911.0,synonym
AH_PL,Hồ Ayun Hạ,phytoplankton,2021-12,M8,"Pediastrum tetras (Ehrenberg) Ralfs, 1844",240.0,,Pediastrum tetras,2641911.0,synonym
AH_PL,Hồ Ayun Hạ,phytoplankton,2021-12,M9,"Pediastrum tetras (Ehrenberg) Ralfs, 1844",160.0,,Pediastrum tetras,2641911.0,synonym
AH_PL,Hồ Ayun Hạ,phytoplankton,2021-12,M6,"Tetraedron gracile (Reinsch) Hansgirg, 1889",-1.0,,Tetraedron gracile,10535837.0,exact
AH_PL,Hồ Ayun Hạ,phytoplankton,2021-12,M8,"Tetraedron gracile (Reinsch) Hansgirg, 1889",24.0,,Tetraedron gracile,10535837.0,exact
AH_PL,Hồ Ayun Hạ,phytoplankton,2021-12,M9,"Tetraedron gracile (Reinsch) Hansgirg, 1889",16.0,,Tetraedron gracile,10535837.0,exact
AH_PL,Hồ Ayun Hạ,phytoplankton,2021-12,M9,"Tetraëdron regulare Kützing, 1845",4.0,,Tetraedron regulare,10604751.0,exact
AH_PL,Hồ Ayun Hạ,phytoplankton,2021-12,M2,Tetraedron trigonum (Nägeli) Hansgirg,40.0,,Tetraedron trigonum,2642391.0,exact
AH_PL,Hồ Ayun Hạ,phytoplankton,2021-12,M3,Tetraedron trigonum (Nägeli) Hansgirg,6.0,,Tetraedron trigonum,2642391.0,exact
AH_PL,Hồ Ayun Hạ,phytoplankton,2021-12,M8,Tetraedron trigonum (Nägeli) Hansgirg,-1.0,,Tetraedron trigonum,2642391.0,exact
AH_PL,Hồ Ayun Hạ,phytoplankton,2021-12,M2,"Coelastrum microsporum Nägeli, 1849",-1.0,,Coelastrum microsporum,2640979.0,fuzzy
AH_PL,Hồ Ayun Hạ,phytoplankton,2021-12,M3,"Coelastrum microsporum Nägeli, 1849",60.0,,Coelastrum microsporum,2640979.0,fuzzy
AH_PL,Hồ Ayun Hạ,phytoplankton,2021-12,M4,"Coelastrum microsporum Nägeli, 1849",480.0,,Coelastrum microsporum,2640979.0,fuzzy
AH_PL,Hồ Ayun Hạ,phytoplankton,2021-12,M5,"Coelastrum microsporum Nägeli, 1849",64.0,,Coelastrum microsporum,2640979.0,fuzzy
AH_PL,Hồ Ayun Hạ,phytoplankton,2021-12,M6,"Coelastrum microsporum Nägeli, 1849",128.0,,Coelastrum microsporum,2640979.0,fuzzy
AH_PL,Hồ Ayun Hạ,phytoplankton,2021-12,M7,"Coelastrum microsporum Nägeli, 1849",640.0,,Coelastrum microsporum,2640979.0,fuzzy
AH_PL,Hồ Ayun Hạ,phytoplankton,2021-12,M8,"Coelastrum microsporum Nägeli, 1849",480.0,,Coelastrum microsporum,2640979.0,fuzzy
AH_PL,Hồ Ayun Hạ,phytoplankton,2021-12,M9,"Coelastrum microsporum Nägeli, 1849",640.0,,Coelastrum microsporum,2640979.0,fuzzy
AH_PL,Hồ Ayun Hạ,phytoplankton,2021-12,M10,"Coelastrum microsporum Nägeli, 1849",640.0,,Coelastrum microsporum,2640979.0,fuzzy
AH_PL,Hồ Ayun Hạ,phytoplankton,2021-12,M2,"Dimorphococcus lunatus A.Braun, 1855",192.0,,Dimorphococcus lunatus,2642013.0,exact
AH_PL,Hồ Ayun Hạ,phytoplankton,2021-12,M5,"Scenedesmus bicaudatus Dedusenko, 1925",-1.0,,Scenedesmus bicaudatus,2652440.0,higherrank
AH_PL,Hồ Ayun Hạ,phytoplankton,2021-12,M5,"Scenedesmus quadricauda (Turpin) Brébisson, 1835",80.0,,Scenedesmus quadricauda,7711060.0,exact
AH_PL,Hồ Ayun Hạ,phytoplankton,2021-12,M6,"Scenedesmus quadricauda (Turpin) Brébisson, 1835",-1.0,,Scenedesmus quadricauda,7711060.0,exact
AH_PL,Hồ Ayun Hạ,phytoplankton,2021-12,M7,"Scenedesmus quadricauda (Turpin) Brébisson, 1835",32.0,,Scenedesmus quadricauda,7711060.0,exact
AH_PL,Hồ Ayun Hạ,phytoplankton,2021-12,M10,"Scenedesmus quadricauda (Turpin) Brébisson, 1835",160.0,,Scenedesmus quadricauda,7711060.0,exact
AH_PL,Hồ Ayun Hạ,phytoplankton,2021-12,M8,"Tetrallantos lagerheimii Teiling, 1916",24.0,,Tetrallantos lagerheimii,2641008.0,exact
AH_PL,Hồ Ayun Hạ,phytoplankton,2021-12,M5,"Ankistrodesmus arcuatus Korshikov, 1953",32.0,,Ankistrodesmus arcuatus,2641579.0,synonym
AH_PL,Hồ Ayun Hạ,phytoplankton,2021-12,M9,"Ankistrodesmus arcuatus Korshikov, 1953",8.0,,Ankistrodesmus arcuatus,2641579.0,synonym
AH_PL,Hồ Ayun Hạ,phytoplankton,2021-12,M1,"Ankistrodesmus bibraianus (Reinsch) Korshikov, 1953",-1.0,,Ankistrodesmus bibraianus,2641191.0,synonym
AH_PL,Hồ Ayun Hạ,phytoplankton,2021-12,M2,"Ankistrodesmus bibraianus (Reinsch) Korshikov, 1953",-1.0,,Ankistrodesmus bibraianus,2641191.0,synonym
AH_PL,Hồ Ayun Hạ,phytoplankton,2021-12,M3,"Ankistrodesmus bibraianus (Reinsch) Korshikov, 1953",-1.0,,Ankistrodesmus bibraianus,2641191.0,synonym
AH_PL,Hồ Ayun Hạ,phytoplankton,2021-12,M4,"Ankistrodesmus bibraianus (Reinsch) Korshikov, 1953",-1.0,,Ankistrodesmus bibraianus,2641191.0,synonym
AH_PL,Hồ Ayun Hạ,phytoplankton,2021-12,M5,"Ankistrodesmus bibraianus (Reinsch) Korshikov, 1953",128.0,,Ankistrodesmus bibraianus,2641191.0,synonym
AH_PL,Hồ Ayun Hạ,phytoplankton,2021-12,M6,"Ankistrodesmus bibraianus (Reinsch) Korshikov, 1953",-1.0,,Ankistrodesmus bibraianus,2641191.0,synonym
AH_PL,Hồ Ayun Hạ,phytoplankton,2021-12,M7,"Ankistrodesmus bibraianus (Reinsch) Korshikov, 1953",-1.0,,Ankistrodesmus bibraianus,2641191.0,synonym
AH_PL,Hồ Ayun Hạ,phytoplankton,2021-12,M10,"Ankistrodesmus bibraianus (Reinsch) Korshikov, 1953",128.0,,Ankistrodesmus bibraianus,2641191.0,synonym
AH_PL,Hồ Ayun Hạ,phytoplankton,2021-12,M3,"Ankistrodesmus fusiformis Corda, 1838",-1.0,,Ankistrodesmus fusiformis,7699361.0,exact
AH_PL,Hồ Ayun Hạ,phytoplankton,2021-12,M1,"Kirchneriella lunaris (Kirchner) K.Möbius, 1894",720.0,,Kirchneriella lunaris,5271638.0,exact
AH_PL,Hồ Ayun Hạ,phytoplankton,2021-12,M2,"Kirchneriella lunaris (Kirchner) K.Möbius, 1894",1920.0,,Kirchneriella lunaris,5271638.0,exact
AH_PL,Hồ Ayun Hạ,phytoplankton,2021-12,M3,"Kirchneriella lunaris (Kirchner) K.Möbius, 1894",1560.0,,Kirchneriella lunaris,5271638.0,exact
AH_PL,Hồ Ayun Hạ,phytoplankton,2021-12,M4,"Kirchneriella lunaris (Kirchner) K.Möbius, 1894",128.0,,Kirchneriella lunaris,5271638.0,exact
AH_PL,Hồ Ayun Hạ,phytoplankton,2021-12,M5,"Kirchneriella lunaris (Kirchner) K.Möbius, 1894",1280.0,,Kirchneriella lunaris,5271638.0,exact
AH_PL,Hồ Ayun Hạ,phytoplankton,2021-12,M6,"Kirchneriella lunaris (Kirchner) K.Möbius, 1894",400.0,,Kirchneriella lunaris,5271638.0,exact
AH_PL,Hồ Ayun Hạ,phytoplankton,2021-12,M7,"Kirchneriella lunaris (Kirchner) K.Möbius, 1894",520.0,,Kirchneriella lunaris,5271638.0,exact
AH_PL,Hồ Ayun Hạ,phytoplankton,2021-12,M8,"Kirchneriella lunaris (Kirchner) K.Möbius, 1894",192.0,,Kirchneriella lunaris,5271638.0,exact
AH_PL,Hồ Ayun Hạ,phytoplankton,2021-12,M9,"Kirchneriella lunaris (Kirchner) K.Möbius, 1894",336.0,,Kirchneriella lunaris,5271638.0,exact
AH_PL,Hồ Ayun Hạ,phytoplankton,2021-12,M10,"Kirchneriella lunaris (Kirchner) K.Möbius, 1894",1344.0,,Kirchneriella lunaris,5271638.0,exact
AH_PL,Hồ Ayun Hạ,phytoplankton,2021-12,M1,"Actinastrum hantzschii Lagerheim, 1882",48.0,,Actinastrum hantzschii,2638622.0,exact
AH_PL,Hồ Ayun Hạ,phytoplankton,2021-12,M3,"Actinastrum hantzschii Lagerheim, 1882",48.0,,Actinastrum hantzschii,2638622.0,exact
AH_PL,Hồ Ayun Hạ,phytoplankton,2021-12,M4,"Actinastrum hantzschii Lagerheim, 1882",-1.0,,Actinastrum hantzschii,2638622.0,exact
AH_PL,Hồ Ayun Hạ,phytoplankton,2021-12,M5,"Actinastrum hantzschii Lagerheim, 1882",160.0,,Actinastrum hantzschii,2638622.0,exact
AH_PL,Hồ Ayun Hạ,phytoplankton,2021-12,M6,"Actinastrum hantzschii Lagerheim, 1882",32.0,,Actinastrum hantzschii,2638622.0,exact
AH_PL,Hồ Ayun Hạ,phytoplankton,2021-12,M7,"Actinastrum hantzschii Lagerheim, 1882",64.0,,Actinastrum hantzschii,2638622.0,exact
AH_PL,Hồ Ayun Hạ,phytoplankton,2021-12,M9,"Actinastrum hantzschii Lagerheim, 1882",160.0,,Actinastrum hantzschii,2638622.0,exact
AH_PL,Hồ Ayun Hạ,phytoplankton,2021-12,M10,"Actinastrum hantzschii Lagerheim, 1882",320.0,,Actinastrum hantzschii,2638622.0,exact
AH_PL,Hồ Ayun Hạ,phytoplankton,2021-12,M1,"Chlorella mucosa Korshikov, 1953",270.0,,Chlorella mucosa,8021157.0,synonym
AH_PL,Hồ Ayun Hạ,phytoplankton,2021-12,M2,"Chlorella mucosa Korshikov, 1953",240.0,,Chlorella mucosa,8021157.0,synonym
AH_PL,Hồ Ayun Hạ,phytoplankton,2021-12,M3,"Chlorella mucosa Korshikov, 1953",300.0,,Chlorella mucosa,8021157.0,synonym
AH_PL,Hồ Ayun Hạ,phytoplankton,2021-12,M4,"Chlorella mucosa Korshikov, 1953",100.0,,Chlorella mucosa,8021157.0,synonym
AH_PL,Hồ Ayun Hạ,phytoplankton,2021-12,M5,"Chlorella mucosa Korshikov, 1953",60.0,,Chlorella mucosa,8021157.0,synonym
AH_PL,Hồ Ayun Hạ,phytoplankton,2021-12,M6,"Chlorella mucosa Korshikov, 1953",100.0,,Chlorella mucosa,8021157.0,synonym
AH_PL,Hồ Ayun Hạ,phytoplankton,2021-12,M7,"Chlorella mucosa Korshikov, 1953",40.0,,Chlorella mucosa,8021157.0,synonym
AH_PL,Hồ Ayun Hạ,phytoplankton,2021-12,M8,"Chlorella mucosa Korshikov, 1953",210.0,,Chlorella mucosa,8021157.0,synonym
AH_PL,Hồ Ayun Hạ,phytoplankton,2021-12,M9,"Chlorella mucosa Korshikov, 1953",60.0,,Chlorella mucosa,8021157.0,synonym
AH_PL,Hồ Ayun Hạ,phytoplankton,2021-12,M1,"Dictyosphaerium pulchellum H.C. Wood, 1873",18144.0,,Dictyosphaerium pulchellum,2642006.0,synonym
AH_PL,Hồ Ayun Hạ,phytoplankton,2021-12,M2,"Dictyosphaerium pulchellum H.C. Wood, 1873",11520.0,,Dictyosphaerium pulchellum,2642006.0,synonym
AH_PL,Hồ Ayun Hạ,phytoplankton,2021-12,M3,"Dictyosphaerium pulchellum H.C. Wood, 1873",10080.0,,Dictyosphaerium pulchellum,2642006.0,synonym
AH_PL,Hồ Ayun Hạ,phytoplankton,2021-12,M4,"Dictyosphaerium pulchellum H.C. Wood, 1873",3360.0,,Dictyosphaerium pulchellum,2642006.0,synonym
AH_PL,Hồ Ayun Hạ,phytoplankton,2021-12,M5,"Dictyosphaerium pulchellum H.C. Wood, 1873",5280.0,,Dictyosphaerium pulchellum,2642006.0,synonym
AH_PL,Hồ Ayun Hạ,phytoplankton,2021-12,M6,"Dictyosphaerium pulchellum H.C. Wood, 1873",3840.0,,Dictyosphaerium pulchellum,2642006.0,synonym
AH_PL,Hồ Ayun Hạ,phytoplankton,2021-12,M7,"Dictyosphaerium pulchellum H.C. Wood, 1873",3840.0,,Dictyosphaerium pulchellum,2642006.0,synonym
AH_PL,Hồ Ayun Hạ,phytoplankton,2021-12,M8,"Dictyosphaerium pulchellum H.C. Wood, 1873",3600.0,,Dictyosphaerium pulchellum,2642006.0,synonym
AH_PL,Hồ Ayun Hạ,phytoplankton,2021-12,M9,"Dictyosphaerium pulchellum H.C. Wood, 1873",2400.0,,Dictyosphaerium pulchellum,2642006.0,synonym
AH_PL,Hồ Ayun Hạ,phytoplankton,2021-12,M1,"Micractinium bornhemiense (W.Conrad) Korshikov, 1953",9072.0,,Micractinium bornhemiense,2641091.0,exact
AH_PL,Hồ Ayun Hạ,phytoplankton,2021-12,M2,"Micractinium bornhemiense (W.Conrad) Korshikov, 1953",7560.0,,Micractinium bornhemiense,2641091.0,exact
AH_PL,Hồ Ayun Hạ,phytoplankton,2021-12,M3,"Micractinium bornhemiense (W.Conrad) Korshikov, 1953",8100.0,,Micractinium bornhemiense,2641091.0,exact
AH_PL,Hồ Ayun Hạ,phytoplankton,2021-12,M4,"Micractinium bornhemiense (W.Conrad) Korshikov, 1953",2700.0,,Micractinium bornhemiense,2641091.0,exact
AH_PL,Hồ Ayun Hạ,phytoplankton,2021-12,M5,"Micractinium bornhemiense (W.Conrad) Korshikov, 1953",540.0,,Micractinium bornhemiense,2641091.0,exact
AH_PL,Hồ Ayun Hạ,phytoplankton,2021-12,M6,"Micractinium bornhemiense (W.Conrad) Korshikov, 1953",1080.0,,Micractinium bornhemiense,2641091.0,exact
AH_PL,Hồ Ayun Hạ,phytoplankton,2021-12,M7,"Micractinium bornhemiense (W.Conrad) Korshikov, 1953",2700.0,,Micractinium bornhemiense,2641091.0,exact
AH_PL,Hồ Ayun Hạ,phytoplankton,2021-12,M8,"Micractinium bornhemiense (W.Conrad) Korshikov, 1953",1620.0,,Micractinium bornhemiense,2641091.0,exact
AH_PL,Hồ Ayun Hạ,phytoplankton,2021-12,M9,"Micractinium bornhemiense (W.Conrad) Korshikov, 1953",1620.0,,Micractinium bornhemiense,2641091.0,exact
AH_PL,Hồ Ayun Hạ,phytoplankton,2021-12,M10,"Micractinium bornhemiense (W.Conrad) Korshikov, 1953",2160.0,,Micractinium bornhemiense,2641091.0,exact
AH_PL,Hồ Ayun Hạ,phytoplankton,2021-12,M1,"Micractinium pusillum Fresenius, 1858",10080.0,,Micractinium pusillum,2641082.0,exact
AH_PL,Hồ Ayun Hạ,phytoplankton,2021-12,M2,"Micractinium pusillum Fresenius, 1858",7680.0,,Micractinium pusillum,2641082.0,exact
AH_PL,Hồ Ayun Hạ,phytoplankton,2021-12,M3,"Micractinium pusillum Fresenius, 1858",6240.0,,Micractinium pusillum,2641082.0,exact
AH_PL,Hồ Ayun Hạ,phytoplankton,2021-12,M4,"Micractinium pusillum Fresenius, 1858",2560.0,,Micractinium pusillum,2641082.0,exact
AH_PL,Hồ Ayun Hạ,phytoplankton,2021-12,M5,"Micractinium pusillum Fresenius, 1858",2880.0,,Micractinium pusillum,2641082.0,exact
AH_PL,Hồ Ayun Hạ,phytoplankton,2021-12,M6,"Micractinium pusillum Fresenius, 1858",1280.0,,Micractinium pusillum,2641082.0,exact
AH_PL,Hồ Ayun Hạ,phytoplankton,2021-12,M7,"Micractinium pusillum Fresenius, 1858",640.0,,Micractinium pusillum,2641082.0,exact
AH_PL,Hồ Ayun Hạ,phytoplankton,2021-12,M8,"Micractinium pusillum Fresenius, 1858",480.0,,Micractinium pusillum,2641082.0,exact
AH_PL,Hồ Ayun Hạ,phytoplankton,2021-12,M9,"Micractinium pusillum Fresenius, 1858",320.0,,Micractinium pusillum,2641082.0,exact
AH_PL,Hồ Ayun Hạ,phytoplankton,2021-12,M10,"Micractinium pusillum Fresenius, 1858",640.0,,Micractinium pusillum,2641082.0,exact
AH_PL,Hồ Ayun Hạ,phytoplankton,2021-12,M2,Oocystis sp.,32.0,,Oocystis sp.,2641454.0,exact
AH_PL,Hồ Ayun Hạ,phytoplankton,2021-12,M3,Oocystis sp.,120.0,,Oocystis sp.,2641454.0,exact
AH_PL,Hồ Ayun Hạ,phytoplankton,2021-12,M4,Oocystis sp.,400.0,,Oocystis sp.,2641454.0,exact
AH_PL,Hồ Ayun Hạ,phytoplankton,2021-12,M5,Oocystis sp.,240.0,,Oocystis sp.,2641454.0,exact
AH_PL,Hồ Ayun Hạ,phytoplankton,2021-12,M6,Oocystis sp.,48.0,,Oocystis sp.,2641454.0,exact
AH_PL,Hồ Ayun Hạ,phytoplankton,2021-12,M7,Oocystis sp.,320.0,,Oocystis sp.,2641454.0,exact
AH_PL,Hồ Ayun Hạ,phytoplankton,2021-12,M9,Oocystis sp.,-1.0,,Oocystis sp.,2641454.0,exact
AH_PL,Hồ Ayun Hạ,phytoplankton,2021-12,M1,"Ulothrix fimbriata Bold, 1958",162840.0,,Ulothrix fimbriata,2646309.0,exact
AH_PL,Hồ Ayun Hạ,phytoplankton,2021-12,M2,"Ulothrix fimbriata Bold, 1958",206080.0,,Ulothrix fimbriata,2646309.0,exact
AH_PL,Hồ Ayun Hạ,phytoplankton,2021-12,M3,"Ulothrix fimbriata Bold, 1958",57960.0,,Ulothrix fimbriata,2646309.0,exact
AH_PL,Hồ Ayun Hạ,phytoplankton,2021-12,M4,"Ulothrix fimbriata Bold, 1958",71760.0,,Ulothrix fimbriata,2646309.0,exact
AH_PL,Hồ Ayun Hạ,phytoplankton,2021-12,M5,"Ulothrix fimbriata Bold, 1958",90160.0,,Ulothrix fimbriata,2646309.0,exact
AH_PL,Hồ Ayun Hạ,phytoplankton,2021-12,M6,"Ulothrix fimbriata Bold, 1958",42320.0,,Ulothrix fimbriata,2646309.0,exact
AH_PL,Hồ Ayun Hạ,phytoplankton,2021-12,M7,"Ulothrix fimbriata Bold, 1958",27600.0,,Ulothrix fimbriata,2646309.0,exact
AH_PL,Hồ Ayun Hạ,phytoplankton,2021-12,M8,"Ulothrix fimbriata Bold, 1958",71760.0,,Ulothrix fimbriata,2646309.0,exact
AH_PL,Hồ Ayun Hạ,phytoplankton,2021-12,M9,"Ulothrix fimbriata Bold, 1958",23920.0,,Ulothrix fimbriata,2646309.0,exact
AH_PL,Hồ Ayun Hạ,phytoplankton,2021-12,M10,"Ulothrix fimbriata Bold, 1958",18400.0,,Ulothrix fimbriata,2646309.0,exact
AH_PL,Hồ Ayun Hạ,phytoplankton,2021-12,M5,"Closterium ehrenbergii Meneghini ex Ralfs, 1848",-1.0,,Closterium ehrenbergii,2646590.0,exact
AH_PL,Hồ Ayun Hạ,phytoplankton,2021-12,M10,"Closterium gracile Brébisson ex Ralfs, 1848",8.0,,Closterium gracile,2646362.0,exact
AH_PL,Hồ Ayun Hạ,phytoplankton,2021-12,M1,"Cosmarium contractum Kirchner, 1878",-1.0,,Cosmarium contractum,5274443.0,exact
AH_PL,Hồ Ayun Hạ,phytoplankton,2021-12,M2,"Cosmarium contractum Kirchner, 1878",-1.0,,Cosmarium contractum,5274443.0,exact
AH_PL,Hồ Ayun Hạ,phytoplankton,2021-12,M3,"Cosmarium contractum Kirchner, 1878",24.0,,Cosmarium contractum,5274443.0,exact
AH_PL,Hồ Ayun Hạ,phytoplankton,2021-12,M4,"Cosmarium contractum Kirchner, 1878",8.0,,Cosmarium contractum,5274443.0,exact
AH_PL,Hồ Ayun Hạ,phytoplankton,2021-12,M9,"Cosmarium contractum Kirchner, 1878",80.0,,Cosmarium contractum,5274443.0,exact
AH_PL,Hồ Ayun Hạ,phytoplankton,2021-12,M1,"Cosmarium lundellii Delponte, 1877",-1.0,,Cosmarium lundellii,5274185.0,exact
AH_PL,Hồ Ayun Hạ,phytoplankton,2021-12,M3,"Cosmarium lundellii Delponte, 1877",-1.0,,Cosmarium lundellii,5274185.0,exact
AH_PL,Hồ Ayun Hạ,phytoplankton,2021-12,M4,"Cosmarium lundellii Delponte, 1877",-1.0,,Cosmarium lundellii,5274185.0,exact
AH_PL,Hồ Ayun Hạ,phytoplankton,2021-12,M5,"Cosmarium lundellii Delponte, 1877",8.0,,Cosmarium lundellii,5274185.0,exact
AH_PL,Hồ Ayun Hạ,phytoplankton,2021-12,M7,"Cosmarium lundellii Delponte, 1877",-1.0,,Cosmarium lundellii,5274185.0,exact
AH_PL,Hồ Ayun Hạ,phytoplankton,2021-12,M1,"Cosmarium margaritatum (P.Lundell) J.Roy & Bisset, 1886",-1.0,,Cosmarium margaritatum,5273970.0,exact
AH_PL,Hồ Ayun Hạ,phytoplankton,2021-12,M3,"Cosmarium margaritatum (P.Lundell) J.Roy & Bisset, 1886",-1.0,,Cosmarium margaritatum,5273970.0,exact
AH_PL,Hồ Ayun Hạ,phytoplankton,2021-12,M5,"Cosmarium margaritatum (P.Lundell) J.Roy & Bisset, 1886",8.0,,Cosmarium margaritatum,5273970.0,exact
AH_PL,Hồ Ayun Hạ,phytoplankton,2021-12,M6,"Cosmarium margaritatum (P.Lundell) J.Roy & Bisset, 1886",8.0,,Cosmarium margaritatum,5273970.0,exact
AH_PL,Hồ Ayun Hạ,phytoplankton,2021-12,M8,"Cosmarium margaritatum (P.Lundell) J.Roy & Bisset, 1886",-1.0,,Cosmarium margaritatum,5273970.0,exact
AH_PL,Hồ Ayun Hạ,phytoplankton,2021-12,M9,"Cosmarium margaritatum (P.Lundell) J.Roy & Bisset, 1886",-1.0,,Cosmarium margaritatum,5273970.0,exact
AH_PL,Hồ Ayun Hạ,phytoplankton,2021-12,M10,"Cosmarium margaritatum (P.Lundell) J.Roy & Bisset, 1886",-1.0,,Cosmarium margaritatum,5273970.0,exact
AH_PL,Hồ Ayun Hạ,phytoplankton,2021-12,M1,"Cosmarium perfissum G.S.West, 1909",24.0,,Cosmarium perfissum,6.0,higherrank
AH_PL,Hồ Ayun Hạ,phytoplankton,2021-12,M2,"Cosmarium perfissum G.S.West, 1909",16.0,,Cosmarium perfissum,6.0,higherrank
AH_PL,Hồ Ayun Hạ,phytoplankton,2021-12,M3,"Cosmarium perfissum G.S.West, 1909",-1.0,,Cosmarium perfissum,6.0,higherrank
AH_PL,Hồ Ayun Hạ,phytoplankton,2021-12,M4,"Cosmarium perfissum G.S.West, 1909",-1.0,,Cosmarium perfissum,6.0,higherrank
AH_PL,Hồ Ayun Hạ,phytoplankton,2021-12,M5,"Cosmarium perfissum G.S.West, 1909",24.0,,Cosmarium perfissum,6.0,higherrank
AH_PL,Hồ Ayun Hạ,phytoplankton,2021-12,M6,"Cosmarium perfissum G.S.West, 1909",40.0,,Cosmarium perfissum,6.0,higherrank
AH_PL,Hồ Ayun Hạ,phytoplankton,2021-12,M7,"Cosmarium perfissum G.S.West, 1909",-1.0,,Cosmarium perfissum,6.0,higherrank
AH_PL,Hồ Ayun Hạ,phytoplankton,2021-12,M8,"Cosmarium perfissum G.S.West, 1909",12.0,,Cosmarium perfissum,6.0,higherrank
AH_PL,Hồ Ayun Hạ,phytoplankton,2021-12,M1,Cosmarium sp.,120.0,,Cosmarium sp.,2648709.0,exact
AH_PL,Hồ Ayun Hạ,phytoplankton,2021-12,M1,Euastrum sp.,120.0,,Euastrum sp.,6.0,higherrank
AH_PL,Hồ Ayun Hạ,phytoplankton,2021-12,M3,"Euastrum spinulosum Delponte, 1876",12.0,,Euastrum spinulosum,2648424.0,exact
AH_PL,Hồ Ayun Hạ,phytoplankton,2021-12,M5,"Euastrum spinulosum Delponte, 1876",-1.0,,Euastrum spinulosum,2648424.0,exact
AH_PL,Hồ Ayun Hạ,phytoplankton,2021-12,M6,"Euastrum spinulosum Delponte, 1876",-1.0,,Euastrum spinulosum,2648424.0,exact
AH_PL,Hồ Ayun Hạ,phytoplankton,2021-12,M2,"Staurastrum megacanthum P.Lundell, 1871",16.0,,Staurastrum megacanthum,2647386.0,synonym
AH_PL,Hồ Ayun Hạ,phytoplankton,2021-12,M3,"Staurastrum megacanthum P.Lundell, 1871",-1.0,,Staurastrum megacanthum,2647386.0,synonym
AH_PL,Hồ Ayun Hạ,phytoplankton,2021-12,M4,"Staurastrum megacanthum P.Lundell, 1871",40.0,,Staurastrum megacanthum,2647386.0,synonym
AH_PL,Hồ Ayun Hạ,phytoplankton,2021-12,M5,"Staurastrum megacanthum P.Lundell, 1871",-1.0,,Staurastrum megacanthum,2647386.0,synonym
AH_PL,Hồ Ayun Hạ,phytoplankton,2021-12,M7,"Staurastrum megacanthum P.Lundell, 1871",-1.0,,Staurastrum megacanthum,2647386.0,synonym
AH_PL,Hồ Ayun Hạ,phytoplankton,2021-12,M8,"Staurastrum megacanthum P.Lundell, 1871",12.0,,Staurastrum megacanthum,2647386.0,synonym
AH_PL,Hồ Ayun Hạ,phytoplankton,2021-12,M1,"Staurastrum natator West, 1892",108.0,,Staurastrum natator,2648127.0,exact
AH_PL,Hồ Ayun Hạ,phytoplankton,2021-12,M2,"Staurastrum natator West, 1892",640.0,,Staurastrum natator,2648127.0,exact
AH_PL,Hồ Ayun Hạ,phytoplankton,2021-12,M3,"Staurastrum natator West, 1892",180.0,,Staurastrum natator,2648127.0,exact
AH_PL,Hồ Ayun Hạ,phytoplankton,2021-12,M4,"Staurastrum natator West, 1892",200.0,,Staurastrum natator,2648127.0,exact
AH_PL,Hồ Ayun Hạ,phytoplankton,2021-12,M5,"Staurastrum natator West, 1892",600.0,,Staurastrum natator,2648127.0,exact
AH_PL,Hồ Ayun Hạ,phytoplankton,2021-12,M6,"Staurastrum natator West, 1892",480.0,,Staurastrum natator,2648127.0,exact
AH_PL,Hồ Ayun Hạ,phytoplankton,2021-12,M7,"Staurastrum natator West, 1892",440.0,,Staurastrum natator,2648127.0,exact
AH_PL,Hồ Ayun Hạ,phytoplankton,2021-12,M8,"Staurastrum natator West, 1892",180.0,,Staurastrum natator,2648127.0,exact
AH_PL,Hồ Ayun Hạ,phytoplankton,2021-12,M9,"Staurastrum natator West, 1892",120.0,,Staurastrum natator,2648127.0,exact
AH_PL,Hồ Ayun Hạ,phytoplankton,2021-12,M10,"Staurastrum natator West, 1892",320.0,,Staurastrum natator,2648127.0,exact
AH_PL,Hồ Ayun Hạ,phytoplankton,2021-12,M4,"Staurastrum ophiura P.Lundell, 1871",-1.0,,Staurastrum ophiura,2647965.0,exact
AH_PL,Hồ Ayun Hạ,phytoplankton,2021-12,M10,"Staurastrum ophiura P.Lundell, 1871",-1.0,,Staurastrum ophiura,2647965.0,exact
AH_PL,Hồ Ayun Hạ,phytoplankton,2021-12,M1,"Staurastrum protectum West & G.S.West, 1908",-1.0,,Staurastrum protectum,2647840.0,exact
AH_PL,Hồ Ayun Hạ,phytoplankton,2021-12,M4,"Staurastrum protectum West & G.S.West, 1908",8.0,,Staurastrum protectum,2647840.0,exact
AH_PL,Hồ Ayun Hạ,phytoplankton,2021-12,M6,"Staurastrum protectum West & G.S.West, 1908",80.0,,Staurastrum protectum,2647840.0,exact
AH_PL,Hồ Ayun Hạ,phytoplankton,2021-12,M1,Staurastrum sp.,120.0,,Staurastrum sp.,2647648.0,exact
AH_PL,Hồ Ayun Hạ,phytoplankton,2021-12,M2,Staurastrum sp.,480.0,,Staurastrum sp.,2647648.0,exact
AH_PL,Hồ Ayun Hạ,phytoplankton,2021-12,M3,Staurastrum sp.,300.0,,Staurastrum sp.,2647648.0,exact
AH_PL,Hồ Ayun Hạ,phytoplankton,2021-12,M4,Staurastrum sp.,240.0,,Staurastrum sp.,2647648.0,exact
AH_PL,Hồ Ayun Hạ,phytoplankton,2021-12,M5,Staurastrum sp.,200.0,,Staurastrum sp.,2647648.0,exact
AH_PL,Hồ Ayun Hạ,phytoplankton,2021-12,M6,Staurastrum sp.,120.0,,Staurastrum sp.,2647648.0,exact
AH_PL,Hồ Ayun Hạ,phytoplankton,2021-12,M7,Staurastrum sp.,160.0,,Staurastrum sp.,2647648.0,exact
AH_PL,Hồ Ayun Hạ,phytoplankton,2021-12,M8,Staurastrum sp.,180.0,,Staurastrum sp.,2647648.0,exact
AH_PL,Hồ Ayun Hạ,phytoplankton,2021-12,M9,Staurastrum sp.,280.0,,Staurastrum sp.,2647648.0,exact
AH_PL,Hồ Ayun Hạ,phytoplankton,2021-12,M10,Staurastrum sp.,240.0,,Staurastrum sp.,2647648.0,exact
AH_PL,Hồ Ayun Hạ,phytoplankton,2021-12,M1,"Staurastrum vaasii A.M.Scott & Prescott, 1961",420.0,,Staurastrum vaasii,2647648.0,higherrank
AH_PL,Hồ Ayun Hạ,phytoplankton,2021-12,M2,"Staurastrum vaasii A.M.Scott & Prescott, 1961",800.0,,Staurastrum vaasii,2647648.0,higherrank
AH_PL,Hồ Ayun Hạ,phytoplankton,2021-12,M3,"Staurastrum vaasii A.M.Scott & Prescott, 1961",180.0,,Staurastrum vaasii,2647648.0,higherrank
AH_PL,Hồ Ayun Hạ,phytoplankton,2021-12,M4,"Staurastrum vaasii A.M.Scott & Prescott, 1961",240.0,,Staurastrum vaasii,2647648.0,higherrank
AH_PL,Hồ Ayun Hạ,phytoplankton,2021-12,M5,"Staurastrum vaasii A.M.Scott & Prescott, 1961",440.0,,Staurastrum vaasii,2647648.0,higherrank
AH_PL,Hồ Ayun Hạ,phytoplankton,2021-12,M6,"Staurastrum vaasii A.M.Scott & Prescott, 1961",360.0,,Staurastrum vaasii,2647648.0,higherrank
AH_PL,Hồ Ayun Hạ,phytoplankton,2021-12,M7,"Staurastrum vaasii A.M.Scott & Prescott, 1961",400.0,,Staurastrum vaasii,2647648.0,higherrank
AH_PL,Hồ Ayun Hạ,phytoplankton,2021-12,M8,"Staurastrum vaasii A.M.Scott & Prescott, 1961",1080.0,,Staurastrum vaasii,2647648.0,higherrank
AH_PL,Hồ Ayun Hạ,phytoplankton,2021-12,M9,"Staurastrum vaasii A.M.Scott & Prescott, 1961",3640.0,,Staurastrum vaasii,2647648.0,higherrank
AH_PL,Hồ Ayun Hạ,phytoplankton,2021-12,M10,"Staurastrum vaasii A.M.Scott & Prescott, 1961",880.0,,Staurastrum vaasii,2647648.0,higherrank
AH_PL,Hồ Ayun Hạ,phytoplankton,2021-12,M6,"Euglena gracilis G.A.Klebs, 1883",-1.0,,Euglena gracilis,7465722.0,exact
AH_PL,Hồ Ayun Hạ,phytoplankton,2021-12,M7,"Euglena gracilis G.A.Klebs, 1883",20.0,,Euglena gracilis,7465722.0,exact
AH_PL,Hồ Ayun Hạ,phytoplankton,2021-12,M7,"Euglena oxyuris Schmarda, 1846",4.0,,Euglena oxyuris,3209849.0,synonym
AH_PL,Hồ Ayun Hạ,phytoplankton,2021-12,M9,"Euglena oxyuris Schmarda, 1846",4.0,,Euglena oxyuris,3209849.0,synonym
AH_PL,Hồ Ayun Hạ,phytoplankton,2021-12,M7,"Euglena polymorpha P.A.Dangeard, 1902",4.0,,Euglena polymorpha,8280463.0,synonym
AH_PL,Hồ Ayun Hạ,phytoplankton,2021-12,M10,Strombomonas sp.,8.0,,Strombomonas sp.,3208654.0,exact
AH_PL,Hồ Ayun Hạ,phytoplankton,2021-12,M7,"Trachelomonas armata (Ehrenberg) F.Stein, 1878",16.0,,Trachelomonas armata,3208921.0,exact
AH_PL,Hồ Ayun Hạ,phytoplankton,2021-12,M8,"Trachelomonas armata (Ehrenberg) F.Stein, 1878",-1.0,,Trachelomonas armata,3208921.0,exact
AH_PL,Hồ Ayun Hạ,phytoplankton,2021-12,M9,"Trachelomonas armata (Ehrenberg) F.Stein, 1878",-1.0,,Trachelomonas armata,3208921.0,exact
AH_PL,Hồ Ayun Hạ,phytoplankton,2021-12,M10,"Trachelomonas armata (Ehrenberg) F.Stein, 1878",40.0,,Trachelomonas armata,3208921.0,exact
AH_PL,Hồ Ayun Hạ,phytoplankton,2021-12,M10,"Trachelomonas horrida T.C.Palmer, 1905",-1.0,,Trachelomonas horrida,3209125.0,exact
AH_PL,Hồ Ayun Hạ,phytoplankton,2021-12,M10,"Phacus pleuronectes (O.F.Müller) Nitzsch ex Dujardin, 1841",-1.0,,Phacus pleuronectes,5425077.0,exact
AH_PL,Hồ Ayun Hạ,phytoplankton,2021-12,M5,Phacus sp.,20.0,,Phacus sp.,6761067.0,exact
AH_PL,Hồ Ayun Hạ,phytoplankton,2021-12,M7,Phacus sp.,-1.0,,Phacus sp.,6761067.0,exact
AH_PL,Hồ Ayun Hạ,phytoplankton,2021-12,M10,Phacus sp.,16.0,,Phacus sp.,6761067.0,exact
AH_PL,Hồ Ayun Hạ,phytoplankton,2021-12,M5,"Ceratium hirundinella (O.F.Müller) Dujardin, 1841",-1.0,,Ceratium hirundinella,7598904.0,exact
AH_PL,Hồ Ayun Hạ,phytoplankton,2021-12,M7,"Ceratium hirundinella (O.F.Müller) Dujardin, 1841",4.0,,Ceratium hirundinella,7598904.0,exact
AH_PL,Hồ Ayun Hạ,phytoplankton,2021-12,M9,"Ceratium hirundinella (O.F.Müller) Dujardin, 1841",24.0,,Ceratium hirundinella,7598904.0,exact
AH_PL,Hồ Ayun Hạ,phytoplankton,2021-12,M3,Peridinium sp.,30.0,,Peridinium sp.,7536081.0,exact
AH_PL,Hồ Ayun Hạ,phytoplankton,2021-12,M4,Peridinium sp.,-1.0,,Peridinium sp.,7536081.0,exact
AH_PL,Hồ Ayun Hạ,phytoplankton,2021-12,M5,Peridinium sp1,4.0,,Peridinium sp.1,7536081.0,exact
AH_PL,Hồ Ayun Hạ,phytoplankton,2021-12,M6,Peridinium sp1,16.0,,Peridinium sp.1,7536081.0,exact
AH_PL,Hồ Ayun Hạ,phytoplankton,2021-12,M7,Peridinium sp1,20.0,,Peridinium sp.1,7536081.0,exact
AH_PL,Hồ Ayun Hạ,phytoplankton,2021-12,M8,Peridinium sp1,144.0,,Peridinium sp.1,7536081.0,exact
AH_PL,Hồ Ayun Hạ,phytoplankton,2021-12,M9,Peridinium sp1,20.0,,Peridinium sp.1,7536081.0,exact
AH_PL,Hồ Ayun Hạ,phytoplankton,2021-12,M10,Peridinium sp1,136.0,,Peridinium sp.1,7536081.0,exact
AH_PL,Hồ Ayun Hạ,phytoplankton,2022-03,M1,"Microcystis aeruginosa (Kützing) Kützing, 1846",174800.0,Tảo độc,Microcystis aeruginosa,11959609.0,exact
AH_PL,Hồ Ayun Hạ,phytoplankton,2022-03,M2,"Microcystis aeruginosa (Kützing) Kützing, 1846",303600.0,Tảo độc,Microcystis aeruginosa,11959609.0,exact
AH_PL,Hồ Ayun Hạ,phytoplankton,2022-03,M3,"Microcystis aeruginosa (Kützing) Kützing, 1846",193200.0,Tảo độc,Microcystis aeruginosa,11959609.0,exact
AH_PL,Hồ Ayun Hạ,phytoplankton,2022-03,M4,"Microcystis aeruginosa (Kützing) Kützing, 1846",234600.0,Tảo độc,Microcystis aeruginosa,11959609.0,exact
AH_PL,Hồ Ayun Hạ,phytoplankton,2022-03,M5,"Microcystis aeruginosa (Kützing) Kützing, 1846",220800.0,Tảo độc,Microcystis aeruginosa,11959609.0,exact
AH_PL,Hồ Ayun Hạ,phytoplankton,2022-03,M6,"Microcystis aeruginosa (Kützing) Kützing, 1846",248400.0,Tảo độc,Microcystis aeruginosa,11959609.0,exact
AH_PL,Hồ Ayun Hạ,phytoplankton,2022-03,M7,"Microcystis aeruginosa (Kützing) Kützing, 1846",147200.0,Tảo độc,Microcystis aeruginosa,11959609.0,exact
AH_PL,Hồ Ayun Hạ,phytoplankton,2022-03,M8,"Microcystis aeruginosa (Kützing) Kützing, 1846",358800.0,Tảo độc,Microcystis aeruginosa,11959609.0,exact
AH_PL,Hồ Ayun Hạ,phytoplankton,2022-03,M9,"Microcystis aeruginosa (Kützing) Kützing, 1846",621000.0,Tảo độc,Microcystis aeruginosa,11959609.0,exact
AH_PL,Hồ Ayun Hạ,phytoplankton,2022-03,M10,"Microcystis aeruginosa (Kützing) Kützing, 1846",846400.0,Tảo độc,Microcystis aeruginosa,11959609.0,exact
AH_PL,Hồ Ayun Hạ,phytoplankton,2022-03,M1,"Microcystis wesenbergii (Komárek) Komárek ex Komárek, 2006",82800.0,Tảo độc,Microcystis wesenbergii,5426741.0,exact
AH_PL,Hồ Ayun Hạ,phytoplankton,2022-03,M2,"Microcystis wesenbergii (Komárek) Komárek ex Komárek, 2006",151800.0,Tảo độc,Microcystis wesenbergii,5426741.0,exact
AH_PL,Hồ Ayun Hạ,phytoplankton,2022-03,M3,"Microcystis wesenbergii (Komárek) Komárek ex Komárek, 2006",82800.0,Tảo độc,Microcystis wesenbergii,5426741.0,exact
AH_PL,Hồ Ayun Hạ,phytoplankton,2022-03,M4,"Microcystis wesenbergii (Komárek) Komárek ex Komárek, 2006",55200.0,Tảo độc,Microcystis wesenbergii,5426741.0,exact
AH_PL,Hồ Ayun Hạ,phytoplankton,2022-03,M5,"Microcystis wesenbergii (Komárek) Komárek ex Komárek, 2006",55200.0,Tảo độc,Microcystis wesenbergii,5426741.0,exact
AH_PL,Hồ Ayun Hạ,phytoplankton,2022-03,M6,"Microcystis wesenbergii (Komárek) Komárek ex Komárek, 2006",96600.0,Tảo độc,Microcystis wesenbergii,5426741.0,exact
AH_PL,Hồ Ayun Hạ,phytoplankton,2022-03,M7,"Microcystis wesenbergii (Komárek) Komárek ex Komárek, 2006",64400.0,Tảo độc,Microcystis wesenbergii,5426741.0,exact
AH_PL,Hồ Ayun Hạ,phytoplankton,2022-03,M8,"Microcystis wesenbergii (Komárek) Komárek ex Komárek, 2006",82800.0,Tảo độc,Microcystis wesenbergii,5426741.0,exact
AH_PL,Hồ Ayun Hạ,phytoplankton,2022-03,M9,"Microcystis wesenbergii (Komárek) Komárek ex Komárek, 2006",372600.0,Tảo độc,Microcystis wesenbergii,5426741.0,exact
AH_PL,Hồ Ayun Hạ,phytoplankton,2022-03,M10,"Microcystis wesenbergii (Komárek) Komárek ex Komárek, 2006",423200.0,Tảo độc,Microcystis wesenbergii,5426741.0,exact
AH_PL,Hồ Ayun Hạ,phytoplankton,2022-03,M1,"Oscillatoria princeps Vaucher ex Gomont, 1892",200.0,Tảo gây hại,Oscillatoria princeps,3218836.0,exact
AH_PL,Hồ Ayun Hạ,phytoplankton,2022-03,M2,"Oscillatoria princeps Vaucher ex Gomont, 1892",600.0,Tảo gây hại,Oscillatoria princeps,3218836.0,exact
AH_PL,Hồ Ayun Hạ,phytoplankton,2022-03,M3,"Oscillatoria princeps Vaucher ex Gomont, 1892",600.0,Tảo gây hại,Oscillatoria princeps,3218836.0,exact
AH_PL,Hồ Ayun Hạ,phytoplankton,2022-03,M4,"Oscillatoria princeps Vaucher ex Gomont, 1892",300.0,Tảo gây hại,Oscillatoria princeps,3218836.0,exact
AH_PL,Hồ Ayun Hạ,phytoplankton,2022-03,M6,"Oscillatoria princeps Vaucher ex Gomont, 1892",600.0,Tảo gây hại,Oscillatoria princeps,3218836.0,exact
AH_PL,Hồ Ayun Hạ,phytoplankton,2022-03,M1,"Anabaena spiroides Klebahn, 1895",17480.0,Tảo độc,Anabaena spiroides,5427219.0,synonym
AH_PL,Hồ Ayun Hạ,phytoplankton,2022-03,M2,"Anabaena spiroides Klebahn, 1895",31740.0,Tảo độc,Anabaena spiroides,5427219.0,synonym
AH_PL,Hồ Ayun Hạ,phytoplankton,2022-03,M3,"Anabaena spiroides Klebahn, 1895",38640.0,Tảo độc,Anabaena spiroides,5427219.0,synonym
AH_PL,Hồ Ayun Hạ,phytoplankton,2022-03,M4,"Anabaena spiroides Klebahn, 1895",26220.0,Tảo độc,Anabaena spiroides,5427219.0,synonym
AH_PL,Hồ Ayun Hạ,phytoplankton,2022-03,M5,"Anabaena spiroides Klebahn, 1895",26220.0,Tảo độc,Anabaena spiroides,5427219.0,synonym
AH_PL,Hồ Ayun Hạ,phytoplankton,2022-03,M6,"Anabaena spiroides Klebahn, 1895",12420.0,Tảo độc,Anabaena spiroides,5427219.0,synonym
AH_PL,Hồ Ayun Hạ,phytoplankton,2022-03,M7,"Anabaena spiroides Klebahn, 1895",23000.0,Tảo độc,Anabaena spiroides,5427219.0,synonym
AH_PL,Hồ Ayun Hạ,phytoplankton,2022-03,M8,"Anabaena spiroides Klebahn, 1895",22080.0,Tảo độc,Anabaena spiroides,5427219.0,synonym
AH_PL,Hồ Ayun Hạ,phytoplankton,2022-03,M9,"Anabaena spiroides Klebahn, 1895",114540.0,Tảo độc,Anabaena spiroides,5427219.0,synonym
AH_PL,Hồ Ayun Hạ,phytoplankton,2022-03,M10,"Anabaena spiroides Klebahn, 1895",64400.0,Tảo độc,Anabaena spiroides,5427219.0,synonym
AH_PL,Hồ Ayun Hạ,phytoplankton,2022-03,M1,"Pseudanabaena mucicola (Naumann & Huber-Pestalozzi) Schwabe, 1964",3200.0,Tảo độc,Pseudanabaena mucicola,3218049.0,exact
AH_PL,Hồ Ayun Hạ,phytoplankton,2022-03,M2,"Pseudanabaena mucicola (Naumann & Huber-Pestalozzi) Schwabe, 1964",5400.0,Tảo độc,Pseudanabaena mucicola,3218049.0,exact
AH_PL,Hồ Ayun Hạ,phytoplankton,2022-03,M4,"Pseudanabaena mucicola (Naumann & Huber-Pestalozzi) Schwabe, 1964",4500.0,Tảo độc,Pseudanabaena mucicola,3218049.0,exact
AH_PL,Hồ Ayun Hạ,phytoplankton,2022-03,M5,"Pseudanabaena mucicola (Naumann & Huber-Pestalozzi) Schwabe, 1964",3000.0,Tảo độc,Pseudanabaena mucicola,3218049.0,exact
AH_PL,Hồ Ayun Hạ,phytoplankton,2022-03,M6,"Pseudanabaena mucicola (Naumann & Huber-Pestalozzi) Schwabe, 1964",4800.0,Tảo độc,Pseudanabaena mucicola,3218049.0,exact
AH_PL,Hồ Ayun Hạ,phytoplankton,2022-03,M7,"Pseudanabaena mucicola (Naumann & Huber-Pestalozzi) Schwabe, 1964",1600.0,Tảo độc,Pseudanabaena mucicola,3218049.0,exact
AH_PL,Hồ Ayun Hạ,phytoplankton,2022-03,M8,"Pseudanabaena mucicola (Naumann & Huber-Pestalozzi) Schwabe, 1964",3600.0,Tảo độc,Pseudanabaena mucicola,3218049.0,exact
AH_PL,Hồ Ayun Hạ,phytoplankton,2022-03,M9,"Pseudanabaena mucicola (Naumann & Huber-Pestalozzi) Schwabe, 1964",9000.0,Tảo độc,Pseudanabaena mucicola,3218049.0,exact
AH_PL,Hồ Ayun Hạ,phytoplankton,2022-03,M10,"Pseudanabaena mucicola (Naumann & Huber-Pestalozzi) Schwabe, 1964",4000.0,Tảo độc,Pseudanabaena mucicola,3218049.0,exact
AH_PL,Hồ Ayun Hạ,phytoplankton,2022-03,M5,"Dinobryon sertularia Ehrenberg, 1834",60.0,,Dinobryon sertularia,3194959.0,exact
AH_PL,Hồ Ayun Hạ,phytoplankton,2022-03,M1,"Synedra acus Kützing, 1844",40.0,,Synedra acus,9471011.0,exact
AH_PL,Hồ Ayun Hạ,phytoplankton,2022-03,M2,"Synedra acus Kützing, 1844",12.0,,Synedra acus,9471011.0,exact
AH_PL,Hồ Ayun Hạ,phytoplankton,2022-03,M3,"Synedra acus Kützing, 1844",6.0,,Synedra acus,9471011.0,exact
AH_PL,Hồ Ayun Hạ,phytoplankton,2022-03,M5,"Synedra acus Kützing, 1844",18.0,,Synedra acus,9471011.0,exact
AH_PL,Hồ Ayun Hạ,phytoplankton,2022-03,M6,"Synedra acus Kützing, 1844",6.0,,Synedra acus,9471011.0,exact
AH_PL,Hồ Ayun Hạ,phytoplankton,2022-03,M7,"Synedra acus Kützing, 1844",8.0,,Synedra acus,9471011.0,exact
AH_PL,Hồ Ayun Hạ,phytoplankton,2022-03,M8,"Synedra acus Kützing, 1844",30.0,,Synedra acus,9471011.0,exact
AH_PL,Hồ Ayun Hạ,phytoplankton,2022-03,M9,"Synedra acus Kützing, 1844",30.0,,Synedra acus,9471011.0,exact
AH_PL,Hồ Ayun Hạ,phytoplankton,2022-03,M10,"Synedra acus Kützing, 1844",32.0,,Synedra acus,9471011.0,exact
AH_PL,Hồ Ayun Hạ,phytoplankton,2022-03,M1,"Synedra ulna (Nitzsch) Ehrenberg, 1832",20.0,,Synedra ulna,3192457.0,exact
AH_PL,Hồ Ayun Hạ,phytoplankton,2022-03,M2,"Synedra ulna (Nitzsch) Ehrenberg, 1832",84.0,,Synedra ulna,3192457.0,exact
AH_PL,Hồ Ayun Hạ,phytoplankton,2022-03,M3,"Synedra ulna (Nitzsch) Ehrenberg, 1832",12.0,,Synedra ulna,3192457.0,exact
AH_PL,Hồ Ayun Hạ,phytoplankton,2022-03,M4,"Synedra ulna (Nitzsch) Ehrenberg, 1832",18.0,,Synedra ulna,3192457.0,exact
AH_PL,Hồ Ayun Hạ,phytoplankton,2022-03,M5,"Synedra ulna (Nitzsch) Ehrenberg, 1832",-1.0,,Synedra ulna,3192457.0,exact
AH_PL,Hồ Ayun Hạ,phytoplankton,2022-03,M6,"Synedra ulna (Nitzsch) Ehrenberg, 1832",36.0,,Synedra ulna,3192457.0,exact
AH_PL,Hồ Ayun Hạ,phytoplankton,2022-03,M7,"Synedra ulna (Nitzsch) Ehrenberg, 1832",32.0,,Synedra ulna,3192457.0,exact
AH_PL,Hồ Ayun Hạ,phytoplankton,2022-03,M8,"Synedra ulna (Nitzsch) Ehrenberg, 1832",54.0,,Synedra ulna,3192457.0,exact
AH_PL,Hồ Ayun Hạ,phytoplankton,2022-03,M10,"Synedra ulna (Nitzsch) Ehrenberg, 1832",16.0,,Synedra ulna,3192457.0,exact
AH_PL,Hồ Ayun Hạ,phytoplankton,2022-03,M1,"Melosira granulata (Ehrenberg) Ralfs, 1861",187680.0,,Melosira granulata,9501075.0,exact
AH_PL,Hồ Ayun Hạ,phytoplankton,2022-03,M2,"Melosira granulata (Ehrenberg) Ralfs, 1861",96600.0,,Melosira granulata,9501075.0,exact
AH_PL,Hồ Ayun Hạ,phytoplankton,2022-03,M3,"Melosira granulata (Ehrenberg) Ralfs, 1861",184920.0,,Melosira granulata,9501075.0,exact
AH_PL,Hồ Ayun Hạ,phytoplankton,2022-03,M4,"Melosira granulata (Ehrenberg) Ralfs, 1861",102120.0,,Melosira granulata,9501075.0,exact
AH_PL,Hồ Ayun Hạ,phytoplankton,2022-03,M5,"Melosira granulata (Ehrenberg) Ralfs, 1861",132480.0,,Melosira granulata,9501075.0,exact
AH_PL,Hồ Ayun Hạ,phytoplankton,2022-03,M6,"Melosira granulata (Ehrenberg) Ralfs, 1861",234600.0,,Melosira granulata,9501075.0,exact
AH_PL,Hồ Ayun Hạ,phytoplankton,2022-03,M7,"Melosira granulata (Ehrenberg) Ralfs, 1861",138000.0,,Melosira granulata,9501075.0,exact
AH_PL,Hồ Ayun Hạ,phytoplankton,2022-03,M8,"Melosira granulata (Ehrenberg) Ralfs, 1861",281520.0,,Melosira granulata,9501075.0,exact
AH_PL,Hồ Ayun Hạ,phytoplankton,2022-03,M9,"Melosira granulata (Ehrenberg) Ralfs, 1861",75900.0,,Melosira granulata,9501075.0,exact
AH_PL,Hồ Ayun Hạ,phytoplankton,2022-03,M10,"Melosira granulata (Ehrenberg) Ralfs, 1861",71760.0,,Melosira granulata,9501075.0,exact
AH_PL,Hồ Ayun Hạ,phytoplankton,2022-03,M1,"Sphaerocystis schroeteri Chodat, 1897",14112.0,,Sphaerocystis schroeteri,5271438.0,exact
AH_PL,Hồ Ayun Hạ,phytoplankton,2022-03,M2,"Sphaerocystis schroeteri Chodat, 1897",20160.0,,Sphaerocystis schroeteri,5271438.0,exact
AH_PL,Hồ Ayun Hạ,phytoplankton,2022-03,M3,"Sphaerocystis schroeteri Chodat, 1897",11088.0,,Sphaerocystis schroeteri,5271438.0,exact
AH_PL,Hồ Ayun Hạ,phytoplankton,2022-03,M4,"Sphaerocystis schroeteri Chodat, 1897",10080.0,,Sphaerocystis schroeteri,5271438.0,exact
AH_PL,Hồ Ayun Hạ,phytoplankton,2022-03,M5,"Sphaerocystis schroeteri Chodat, 1897",22320.0,,Sphaerocystis schroeteri,5271438.0,exact
AH_PL,Hồ Ayun Hạ,phytoplankton,2022-03,M6,"Sphaerocystis schroeteri Chodat, 1897",12240.0,,Sphaerocystis schroeteri,5271438.0,exact
AH_PL,Hồ Ayun Hạ,phytoplankton,2022-03,M7,"Sphaerocystis schroeteri Chodat, 1897",10752.0,,Sphaerocystis schroeteri,5271438.0,exact
AH_PL,Hồ Ayun Hạ,phytoplankton,2022-03,M8,"Sphaerocystis schroeteri Chodat, 1897",18144.0,,Sphaerocystis schroeteri,5271438.0,exact
AH_PL,Hồ Ayun Hạ,phytoplankton,2022-03,M9,"Sphaerocystis schroeteri Chodat, 1897",11520.0,,Sphaerocystis schroeteri,5271438.0,exact
AH_PL,Hồ Ayun Hạ,phytoplankton,2022-03,M10,"Sphaerocystis schroeteri Chodat, 1897",21120.0,,Sphaerocystis schroeteri,5271438.0,exact
AH_PL,Hồ Ayun Hạ,phytoplankton,2022-03,M5,"Eudorina elegans Ehrenberg, 1832",-1.0,,Eudorina elegans,5271384.0,exact
AH_PL,Hồ Ayun Hạ,phytoplankton,2022-03,M6,"Eudorina elegans Ehrenberg, 1832",576.0,,Eudorina elegans,5271384.0,exact
AH_PL,Hồ Ayun Hạ,phytoplankton,2022-03,M7,"Eudorina elegans Ehrenberg, 1832",384.0,,Eudorina elegans,5271384.0,exact
AH_PL,Hồ Ayun Hạ,phytoplankton,2022-03,M8,"Eudorina elegans Ehrenberg, 1832",384.0,,Eudorina elegans,5271384.0,exact
AH_PL,Hồ Ayun Hạ,phytoplankton,2022-03,M9,"Eudorina elegans Ehrenberg, 1832",7680.0,,Eudorina elegans,5271384.0,exact
AH_PL,Hồ Ayun Hạ,phytoplankton,2022-03,M10,"Eudorina elegans Ehrenberg, 1832",6400.0,,Eudorina elegans,5271384.0,exact
AH_PL,Hồ Ayun Hạ,phytoplankton,2022-03,M1,"Pediastrum duplex Meyen, 1829",3520.0,,Pediastrum duplex,2641920.0,exact
AH_PL,Hồ Ayun Hạ,phytoplankton,2022-03,M2,"Pediastrum duplex Meyen, 1829",2880.0,,Pediastrum duplex,2641920.0,exact
AH_PL,Hồ Ayun Hạ,phytoplankton,2022-03,M3,"Pediastrum duplex Meyen, 1829",5280.0,,Pediastrum duplex,2641920.0,exact
AH_PL,Hồ Ayun Hạ,phytoplankton,2022-03,M4,"Pediastrum duplex Meyen, 1829",960.0,,Pediastrum duplex,2641920.0,exact
AH_PL,Hồ Ayun Hạ,phytoplankton,2022-03,M5,"Pediastrum duplex Meyen, 1829",2400.0,,Pediastrum duplex,2641920.0,exact
AH_PL,Hồ Ayun Hạ,phytoplankton,2022-03,M6,"Pediastrum duplex Meyen, 1829",1920.0,,Pediastrum duplex,2641920.0,exact
AH_PL,Hồ Ayun Hạ,phytoplankton,2022-03,M7,"Pediastrum duplex Meyen, 1829",640.0,,Pediastrum duplex,2641920.0,exact
AH_PL,Hồ Ayun Hạ,phytoplankton,2022-03,M8,"Pediastrum duplex Meyen, 1829",2880.0,,Pediastrum duplex,2641920.0,exact
AH_PL,Hồ Ayun Hạ,phytoplankton,2022-03,M9,"Pediastrum duplex Meyen, 1829",4320.0,,Pediastrum duplex,2641920.0,exact
AH_PL,Hồ Ayun Hạ,phytoplankton,2022-03,M10,"Pediastrum duplex Meyen, 1829",7680.0,,Pediastrum duplex,2641920.0,exact
AH_PL,Hồ Ayun Hạ,phytoplankton,2022-03,M1,"Pediastrum simplex Meyen, 1829",2880.0,,Pediastrum simplex,2641899.0,synonym
AH_PL,Hồ Ayun Hạ,phytoplankton,2022-03,M2,"Pediastrum simplex Meyen, 1829",2400.0,,Pediastrum simplex,2641899.0,synonym
AH_PL,Hồ Ayun Hạ,phytoplankton,2022-03,M3,"Pediastrum simplex Meyen, 1829",3360.0,,Pediastrum simplex,2641899.0,synonym
AH_PL,Hồ Ayun Hạ,phytoplankton,2022-03,M4,"Pediastrum simplex Meyen, 1829",2400.0,,Pediastrum simplex,2641899.0,synonym
AH_PL,Hồ Ayun Hạ,phytoplankton,2022-03,M5,"Pediastrum simplex Meyen, 1829",6240.0,,Pediastrum simplex,2641899.0,synonym
AH_PL,Hồ Ayun Hạ,phytoplankton,2022-03,M6,"Pediastrum simplex Meyen, 1829",4320.0,,Pediastrum simplex,2641899.0,synonym
AH_PL,Hồ Ayun Hạ,phytoplankton,2022-03,M7,"Pediastrum simplex Meyen, 1829",2240.0,,Pediastrum simplex,2641899.0,synonym
AH_PL,Hồ Ayun Hạ,phytoplankton,2022-03,M8,"Pediastrum simplex Meyen, 1829",2400.0,,Pediastrum simplex,2641899.0,synonym
AH_PL,Hồ Ayun Hạ,phytoplankton,2022-03,M9,"Pediastrum simplex Meyen, 1829",1440.0,,Pediastrum simplex,2641899.0,synonym
AH_PL,Hồ Ayun Hạ,phytoplankton,2022-03,M10,"Pediastrum simplex Meyen, 1829",2560.0,,Pediastrum simplex,2641899.0,synonym
AH_PL,Hồ Ayun Hạ,phytoplankton,2022-03,M1,"Pediastrum tetras (Ehrenberg) Ralfs, 1844",640.0,,Pediastrum tetras,2641911.0,synonym
AH_PL,Hồ Ayun Hạ,phytoplankton,2022-03,M2,"Pediastrum tetras (Ehrenberg) Ralfs, 1844",240.0,,Pediastrum tetras,2641911.0,synonym
AH_PL,Hồ Ayun Hạ,phytoplankton,2022-03,M3,"Pediastrum tetras (Ehrenberg) Ralfs, 1844",480.0,,Pediastrum tetras,2641911.0,synonym
AH_PL,Hồ Ayun Hạ,phytoplankton,2022-03,M4,"Pediastrum tetras (Ehrenberg) Ralfs, 1844",960.0,,Pediastrum tetras,2641911.0,synonym
AH_PL,Hồ Ayun Hạ,phytoplankton,2022-03,M5,"Pediastrum tetras (Ehrenberg) Ralfs, 1844",384.0,,Pediastrum tetras,2641911.0,synonym
AH_PL,Hồ Ayun Hạ,phytoplankton,2022-03,M6,"Pediastrum tetras (Ehrenberg) Ralfs, 1844",-1.0,,Pediastrum tetras,2641911.0,synonym
AH_PL,Hồ Ayun Hạ,phytoplankton,2022-03,M7,"Pediastrum tetras (Ehrenberg) Ralfs, 1844",160.0,,Pediastrum tetras,2641911.0,synonym
AH_PL,Hồ Ayun Hạ,phytoplankton,2022-03,M8,"Pediastrum tetras (Ehrenberg) Ralfs, 1844",192.0,,Pediastrum tetras,2641911.0,synonym
AH_PL,Hồ Ayun Hạ,phytoplankton,2022-03,M9,"Pediastrum tetras (Ehrenberg) Ralfs, 1844",240.0,,Pediastrum tetras,2641911.0,synonym
AH_PL,Hồ Ayun Hạ,phytoplankton,2022-03,M10,"Pediastrum tetras (Ehrenberg) Ralfs, 1844",128.0,,Pediastrum tetras,2641911.0,synonym
AH_PL,Hồ Ayun Hạ,phytoplankton,2022-03,M10,"Tetraedron gracile (Reinsch) Hansgirg, 1889",48.0,,Tetraedron gracile,10535837.0,exact
AH_PL,Hồ Ayun Hạ,phytoplankton,2022-03,M10,"Tetraëdron regulare Kützing, 1845",40.0,,Tetraedron regulare,10604751.0,exact
AH_PL,Hồ Ayun Hạ,phytoplankton,2022-03,M3,Tetraedron trigonum (Nägeli) Hansgirg,24.0,,Tetraedron trigonum,2642391.0,exact
AH_PL,Hồ Ayun Hạ,phytoplankton,2022-03,M4,Tetraedron trigonum (Nägeli) Hansgirg,6.0,,Tetraedron trigonum,2642391.0,exact
AH_PL,Hồ Ayun Hạ,phytoplankton,2022-03,M6,Tetraedron trigonum (Nägeli) Hansgirg,12.0,,Tetraedron trigonum,2642391.0,exact
AH_PL,Hồ Ayun Hạ,phytoplankton,2022-03,M10,Tetraedron trigonum (Nägeli) Hansgirg,32.0,,Tetraedron trigonum,2642391.0,exact
AH_PL,Hồ Ayun Hạ,phytoplankton,2022-03,M1,"Coelastrum microsporum Nägeli, 1849",64.0,,Coelastrum microsporum,2640979.0,fuzzy
AH_PL,Hồ Ayun Hạ,phytoplankton,2022-03,M2,"Coelastrum microsporum Nägeli, 1849",480.0,,Coelastrum microsporum,2640979.0,fuzzy
AH_PL,Hồ Ayun Hạ,phytoplankton,2022-03,M3,"Coelastrum microsporum Nägeli, 1849",720.0,,Coelastrum microsporum,2640979.0,fuzzy
AH_PL,Hồ Ayun Hạ,phytoplankton,2022-03,M4,"Coelastrum microsporum Nägeli, 1849",72.0,,Coelastrum microsporum,2640979.0,fuzzy
AH_PL,Hồ Ayun Hạ,phytoplankton,2022-03,M5,"Coelastrum microsporum Nägeli, 1849",480.0,,Coelastrum microsporum,2640979.0,fuzzy
AH_PL,Hồ Ayun Hạ,phytoplankton,2022-03,M6,"Coelastrum microsporum Nägeli, 1849",96.0,,Coelastrum microsporum,2640979.0,fuzzy
AH_PL,Hồ Ayun Hạ,phytoplankton,2022-03,M7,"Coelastrum microsporum Nägeli, 1849",256.0,,Coelastrum microsporum,2640979.0,fuzzy
AH_PL,Hồ Ayun Hạ,phytoplankton,2022-03,M8,"Coelastrum microsporum Nägeli, 1849",480.0,,Coelastrum microsporum,2640979.0,fuzzy
AH_PL,Hồ Ayun Hạ,phytoplankton,2022-03,M9,"Coelastrum microsporum Nägeli, 1849",192.0,,Coelastrum microsporum,2640979.0,fuzzy
AH_PL,Hồ Ayun Hạ,phytoplankton,2022-03,M3,"Dimorphococcus lunatus A.Braun, 1855",-1.0,,Dimorphococcus lunatus,2642013.0,exact
AH_PL,Hồ Ayun Hạ,phytoplankton,2022-03,M2,"Scenedesmus acuminatus (Lagerheim) Chodat, 1902",48.0,,Scenedesmus acuminatus,2640873.0,synonym
AH_PL,Hồ Ayun Hạ,phytoplankton,2022-03,M9,"Scenedesmus acuminatus (Lagerheim) Chodat, 1902",240.0,,Scenedesmus acuminatus,2640873.0,synonym
AH_PL,Hồ Ayun Hạ,phytoplankton,2022-03,M10,"Scenedesmus acuminatus (Lagerheim) Chodat, 1902",64.0,,Scenedesmus acuminatus,2640873.0,synonym
AH_PL,Hồ Ayun Hạ,phytoplankton,2022-03,M5,"Scenedesmus quadricauda (Turpin) Brébisson, 1835",24.0,,Scenedesmus quadricauda,7711060.0,exact
AH_PL,Hồ Ayun Hạ,phytoplankton,2022-03,M7,"Scenedesmus quadricauda (Turpin) Brébisson, 1835",-1.0,,Scenedesmus quadricauda,7711060.0,exact
AH_PL,Hồ Ayun Hạ,phytoplankton,2022-03,M10,"Scenedesmus quadricauda (Turpin) Brébisson, 1835",96.0,,Scenedesmus quadricauda,7711060.0,exact
AH_PL,Hồ Ayun Hạ,phytoplankton,2022-03,M6,"Tetrallantos lagerheimii Teiling, 1916",24.0,,Tetrallantos lagerheimii,2641008.0,exact
AH_PL,Hồ Ayun Hạ,phytoplankton,2022-03,M1,"Ankistrodesmus arcuatus Korshikov, 1953",8.0,,Ankistrodesmus arcuatus,2641579.0,synonym
AH_PL,Hồ Ayun Hạ,phytoplankton,2022-03,M7,"Ankistrodesmus arcuatus Korshikov, 1953",4.0,,Ankistrodesmus arcuatus,2641579.0,synonym
AH_PL,Hồ Ayun Hạ,phytoplankton,2022-03,M8,"Ankistrodesmus arcuatus Korshikov, 1953",24.0,,Ankistrodesmus arcuatus,2641579.0,synonym
AH_PL,Hồ Ayun Hạ,phytoplankton,2022-03,M9,"Ankistrodesmus arcuatus Korshikov, 1953",6.0,,Ankistrodesmus arcuatus,2641579.0,synonym
AH_PL,Hồ Ayun Hạ,phytoplankton,2022-03,M2,"Ankistrodesmus bibraianus (Reinsch) Korshikov, 1953",-1.0,,Ankistrodesmus bibraianus,2641191.0,synonym
AH_PL,Hồ Ayun Hạ,phytoplankton,2022-03,M3,"Ankistrodesmus bibraianus (Reinsch) Korshikov, 1953",96.0,,Ankistrodesmus bibraianus,2641191.0,synonym
AH_PL,Hồ Ayun Hạ,phytoplankton,2022-03,M4,"Ankistrodesmus bibraianus (Reinsch) Korshikov, 1953",168.0,,Ankistrodesmus bibraianus,2641191.0,synonym
AH_PL,Hồ Ayun Hạ,phytoplankton,2022-03,M5,"Ankistrodesmus bibraianus (Reinsch) Korshikov, 1953",-1.0,,Ankistrodesmus bibraianus,2641191.0,synonym
AH_PL,Hồ Ayun Hạ,phytoplankton,2022-03,M6,"Ankistrodesmus bibraianus (Reinsch) Korshikov, 1953",960.0,,Ankistrodesmus bibraianus,2641191.0,synonym
AH_PL,Hồ Ayun Hạ,phytoplankton,2022-03,M8,"Ankistrodesmus bibraianus (Reinsch) Korshikov, 1953",-1.0,,Ankistrodesmus bibraianus,2641191.0,synonym
AH_PL,Hồ Ayun Hạ,phytoplankton,2022-03,M10,"Ankistrodesmus bibraianus (Reinsch) Korshikov, 1953",128.0,,Ankistrodesmus bibraianus,2641191.0,synonym
AH_PL,Hồ Ayun Hạ,phytoplankton,2022-03,M1,"Kirchneriella lunaris (Kirchner) K.Möbius, 1894",2800.0,,Kirchneriella lunaris,5271638.0,exact
AH_PL,Hồ Ayun Hạ,phytoplankton,2022-03,M2,"Kirchneriella lunaris (Kirchner) K.Möbius, 1894",1440.0,,Kirchneriella lunaris,5271638.0,exact
AH_PL,Hồ Ayun Hạ,phytoplankton,2022-03,M3,"Kirchneriella lunaris (Kirchner) K.Möbius, 1894",2520.0,,Kirchneriella lunaris,5271638.0,exact
AH_PL,Hồ Ayun Hạ,phytoplankton,2022-03,M4,"Kirchneriella lunaris (Kirchner) K.Möbius, 1894",1680.0,,Kirchneriella lunaris,5271638.0,exact
AH_PL,Hồ Ayun Hạ,phytoplankton,2022-03,M5,"Kirchneriella lunaris (Kirchner) K.Möbius, 1894",432.0,,Kirchneriella lunaris,5271638.0,exact
AH_PL,Hồ Ayun Hạ,phytoplankton,2022-03,M6,"Kirchneriella lunaris (Kirchner) K.Möbius, 1894",960.0,,Kirchneriella lunaris,5271638.0,exact
AH_PL,Hồ Ayun Hạ,phytoplankton,2022-03,M7,"Kirchneriella lunaris (Kirchner) K.Möbius, 1894",1280.0,,Kirchneriella lunaris,5271638.0,exact
AH_PL,Hồ Ayun Hạ,phytoplankton,2022-03,M8,"Kirchneriella lunaris (Kirchner) K.Möbius, 1894",480.0,,Kirchneriella lunaris,5271638.0,exact
AH_PL,Hồ Ayun Hạ,phytoplankton,2022-03,M9,"Kirchneriella lunaris (Kirchner) K.Möbius, 1894",-1.0,,Kirchneriella lunaris,5271638.0,exact
AH_PL,Hồ Ayun Hạ,phytoplankton,2022-03,M10,"Kirchneriella lunaris (Kirchner) K.Möbius, 1894",1280.0,,Kirchneriella lunaris,5271638.0,exact
AH_PL,Hồ Ayun Hạ,phytoplankton,2022-03,M6,"Kirchneriella obesa (West) West & G.S.West, 1894",-1.0,,Kirchneriella obesa,5271634.0,exact
AH_PL,Hồ Ayun Hạ,phytoplankton,2022-03,M1,"Actinastrum hantzschii Lagerheim, 1882",64.0,,Actinastrum hantzschii,2638622.0,exact
AH_PL,Hồ Ayun Hạ,phytoplankton,2022-03,M3,"Actinastrum hantzschii Lagerheim, 1882",-1.0,,Actinastrum hantzschii,2638622.0,exact
AH_PL,Hồ Ayun Hạ,phytoplankton,2022-03,M5,"Actinastrum hantzschii Lagerheim, 1882",48.0,,Actinastrum hantzschii,2638622.0,exact
AH_PL,Hồ Ayun Hạ,phytoplankton,2022-03,M6,"Actinastrum hantzschii Lagerheim, 1882",48.0,,Actinastrum hantzschii,2638622.0,exact
AH_PL,Hồ Ayun Hạ,phytoplankton,2022-03,M7,"Actinastrum hantzschii Lagerheim, 1882",64.0,,Actinastrum hantzschii,2638622.0,exact
AH_PL,Hồ Ayun Hạ,phytoplankton,2022-03,M8,"Actinastrum hantzschii Lagerheim, 1882",-1.0,,Actinastrum hantzschii,2638622.0,exact
AH_PL,Hồ Ayun Hạ,phytoplankton,2022-03,M9,"Actinastrum hantzschii Lagerheim, 1882",240.0,,Actinastrum hantzschii,2638622.0,exact
AH_PL,Hồ Ayun Hạ,phytoplankton,2022-03,M10,"Actinastrum hantzschii Lagerheim, 1882",-1.0,,Actinastrum hantzschii,2638622.0,exact
AH_PL,Hồ Ayun Hạ,phytoplankton,2022-03,M1,"Chlorella mucosa Korshikov, 1953",392.0,,Chlorella mucosa,8021157.0,synonym
AH_PL,Hồ Ayun Hạ,phytoplankton,2022-03,M2,"Chlorella mucosa Korshikov, 1953",300.0,,Chlorella mucosa,8021157.0,synonym
AH_PL,Hồ Ayun Hạ,phytoplankton,2022-03,M3,"Chlorella mucosa Korshikov, 1953",480.0,,Chlorella mucosa,8021157.0,synonym
AH_PL,Hồ Ayun Hạ,phytoplankton,2022-03,M4,"Chlorella mucosa Korshikov, 1953",450.0,,Chlorella mucosa,8021157.0,synonym
AH_PL,Hồ Ayun Hạ,phytoplankton,2022-03,M5,"Chlorella mucosa Korshikov, 1953",360.0,,Chlorella mucosa,8021157.0,synonym
AH_PL,Hồ Ayun Hạ,phytoplankton,2022-03,M6,"Chlorella mucosa Korshikov, 1953",144.0,,Chlorella mucosa,8021157.0,synonym
AH_PL,Hồ Ayun Hạ,phytoplankton,2022-03,M7,"Chlorella mucosa Korshikov, 1953",80.0,,Chlorella mucosa,8021157.0,synonym
AH_PL,Hồ Ayun Hạ,phytoplankton,2022-03,M8,"Chlorella mucosa Korshikov, 1953",180.0,,Chlorella mucosa,8021157.0,synonym
AH_PL,Hồ Ayun Hạ,phytoplankton,2022-03,M9,"Chlorella mucosa Korshikov, 1953",156.0,,Chlorella mucosa,8021157.0,synonym
AH_PL,Hồ Ayun Hạ,phytoplankton,2022-03,M10,"Chlorella mucosa Korshikov, 1953",80.0,,Chlorella mucosa,8021157.0,synonym
AH_PL,Hồ Ayun Hạ,phytoplankton,2022-03,M1,"Dictyosphaerium pulchellum H.C. Wood, 1873",8736.0,,Dictyosphaerium pulchellum,2642006.0,synonym
AH_PL,Hồ Ayun Hạ,phytoplankton,2022-03,M2,"Dictyosphaerium pulchellum H.C. Wood, 1873",8064.0,,Dictyosphaerium pulchellum,2642006.0,synonym
AH_PL,Hồ Ayun Hạ,phytoplankton,2022-03,M3,"Dictyosphaerium pulchellum H.C. Wood, 1873",14112.0,,Dictyosphaerium pulchellum,2642006.0,synonym
AH_PL,Hồ Ayun Hạ,phytoplankton,2022-03,M4,"Dictyosphaerium pulchellum H.C. Wood, 1873",12960.0,,Dictyosphaerium pulchellum,2642006.0,synonym
AH_PL,Hồ Ayun Hạ,phytoplankton,2022-03,M5,"Dictyosphaerium pulchellum H.C. Wood, 1873",6480.0,,Dictyosphaerium pulchellum,2642006.0,synonym
AH_PL,Hồ Ayun Hạ,phytoplankton,2022-03,M6,"Dictyosphaerium pulchellum H.C. Wood, 1873",4320.0,,Dictyosphaerium pulchellum,2642006.0,synonym
AH_PL,Hồ Ayun Hạ,phytoplankton,2022-03,M7,"Dictyosphaerium pulchellum H.C. Wood, 1873",2880.0,,Dictyosphaerium pulchellum,2642006.0,synonym
AH_PL,Hồ Ayun Hạ,phytoplankton,2022-03,M8,"Dictyosphaerium pulchellum H.C. Wood, 1873",6480.0,,Dictyosphaerium pulchellum,2642006.0,synonym
AH_PL,Hồ Ayun Hạ,phytoplankton,2022-03,M9,"Dictyosphaerium pulchellum H.C. Wood, 1873",2880.0,,Dictyosphaerium pulchellum,2642006.0,synonym
AH_PL,Hồ Ayun Hạ,phytoplankton,2022-03,M10,"Dictyosphaerium pulchellum H.C. Wood, 1873",4800.0,,Dictyosphaerium pulchellum,2642006.0,synonym
AH_PL,Hồ Ayun Hạ,phytoplankton,2022-03,M1,"Micractinium bornhemiense (W.Conrad) Korshikov, 1953",7560.0,,Micractinium bornhemiense,2641091.0,exact
AH_PL,Hồ Ayun Hạ,phytoplankton,2022-03,M2,"Micractinium bornhemiense (W.Conrad) Korshikov, 1953",3240.0,,Micractinium bornhemiense,2641091.0,exact
AH_PL,Hồ Ayun Hạ,phytoplankton,2022-03,M3,"Micractinium bornhemiense (W.Conrad) Korshikov, 1953",12474.0,,Micractinium bornhemiense,2641091.0,exact
AH_PL,Hồ Ayun Hạ,phytoplankton,2022-03,M4,"Micractinium bornhemiense (W.Conrad) Korshikov, 1953",840.0,,Micractinium bornhemiense,2641091.0,exact
AH_PL,Hồ Ayun Hạ,phytoplankton,2022-03,M5,"Micractinium bornhemiense (W.Conrad) Korshikov, 1953",3240.0,,Micractinium bornhemiense,2641091.0,exact
AH_PL,Hồ Ayun Hạ,phytoplankton,2022-03,M6,"Micractinium bornhemiense (W.Conrad) Korshikov, 1953",8100.0,,Micractinium bornhemiense,2641091.0,exact
AH_PL,Hồ Ayun Hạ,phytoplankton,2022-03,M7,"Micractinium bornhemiense (W.Conrad) Korshikov, 1953",1620.0,,Micractinium bornhemiense,2641091.0,exact
AH_PL,Hồ Ayun Hạ,phytoplankton,2022-03,M8,"Micractinium bornhemiense (W.Conrad) Korshikov, 1953",1620.0,,Micractinium bornhemiense,2641091.0,exact
AH_PL,Hồ Ayun Hạ,phytoplankton,2022-03,M9,"Micractinium bornhemiense (W.Conrad) Korshikov, 1953",648.0,,Micractinium bornhemiense,2641091.0,exact
AH_PL,Hồ Ayun Hạ,phytoplankton,2022-03,M10,"Micractinium bornhemiense (W.Conrad) Korshikov, 1953",2160.0,,Micractinium bornhemiense,2641091.0,exact
AH_PL,Hồ Ayun Hạ,phytoplankton,2022-03,M1,"Micractinium pusillum Fresenius, 1858",2240.0,,Micractinium pusillum,2641082.0,exact
AH_PL,Hồ Ayun Hạ,phytoplankton,2022-03,M2,"Micractinium pusillum Fresenius, 1858",2880.0,,Micractinium pusillum,2641082.0,exact
AH_PL,Hồ Ayun Hạ,phytoplankton,2022-03,M3,"Micractinium pusillum Fresenius, 1858",5280.0,,Micractinium pusillum,2641082.0,exact
AH_PL,Hồ Ayun Hạ,phytoplankton,2022-03,M4,"Micractinium pusillum Fresenius, 1858",4320.0,,Micractinium pusillum,2641082.0,exact
AH_PL,Hồ Ayun Hạ,phytoplankton,2022-03,M5,"Micractinium pusillum Fresenius, 1858",1440.0,,Micractinium pusillum,2641082.0,exact
AH_PL,Hồ Ayun Hạ,phytoplankton,2022-03,M6,"Micractinium pusillum Fresenius, 1858",960.0,,Micractinium pusillum,2641082.0,exact
AH_PL,Hồ Ayun Hạ,phytoplankton,2022-03,M7,"Micractinium pusillum Fresenius, 1858",1600.0,,Micractinium pusillum,2641082.0,exact
AH_PL,Hồ Ayun Hạ,phytoplankton,2022-03,M8,"Micractinium pusillum Fresenius, 1858",960.0,,Micractinium pusillum,2641082.0,exact
AH_PL,Hồ Ayun Hạ,phytoplankton,2022-03,M9,"Micractinium pusillum Fresenius, 1858",960.0,,Micractinium pusillum,2641082.0,exact
AH_PL,Hồ Ayun Hạ,phytoplankton,2022-03,M10,"Micractinium pusillum Fresenius, 1858",256.0,,Micractinium pusillum,2641082.0,exact
AH_PL,Hồ Ayun Hạ,phytoplankton,2022-03,M1,Oocystis sp.,80.0,,Oocystis sp.,2641454.0,exact
AH_PL,Hồ Ayun Hạ,phytoplankton,2022-03,M2,Oocystis sp.,240.0,,Oocystis sp.,2641454.0,exact
AH_PL,Hồ Ayun Hạ,phytoplankton,2022-03,M3,Oocystis sp.,600.0,,Oocystis sp.,2641454.0,exact
AH_PL,Hồ Ayun Hạ,phytoplankton,2022-03,M4,Oocystis sp.,24.0,,Oocystis sp.,2641454.0,exact
AH_PL,Hồ Ayun Hạ,phytoplankton,2022-03,M5,Oocystis sp.,24.0,,Oocystis sp.,2641454.0,exact
AH_PL,Hồ Ayun Hạ,phytoplankton,2022-03,M6,Oocystis sp.,120.0,,Oocystis sp.,2641454.0,exact
AH_PL,Hồ Ayun Hạ,phytoplankton,2022-03,M7,Oocystis sp.,80.0,,Oocystis sp.,2641454.0,exact
AH_PL,Hồ Ayun Hạ,phytoplankton,2022-03,M9,Oocystis sp.,24.0,,Oocystis sp.,2641454.0,exact
AH_PL,Hồ Ayun Hạ,phytoplankton,2022-03,M1,"Crucigenia fenestrata (Schmidle) Schmidle, 1900",320.0,,Crucigenia fenestrata,2641022.0,exact
AH_PL,Hồ Ayun Hạ,phytoplankton,2022-03,M4,"Crucigenia fenestrata (Schmidle) Schmidle, 1900",96.0,,Crucigenia fenestrata,2641022.0,exact
AH_PL,Hồ Ayun Hạ,phytoplankton,2022-03,M5,"Crucigenia fenestrata (Schmidle) Schmidle, 1900",384.0,,Crucigenia fenestrata,2641022.0,exact
AH_PL,Hồ Ayun Hạ,phytoplankton,2022-03,M7,"Crucigenia fenestrata (Schmidle) Schmidle, 1900",64.0,,Crucigenia fenestrata,2641022.0,exact
AH_PL,Hồ Ayun Hạ,phytoplankton,2022-03,M8,"Crucigenia fenestrata (Schmidle) Schmidle, 1900",480.0,,Crucigenia fenestrata,2641022.0,exact
AH_PL,Hồ Ayun Hạ,phytoplankton,2022-03,M9,"Crucigenia fenestrata (Schmidle) Schmidle, 1900",96.0,,Crucigenia fenestrata,2641022.0,exact
AH_PL,Hồ Ayun Hạ,phytoplankton,2022-03,M1,"Ulothrix fimbriata Bold, 1958",136160.0,,Ulothrix fimbriata,2646309.0,exact
AH_PL,Hồ Ayun Hạ,phytoplankton,2022-03,M2,"Ulothrix fimbriata Bold, 1958",126960.0,,Ulothrix fimbriata,2646309.0,exact
AH_PL,Hồ Ayun Hạ,phytoplankton,2022-03,M3,"Ulothrix fimbriata Bold, 1958",99360.0,,Ulothrix fimbriata,2646309.0,exact
AH_PL,Hồ Ayun Hạ,phytoplankton,2022-03,M4,"Ulothrix fimbriata Bold, 1958",96600.0,,Ulothrix fimbriata,2646309.0,exact
AH_PL,Hồ Ayun Hạ,phytoplankton,2022-03,M5,"Ulothrix fimbriata Bold, 1958",129720.0,,Ulothrix fimbriata,2646309.0,exact
AH_PL,Hồ Ayun Hạ,phytoplankton,2022-03,M6,"Ulothrix fimbriata Bold, 1958",63480.0,,Ulothrix fimbriata,2646309.0,exact
AH_PL,Hồ Ayun Hạ,phytoplankton,2022-03,M7,"Ulothrix fimbriata Bold, 1958",49680.0,,Ulothrix fimbriata,2646309.0,exact
AH_PL,Hồ Ayun Hạ,phytoplankton,2022-03,M8,"Ulothrix fimbriata Bold, 1958",135240.0,,Ulothrix fimbriata,2646309.0,exact
AH_PL,Hồ Ayun Hạ,phytoplankton,2022-03,M9,"Ulothrix fimbriata Bold, 1958",41400.0,,Ulothrix fimbriata,2646309.0,exact
AH_PL,Hồ Ayun Hạ,phytoplankton,2022-03,M10,"Ulothrix fimbriata Bold, 1958",25760.0,,Ulothrix fimbriata,2646309.0,exact
AH_PL,Hồ Ayun Hạ,phytoplankton,2022-03,M7,"Closterium ehrenbergii Meneghini ex Ralfs, 1848",-1.0,,Closterium ehrenbergii,2646590.0,exact
AH_PL,Hồ Ayun Hạ,phytoplankton,2022-03,M1,"Cosmarium contractum Kirchner, 1878",8.0,,Cosmarium contractum,5274443.0,exact
AH_PL,Hồ Ayun Hạ,phytoplankton,2022-03,M2,"Cosmarium contractum Kirchner, 1878",12.0,,Cosmarium contractum,5274443.0,exact
AH_PL,Hồ Ayun Hạ,phytoplankton,2022-03,M3,"Cosmarium contractum Kirchner, 1878",60.0,,Cosmarium contractum,5274443.0,exact
AH_PL,Hồ Ayun Hạ,phytoplankton,2022-03,M4,"Cosmarium contractum Kirchner, 1878",12.0,,Cosmarium contractum,5274443.0,exact
AH_PL,Hồ Ayun Hạ,phytoplankton,2022-03,M9,"Cosmarium contractum Kirchner, 1878",24.0,,Cosmarium contractum,5274443.0,exact
AH_PL,Hồ Ayun Hạ,phytoplankton,2022-03,M1,"Cosmarium lundellii Delponte, 1877",-1.0,,Cosmarium lundellii,5274185.0,exact
AH_PL,Hồ Ayun Hạ,phytoplankton,2022-03,M2,"Cosmarium lundellii Delponte, 1877",-1.0,,Cosmarium lundellii,5274185.0,exact
AH_PL,Hồ Ayun Hạ,phytoplankton,2022-03,M3,"Cosmarium lundellii Delponte, 1877",48.0,,Cosmarium lundellii,5274185.0,exact
AH_PL,Hồ Ayun Hạ,phytoplankton,2022-03,M4,"Cosmarium lundellii Delponte, 1877",-1.0,,Cosmarium lundellii,5274185.0,exact
AH_PL,Hồ Ayun Hạ,phytoplankton,2022-03,M6,"Cosmarium lundellii Delponte, 1877",60.0,,Cosmarium lundellii,5274185.0,exact
AH_PL,Hồ Ayun Hạ,phytoplankton,2022-03,M7,"Cosmarium lundellii Delponte, 1877",8.0,,Cosmarium lundellii,5274185.0,exact
AH_PL,Hồ Ayun Hạ,phytoplankton,2022-03,M4,"Cosmarium margaritatum (P.Lundell) J.Roy & Bisset, 1886",12.0,,Cosmarium margaritatum,5273970.0,exact
AH_PL,Hồ Ayun Hạ,phytoplankton,2022-03,M6,"Cosmarium margaritatum (P.Lundell) J.Roy & Bisset, 1886",12.0,,Cosmarium margaritatum,5273970.0,exact
AH_PL,Hồ Ayun Hạ,phytoplankton,2022-03,M7,"Cosmarium margaritatum (P.Lundell) J.Roy & Bisset, 1886",8.0,,Cosmarium margaritatum,5273970.0,exact
AH_PL,Hồ Ayun Hạ,phytoplankton,2022-03,M8,"Cosmarium margaritatum (P.Lundell) J.Roy & Bisset, 1886",12.0,,Cosmarium margaritatum,5273970.0,exact
AH_PL,Hồ Ayun Hạ,phytoplankton,2022-03,M10,"Cosmarium margaritatum (P.Lundell) J.Roy & Bisset, 1886",16.0,,Cosmarium margaritatum,5273970.0,exact
AH_PL,Hồ Ayun Hạ,phytoplankton,2022-03,M1,"Cosmarium obtusatum (Schmidle) Schmidle, 1898",-1.0,,Cosmarium obtusatum,5274561.0,exact
AH_PL,Hồ Ayun Hạ,phytoplankton,2022-03,M1,"Cosmarium perfissum G.S.West, 1909",40.0,,Cosmarium perfissum,6.0,higherrank
AH_PL,Hồ Ayun Hạ,phytoplankton,2022-03,M2,"Cosmarium perfissum G.S.West, 1909",-1.0,,Cosmarium perfissum,6.0,higherrank
AH_PL,Hồ Ayun Hạ,phytoplankton,2022-03,M3,"Cosmarium perfissum G.S.West, 1909",66.0,,Cosmarium perfissum,6.0,higherrank
AH_PL,Hồ Ayun Hạ,phytoplankton,2022-03,M4,"Cosmarium perfissum G.S.West, 1909",24.0,,Cosmarium perfissum,6.0,higherrank
AH_PL,Hồ Ayun Hạ,phytoplankton,2022-03,M5,"Cosmarium perfissum G.S.West, 1909",12.0,,Cosmarium perfissum,6.0,higherrank
AH_PL,Hồ Ayun Hạ,phytoplankton,2022-03,M6,"Cosmarium perfissum G.S.West, 1909",-1.0,,Cosmarium perfissum,6.0,higherrank
AH_PL,Hồ Ayun Hạ,phytoplankton,2022-03,M7,"Cosmarium perfissum G.S.West, 1909",-1.0,,Cosmarium perfissum,6.0,higherrank
AH_PL,Hồ Ayun Hạ,phytoplankton,2022-03,M8,"Cosmarium perfissum G.S.West, 1909",-1.0,,Cosmarium perfissum,6.0,higherrank
AH_PL,Hồ Ayun Hạ,phytoplankton,2022-03,M9,"Cosmarium perfissum G.S.West, 1909",30.0,,Cosmarium perfissum,6.0,higherrank
AH_PL,Hồ Ayun Hạ,phytoplankton,2022-03,M1,"Euastrum spinulosum Delponte, 1876",-1.0,,Euastrum spinulosum,2648424.0,exact
AH_PL,Hồ Ayun Hạ,phytoplankton,2022-03,M2,"Staurastrum megacanthum P.Lundell, 1871",12.0,,Staurastrum megacanthum,2647386.0,synonym
AH_PL,Hồ Ayun Hạ,phytoplankton,2022-03,M3,"Staurastrum megacanthum P.Lundell, 1871",60.0,,Staurastrum megacanthum,2647386.0,synonym
AH_PL,Hồ Ayun Hạ,phytoplankton,2022-03,M5,"Staurastrum megacanthum P.Lundell, 1871",12.0,,Staurastrum megacanthum,2647386.0,synonym
AH_PL,Hồ Ayun Hạ,phytoplankton,2022-03,M7,"Staurastrum megacanthum P.Lundell, 1871",-1.0,,Staurastrum megacanthum,2647386.0,synonym
AH_PL,Hồ Ayun Hạ,phytoplankton,2022-03,M8,"Staurastrum megacanthum P.Lundell, 1871",12.0,,Staurastrum megacanthum,2647386.0,synonym
AH_PL,Hồ Ayun Hạ,phytoplankton,2022-03,M1,"Staurastrum natator West, 1892",200.0,,Staurastrum natator,2648127.0,exact
AH_PL,Hồ Ayun Hạ,phytoplankton,2022-03,M2,"Staurastrum natator West, 1892",672.0,,Staurastrum natator,2648127.0,exact
AH_PL,Hồ Ayun Hạ,phytoplankton,2022-03,M3,"Staurastrum natator West, 1892",420.0,,Staurastrum natator,2648127.0,exact
AH_PL,Hồ Ayun Hạ,phytoplankton,2022-03,M4,"Staurastrum natator West, 1892",60.0,,Staurastrum natator,2648127.0,exact
AH_PL,Hồ Ayun Hạ,phytoplankton,2022-03,M5,"Staurastrum natator West, 1892",240.0,,Staurastrum natator,2648127.0,exact
AH_PL,Hồ Ayun Hạ,phytoplankton,2022-03,M6,"Staurastrum natator West, 1892",720.0,,Staurastrum natator,2648127.0,exact
AH_PL,Hồ Ayun Hạ,phytoplankton,2022-03,M7,"Staurastrum natator West, 1892",280.0,,Staurastrum natator,2648127.0,exact
AH_PL,Hồ Ayun Hạ,phytoplankton,2022-03,M8,"Staurastrum natator West, 1892",600.0,,Staurastrum natator,2648127.0,exact
AH_PL,Hồ Ayun Hạ,phytoplankton,2022-03,M9,"Staurastrum natator West, 1892",360.0,,Staurastrum natator,2648127.0,exact
AH_PL,Hồ Ayun Hạ,phytoplankton,2022-03,M10,"Staurastrum natator West, 1892",480.0,,Staurastrum natator,2648127.0,exact
AH_PL,Hồ Ayun Hạ,phytoplankton,2022-03,M5,"Staurastrum ophiura P.Lundell, 1871",-1.0,,Staurastrum ophiura,2647965.0,exact
AH_PL,Hồ Ayun Hạ,phytoplankton,2022-03,M7,"Staurastrum ophiura P.Lundell, 1871",8.0,,Staurastrum ophiura,2647965.0,exact
AH_PL,Hồ Ayun Hạ,phytoplankton,2022-03,M9,"Staurastrum ophiura P.Lundell, 1871",12.0,,Staurastrum ophiura,2647965.0,exact
AH_PL,Hồ Ayun Hạ,phytoplankton,2022-03,M10,"Staurastrum ophiura P.Lundell, 1871",-1.0,,Staurastrum ophiura,2647965.0,exact
AH_PL,Hồ Ayun Hạ,phytoplankton,2022-03,M1,"Staurastrum protectum West & G.S.West, 1908",8.0,,Staurastrum protectum,2647840.0,exact
AH_PL,Hồ Ayun Hạ,phytoplankton,2022-03,M2,"Staurastrum protectum West & G.S.West, 1908",12.0,,Staurastrum protectum,2647840.0,exact
AH_PL,Hồ Ayun Hạ,phytoplankton,2022-03,M3,"Staurastrum protectum West & G.S.West, 1908",24.0,,Staurastrum protectum,2647840.0,exact
AH_PL,Hồ Ayun Hạ,phytoplankton,2022-03,M5,"Staurastrum protectum West & G.S.West, 1908",60.0,,Staurastrum protectum,2647840.0,exact
AH_PL,Hồ Ayun Hạ,phytoplankton,2022-03,M7,"Staurastrum protectum West & G.S.West, 1908",-1.0,,Staurastrum protectum,2647840.0,exact
AH_PL,Hồ Ayun Hạ,phytoplankton,2022-03,M8,"Staurastrum protectum West & G.S.West, 1908",24.0,,Staurastrum protectum,2647840.0,exact
AH_PL,Hồ Ayun Hạ,phytoplankton,2022-03,M1,Staurastrum sp.,392.0,,Staurastrum sp.,2647648.0,exact
AH_PL,Hồ Ayun Hạ,phytoplankton,2022-03,M2,Staurastrum sp.,360.0,,Staurastrum sp.,2647648.0,exact
AH_PL,Hồ Ayun Hạ,phytoplankton,2022-03,M3,Staurastrum sp.,540.0,,Staurastrum sp.,2647648.0,exact
AH_PL,Hồ Ayun Hạ,phytoplankton,2022-03,M4,Staurastrum sp.,120.0,,Staurastrum sp.,2647648.0,exact
AH_PL,Hồ Ayun Hạ,phytoplankton,2022-03,M5,Staurastrum sp.,180.0,,Staurastrum sp.,2647648.0,exact
AH_PL,Hồ Ayun Hạ,phytoplankton,2022-03,M6,Staurastrum sp.,240.0,,Staurastrum sp.,2647648.0,exact
AH_PL,Hồ Ayun Hạ,phytoplankton,2022-03,M7,Staurastrum sp.,80.0,,Staurastrum sp.,2647648.0,exact
AH_PL,Hồ Ayun Hạ,phytoplankton,2022-03,M8,Staurastrum sp.,420.0,,Staurastrum sp.,2647648.0,exact
AH_PL,Hồ Ayun Hạ,phytoplankton,2022-03,M9,Staurastrum sp.,360.0,,Staurastrum sp.,2647648.0,exact
AH_PL,Hồ Ayun Hạ,phytoplankton,2022-03,M10,Staurastrum sp.,560.0,,Staurastrum sp.,2647648.0,exact
AH_PL,Hồ Ayun Hạ,phytoplankton,2022-03,M1,"Staurastrum vaasii A.M.Scott & Prescott, 1961",504.0,,Staurastrum vaasii,2647648.0,higherrank
AH_PL,Hồ Ayun Hạ,phytoplankton,2022-03,M2,"Staurastrum vaasii A.M.Scott & Prescott, 1961",3360.0,,Staurastrum vaasii,2647648.0,higherrank
AH_PL,Hồ Ayun Hạ,phytoplankton,2022-03,M3,"Staurastrum vaasii A.M.Scott & Prescott, 1961",420.0,,Staurastrum vaasii,2647648.0,higherrank
AH_PL,Hồ Ayun Hạ,phytoplankton,2022-03,M4,"Staurastrum vaasii A.M.Scott & Prescott, 1961",600.0,,Staurastrum vaasii,2647648.0,higherrank
AH_PL,Hồ Ayun Hạ,phytoplankton,2022-03,M5,"Staurastrum vaasii A.M.Scott & Prescott, 1961",600.0,,Staurastrum vaasii,2647648.0,higherrank
AH_PL,Hồ Ayun Hạ,phytoplankton,2022-03,M6,"Staurastrum vaasii A.M.Scott & Prescott, 1961",720.0,,Staurastrum vaasii,2647648.0,higherrank
AH_PL,Hồ Ayun Hạ,phytoplankton,2022-03,M7,"Staurastrum vaasii A.M.Scott & Prescott, 1961",560.0,,Staurastrum vaasii,2647648.0,higherrank
AH_PL,Hồ Ayun Hạ,phytoplankton,2022-03,M8,"Staurastrum vaasii A.M.Scott & Prescott, 1961",780.0,,Staurastrum vaasii,2647648.0,higherrank
AH_PL,Hồ Ayun Hạ,phytoplankton,2022-03,M9,"Staurastrum vaasii A.M.Scott & Prescott, 1961",1008.0,,Staurastrum vaasii,2647648.0,higherrank
AH_PL,Hồ Ayun Hạ,phytoplankton,2022-03,M10,"Staurastrum vaasii A.M.Scott & Prescott, 1961",1792.0,,Staurastrum vaasii,2647648.0,higherrank
AH_PL,Hồ Ayun Hạ,phytoplankton,2022-03,M2,"Xanthidium calcarato-aculeatum (Hieronymus) Schmidle, 1898",-1.0,,Xanthidium calcarato-aculeatum,6.0,higherrank
AH_PL,Hồ Ayun Hạ,phytoplankton,2022-03,M3,"Euglena gracilis G.A.Klebs, 1883",6.0,,Euglena gracilis,7465722.0,exact
AH_PL,Hồ Ayun Hạ,phytoplankton,2022-03,M6,"Euglena gracilis G.A.Klebs, 1883",18.0,,Euglena gracilis,7465722.0,exact
AH_PL,Hồ Ayun Hạ,phytoplankton,2022-03,M7,"Euglena gracilis G.A.Klebs, 1883",56.0,,Euglena gracilis,7465722.0,exact
AH_PL,Hồ Ayun Hạ,phytoplankton,2022-03,M10,"Euglena gracilis G.A.Klebs, 1883",16.0,,Euglena gracilis,7465722.0,exact
AH_PL,Hồ Ayun Hạ,phytoplankton,2022-03,M3,"Euglena oxyuris Schmarda, 1846",24.0,,Euglena oxyuris,3209849.0,synonym
AH_PL,Hồ Ayun Hạ,phytoplankton,2022-03,M10,Strombomonas sp.,8.0,,Strombomonas sp.,3208654.0,exact
AH_PL,Hồ Ayun Hạ,phytoplankton,2022-03,M9,"Trachelomonas armata (Ehrenberg) F.Stein, 1878",-1.0,,Trachelomonas armata,3208921.0,exact
AH_PL,Hồ Ayun Hạ,phytoplankton,2022-03,M5,Phacus sp.,-1.0,,Phacus sp.,6761067.0,exact
AH_PL,Hồ Ayun Hạ,phytoplankton,2022-03,M8,Phacus sp.,12.0,,Phacus sp.,6761067.0,exact
AH_PL,Hồ Ayun Hạ,phytoplankton,2022-03,M9,Phacus sp.,6.0,,Phacus sp.,6761067.0,exact
AH_PL,Hồ Ayun Hạ,phytoplankton,2022-03,M10,Phacus sp.,24.0,,Phacus sp.,6761067.0,exact
AH_PL,Hồ Ayun Hạ,phytoplankton,2022-03,M4,"Ceratium hirundinella (O.F.Müller) Dujardin, 1841",-1.0,,Ceratium hirundinella,7598904.0,exact
AH_PL,Hồ Ayun Hạ,phytoplankton,2022-03,M8,"Ceratium hirundinella (O.F.Müller) Dujardin, 1841",6.0,,Ceratium hirundinella,7598904.0,exact
AH_PL,Hồ Ayun Hạ,phytoplankton,2022-03,M1,Peridinium sp1,8.0,,Peridinium sp.1,7536081.0,exact
AH_PL,Hồ Ayun Hạ,phytoplankton,2022-03,M2,Peridinium sp1,6.0,,Peridinium sp.1,7536081.0,exact
AH_PL,Hồ Ayun Hạ,phytoplankton,2022-03,M3,Peridinium sp1,36.0,,Peridinium sp.1,7536081.0,exact
AH_PL,Hồ Ayun Hạ,phytoplankton,2022-03,M4,Peridinium sp1,-1.0,,Peridinium sp.1,7536081.0,exact
AH_PL,Hồ Ayun Hạ,phytoplankton,2022-03,M5,Peridinium sp1,24.0,,Peridinium sp.1,7536081.0,exact
AH_PL,Hồ Ayun Hạ,phytoplankton,2022-03,M6,Peridinium sp1,-1.0,,Peridinium sp.1,7536081.0,exact
AH_PL,Hồ Ayun Hạ,phytoplankton,2022-03,M7,Peridinium sp1,40.0,,Peridinium sp.1,7536081.0,exact
AH_PL,Hồ Ayun Hạ,phytoplankton,2022-03,M8,Peridinium sp1,90.0,,Peridinium sp.1,7536081.0,exact
AH_PL,Hồ Ayun Hạ,phytoplankton,2022-03,M9,Peridinium sp1,132.0,,Peridinium sp.1,7536081.0,exact
AH_PL,Hồ Ayun Hạ,phytoplankton,2022-03,M10,Peridinium sp1,72.0,,Peridinium sp.1,7536081.0,exact
AH_PL,Hồ Ayun Hạ,phytoplankton,2022-06,M1,"Microcystis aeruginosa (Kützing) Kützing, 1846",128800.0,Tảo độc,Microcystis aeruginosa,11959609.0,exact
AH_PL,Hồ Ayun Hạ,phytoplankton,2022-06,M2,"Microcystis aeruginosa (Kützing) Kützing, 1846",437000.0,Tảo độc,Microcystis aeruginosa,11959609.0,exact
AH_PL,Hồ Ayun Hạ,phytoplankton,2022-06,M3,"Microcystis aeruginosa (Kützing) Kützing, 1846",285200.0,Tảo độc,Microcystis aeruginosa,11959609.0,exact
AH_PL,Hồ Ayun Hạ,phytoplankton,2022-06,M4,"Microcystis aeruginosa (Kützing) Kützing, 1846",69000.0,Tảo độc,Microcystis aeruginosa,11959609.0,exact
AH_PL,Hồ Ayun Hạ,phytoplankton,2022-06,M5,"Microcystis aeruginosa (Kützing) Kützing, 1846",142600.0,Tảo độc,Microcystis aeruginosa,11959609.0,exact
AH_PL,Hồ Ayun Hạ,phytoplankton,2022-06,M6,"Microcystis aeruginosa (Kützing) Kützing, 1846",57500.0,Tảo độc,Microcystis aeruginosa,11959609.0,exact
AH_PL,Hồ Ayun Hạ,phytoplankton,2022-06,M7,"Microcystis aeruginosa (Kützing) Kützing, 1846",21600.0,Tảo độc,Microcystis aeruginosa,11959609.0,exact
AH_PL,Hồ Ayun Hạ,phytoplankton,2022-06,M8,"Microcystis aeruginosa (Kützing) Kützing, 1846",18400.0,Tảo độc,Microcystis aeruginosa,11959609.0,exact
AH_PL,Hồ Ayun Hạ,phytoplankton,2022-06,M9,"Microcystis aeruginosa (Kützing) Kützing, 1846",2700.0,Tảo độc,Microcystis aeruginosa,11959609.0,exact
AH_PL,Hồ Ayun Hạ,phytoplankton,2022-06,M10,"Microcystis aeruginosa (Kützing) Kützing, 1846",600.0,Tảo độc,Microcystis aeruginosa,11959609.0,exact
AH_PL,Hồ Ayun Hạ,phytoplankton,2022-06,M1,"Microcystis wesenbergii (Komárek) Komárek ex Komárek, 2006",82800.0,Tảo độc,Microcystis wesenbergii,5426741.0,exact
AH_PL,Hồ Ayun Hạ,phytoplankton,2022-06,M2,"Microcystis wesenbergii (Komárek) Komárek ex Komárek, 2006",69000.0,Tảo độc,Microcystis wesenbergii,5426741.0,exact
AH_PL,Hồ Ayun Hạ,phytoplankton,2022-06,M3,"Microcystis wesenbergii (Komárek) Komárek ex Komárek, 2006",64400.0,Tảo độc,Microcystis wesenbergii,5426741.0,exact
AH_PL,Hồ Ayun Hạ,phytoplankton,2022-06,M4,"Microcystis wesenbergii (Komárek) Komárek ex Komárek, 2006",13800.0,Tảo độc,Microcystis wesenbergii,5426741.0,exact
AH_PL,Hồ Ayun Hạ,phytoplankton,2022-06,M5,"Microcystis wesenbergii (Komárek) Komárek ex Komárek, 2006",41400.0,Tảo độc,Microcystis wesenbergii,5426741.0,exact
AH_PL,Hồ Ayun Hạ,phytoplankton,2022-06,M6,"Microcystis wesenbergii (Komárek) Komárek ex Komárek, 2006",11500.0,Tảo độc,Microcystis wesenbergii,5426741.0,exact
AH_PL,Hồ Ayun Hạ,phytoplankton,2022-06,M7,"Microcystis wesenbergii (Komárek) Komárek ex Komárek, 2006",4500.0,Tảo độc,Microcystis wesenbergii,5426741.0,exact
AH_PL,Hồ Ayun Hạ,phytoplankton,2022-06,M8,"Microcystis wesenbergii (Komárek) Komárek ex Komárek, 2006",6900.0,Tảo độc,Microcystis wesenbergii,5426741.0,exact
AH_PL,Hồ Ayun Hạ,phytoplankton,2022-06,M10,"Microcystis wesenbergii (Komárek) Komárek ex Komárek, 2006",200.0,Tảo độc,Microcystis wesenbergii,5426741.0,exact
AH_PL,Hồ Ayun Hạ,phytoplankton,2022-06,M1,Oscillatoria sp.,55200.0,Tảo gây hại,Oscillatoria sp.,7679569.0,exact
AH_PL,Hồ Ayun Hạ,phytoplankton,2022-06,M2,Oscillatoria sp.,92000.0,Tảo gây hại,Oscillatoria sp.,7679569.0,exact
AH_PL,Hồ Ayun Hạ,phytoplankton,2022-06,M3,Oscillatoria sp.,73600.0,Tảo gây hại,Oscillatoria sp.,7679569.0,exact
AH_PL,Hồ Ayun Hạ,phytoplankton,2022-06,M4,Oscillatoria sp.,64400.0,Tảo gây hại,Oscillatoria sp.,7679569.0,exact
AH_PL,Hồ Ayun Hạ,phytoplankton,2022-06,M5,Oscillatoria sp.,96600.0,Tảo gây hại,Oscillatoria sp.,7679569.0,exact
AH_PL,Hồ Ayun Hạ,phytoplankton,2022-06,M6,Oscillatoria sp.,20700.0,Tảo gây hại,Oscillatoria sp.,7679569.0,exact
AH_PL,Hồ Ayun Hạ,phytoplankton,2022-06,M7,Oscillatoria sp.,8100.0,Tảo gây hại,Oscillatoria sp.,7679569.0,exact
AH_PL,Hồ Ayun Hạ,phytoplankton,2022-06,M8,Oscillatoria sp.,27600.0,Tảo gây hại,Oscillatoria sp.,7679569.0,exact
AH_PL,Hồ Ayun Hạ,phytoplankton,2022-06,M9,Oscillatoria sp.,1800.0,Tảo gây hại,Oscillatoria sp.,7679569.0,exact
AH_PL,Hồ Ayun Hạ,phytoplankton,2022-06,M10,Oscillatoria sp.,3600.0,Tảo gây hại,Oscillatoria sp.,7679569.0,exact
AH_PL,Hồ Ayun Hạ,phytoplankton,2022-06,M1,"Anabaena spiroides Klebahn, 1895",125120.0,Tảo độc,Anabaena spiroides,5427219.0,synonym
AH_PL,Hồ Ayun Hạ,phytoplankton,2022-06,M2,"Anabaena spiroides Klebahn, 1895",99360.0,Tảo độc,Anabaena spiroides,5427219.0,synonym
AH_PL,Hồ Ayun Hạ,phytoplankton,2022-06,M3,"Anabaena spiroides Klebahn, 1895",98440.0,Tảo độc,Anabaena spiroides,5427219.0,synonym
AH_PL,Hồ Ayun Hạ,phytoplankton,2022-06,M4,"Anabaena spiroides Klebahn, 1895",13800.0,Tảo độc,Anabaena spiroides,5427219.0,synonym
AH_PL,Hồ Ayun Hạ,phytoplankton,2022-06,M5,"Anabaena spiroides Klebahn, 1895",14720.0,Tảo độc,Anabaena spiroides,5427219.0,synonym
AH_PL,Hồ Ayun Hạ,phytoplankton,2022-06,M6,"Anabaena spiroides Klebahn, 1895",900.0,Tảo độc,Anabaena spiroides,5427219.0,synonym
AH_PL,Hồ Ayun Hạ,phytoplankton,2022-06,M7,"Anabaena spiroides Klebahn, 1895",450.0,Tảo độc,Anabaena spiroides,5427219.0,synonym
AH_PL,Hồ Ayun Hạ,phytoplankton,2022-06,M8,"Anabaena spiroides Klebahn, 1895",4600.0,Tảo độc,Anabaena spiroides,5427219.0,synonym
AH_PL,Hồ Ayun Hạ,phytoplankton,2022-06,M7,"Merismopedia glauca (Ehrenberg) Kützing, 1845",48.0,,Merismopedia glauca,3217188.0,exact
AH_PL,Hồ Ayun Hạ,phytoplankton,2022-06,M1,"Pseudanabaena mucicola (Naumann & Huber-Pestalozzi) Schwabe, 1964",13800.0,Tảo độc,Pseudanabaena mucicola,3218049.0,exact
AH_PL,Hồ Ayun Hạ,phytoplankton,2022-06,M2,"Pseudanabaena mucicola (Naumann & Huber-Pestalozzi) Schwabe, 1964",13800.0,Tảo độc,Pseudanabaena mucicola,3218049.0,exact
AH_PL,Hồ Ayun Hạ,phytoplankton,2022-06,M3,"Pseudanabaena mucicola (Naumann & Huber-Pestalozzi) Schwabe, 1964",23000.0,Tảo độc,Pseudanabaena mucicola,3218049.0,exact
AH_PL,Hồ Ayun Hạ,phytoplankton,2022-06,M4,"Pseudanabaena mucicola (Naumann & Huber-Pestalozzi) Schwabe, 1964",9200.0,Tảo độc,Pseudanabaena mucicola,3218049.0,exact
AH_PL,Hồ Ayun Hạ,phytoplankton,2022-06,M5,"Pseudanabaena mucicola (Naumann & Huber-Pestalozzi) Schwabe, 1964",18400.0,Tảo độc,Pseudanabaena mucicola,3218049.0,exact
AH_PL,Hồ Ayun Hạ,phytoplankton,2022-06,M6,"Pseudanabaena mucicola (Naumann & Huber-Pestalozzi) Schwabe, 1964",1800.0,Tảo độc,Pseudanabaena mucicola,3218049.0,exact
AH_PL,Hồ Ayun Hạ,phytoplankton,2022-06,M8,"Pseudanabaena mucicola (Naumann & Huber-Pestalozzi) Schwabe, 1964",1500.0,Tảo độc,Pseudanabaena mucicola,3218049.0,exact
AH_PL,Hồ Ayun Hạ,phytoplankton,2022-06,M9,"Dinobryon sertularia Ehrenberg, 1834",14.0,,Dinobryon sertularia,3194959.0,exact
AH_PL,Hồ Ayun Hạ,phytoplankton,2022-06,M10,"Dinobryon sertularia Ehrenberg, 1834",20.0,,Dinobryon sertularia,3194959.0,exact
AH_PL,Hồ Ayun Hạ,phytoplankton,2022-06,M7,"Cymbella tumida (Brébisson) Van Heurck, 1880",7.0,,Cymbella tumida,9556824.0,exact
AH_PL,Hồ Ayun Hạ,phytoplankton,2022-06,M7,"Gomphonema gracile Ehrenberg, 1838",11.0,,Gomphonema gracile,7693012.0,exact
AH_PL,Hồ Ayun Hạ,phytoplankton,2022-06,M8,"Gomphonema gracile Ehrenberg, 1838",2.0,,Gomphonema gracile,7693012.0,exact
AH_PL,Hồ Ayun Hạ,phytoplankton,2022-06,M1,"Synedra acus Kützing, 1844",192.0,,Synedra acus,9471011.0,exact
AH_PL,Hồ Ayun Hạ,phytoplankton,2022-06,M2,"Synedra acus Kützing, 1844",108.0,,Synedra acus,9471011.0,exact
AH_PL,Hồ Ayun Hạ,phytoplankton,2022-06,M3,"Synedra acus Kützing, 1844",88.0,,Synedra acus,9471011.0,exact
AH_PL,Hồ Ayun Hạ,phytoplankton,2022-06,M4,"Synedra acus Kützing, 1844",64.0,,Synedra acus,9471011.0,exact
AH_PL,Hồ Ayun Hạ,phytoplankton,2022-06,M5,"Synedra acus Kützing, 1844",126.0,,Synedra acus,9471011.0,exact
AH_PL,Hồ Ayun Hạ,phytoplankton,2022-06,M6,"Synedra acus Kützing, 1844",28.0,,Synedra acus,9471011.0,exact
AH_PL,Hồ Ayun Hạ,phytoplankton,2022-06,M7,"Synedra acus Kützing, 1844",105.0,,Synedra acus,9471011.0,exact
AH_PL,Hồ Ayun Hạ,phytoplankton,2022-06,M8,"Synedra acus Kützing, 1844",42.0,,Synedra acus,9471011.0,exact
AH_PL,Hồ Ayun Hạ,phytoplankton,2022-06,M9,"Synedra acus Kützing, 1844",25.0,,Synedra acus,9471011.0,exact
AH_PL,Hồ Ayun Hạ,phytoplankton,2022-06,M10,"Synedra acus Kützing, 1844",110.0,,Synedra acus,9471011.0,exact
AH_PL,Hồ Ayun Hạ,phytoplankton,2022-06,M3,"Synedra ulna (Nitzsch) Ehrenberg, 1832",10.0,,Synedra ulna,3192457.0,exact
AH_PL,Hồ Ayun Hạ,phytoplankton,2022-06,M5,"Synedra ulna (Nitzsch) Ehrenberg, 1832",-1.0,,Synedra ulna,3192457.0,exact
AH_PL,Hồ Ayun Hạ,phytoplankton,2022-06,M7,"Synedra ulna (Nitzsch) Ehrenberg, 1832",-1.0,,Synedra ulna,3192457.0,exact
AH_PL,Hồ Ayun Hạ,phytoplankton,2022-06,M8,"Synedra ulna (Nitzsch) Ehrenberg, 1832",3.0,,Synedra ulna,3192457.0,exact
AH_PL,Hồ Ayun Hạ,phytoplankton,2022-06,M9,"Synedra ulna (Nitzsch) Ehrenberg, 1832",1.0,,Synedra ulna,3192457.0,exact
AH_PL,Hồ Ayun Hạ,phytoplankton,2022-06,M10,"Synedra ulna (Nitzsch) Ehrenberg, 1832",-1.0,,Synedra ulna,3192457.0,exact
AH_PL,Hồ Ayun Hạ,phytoplankton,2022-06,M6,"Gyrosigma acuminatum (Kützing) Rabenhorst, 1853",2.0,,Gyrosigma acuminatum,7369131.0,exact
AH_PL,Hồ Ayun Hạ,phytoplankton,2022-06,M7,"Gyrosigma acuminatum (Kützing) Rabenhorst, 1853",2.0,,Gyrosigma acuminatum,7369131.0,exact
AH_PL,Hồ Ayun Hạ,phytoplankton,2022-06,M10,"Gyrosigma acuminatum (Kützing) Rabenhorst, 1853",3.0,,Gyrosigma acuminatum,7369131.0,exact
AH_PL,Hồ Ayun Hạ,phytoplankton,2022-06,M7,"Pinnularia legumen Ehrenberg, 1843",-1.0,,Pinnularia legumen,7932914.0,exact
AH_PL,Hồ Ayun Hạ,phytoplankton,2022-06,M7,Pinnularia sp.,6.0,,Pinnularia sp.,,none
AH_PL,Hồ Ayun Hạ,phytoplankton,2022-06,M6,"Surirella elegans Ehrenberg, 1843",-1.0,,Surirella elegans,2632004.0,exact
AH_PL,Hồ Ayun Hạ,phytoplankton,2022-06,M8,"Surirella elegans Ehrenberg, 1843",6.0,,Surirella elegans,2632004.0,exact
AH_PL,Hồ Ayun Hạ,phytoplankton,2022-06,M10,"Surirella elegans Ehrenberg, 1843",1.0,,Surirella elegans,2632004.0,exact
AH_PL,Hồ Ayun Hạ,phytoplankton,2022-06,M3,"Surirella robusta Ehrenberg, 1841",4.0,,Surirella robusta,7843496.0,exact
AH_PL,Hồ Ayun Hạ,phytoplankton,2022-06,M5,"Surirella robusta Ehrenberg, 1841",6.0,,Surirella robusta,7843496.0,exact
AH_PL,Hồ Ayun Hạ,phytoplankton,2022-06,M6,"Surirella robusta Ehrenberg, 1841",28.0,,Surirella robusta,7843496.0,exact
AH_PL,Hồ Ayun Hạ,phytoplankton,2022-06,M7,"Surirella robusta Ehrenberg, 1841",21.0,,Surirella robusta,7843496.0,exact
AH_PL,Hồ Ayun Hạ,phytoplankton,2022-06,M9,"Surirella robusta Ehrenberg, 1841",3.0,,Surirella robusta,7843496.0,exact
AH_PL,Hồ Ayun Hạ,phytoplankton,2022-06,M10,"Surirella robusta Ehrenberg, 1841",15.0,,Surirella robusta,7843496.0,exact
AH_PL,Hồ Ayun Hạ,phytoplankton,2022-06,M1,"Melosira granulata (Ehrenberg) Ralfs, 1861",20700.0,,Melosira granulata,9501075.0,exact
AH_PL,Hồ Ayun Hạ,phytoplankton,2022-06,M2,"Melosira granulata (Ehrenberg) Ralfs, 1861",50140.0,,Melosira granulata,9501075.0,exact
AH_PL,Hồ Ayun Hạ,phytoplankton,2022-06,M3,"Melosira granulata (Ehrenberg) Ralfs, 1861",49220.0,,Melosira granulata,9501075.0,exact
AH_PL,Hồ Ayun Hạ,phytoplankton,2022-06,M4,"Melosira granulata (Ehrenberg) Ralfs, 1861",41400.0,,Melosira granulata,9501075.0,exact
AH_PL,Hồ Ayun Hạ,phytoplankton,2022-06,M5,"Melosira granulata (Ehrenberg) Ralfs, 1861",135240.0,,Melosira granulata,9501075.0,exact
AH_PL,Hồ Ayun Hạ,phytoplankton,2022-06,M6,"Melosira granulata (Ehrenberg) Ralfs, 1861",46920.0,,Melosira granulata,9501075.0,exact
AH_PL,Hồ Ayun Hạ,phytoplankton,2022-06,M7,"Melosira granulata (Ehrenberg) Ralfs, 1861",34500.0,,Melosira granulata,9501075.0,exact
AH_PL,Hồ Ayun Hạ,phytoplankton,2022-06,M8,"Melosira granulata (Ehrenberg) Ralfs, 1861",25530.0,,Melosira granulata,9501075.0,exact
AH_PL,Hồ Ayun Hạ,phytoplankton,2022-06,M9,"Melosira granulata (Ehrenberg) Ralfs, 1861",8970.0,,Melosira granulata,9501075.0,exact
AH_PL,Hồ Ayun Hạ,phytoplankton,2022-06,M10,"Melosira granulata (Ehrenberg) Ralfs, 1861",13570.0,,Melosira granulata,9501075.0,exact
AH_PL,Hồ Ayun Hạ,phytoplankton,2022-06,M1,"Sphaerocystis schroeteri Chodat, 1897",40848.0,,Sphaerocystis schroeteri,5271438.0,exact
AH_PL,Hồ Ayun Hạ,phytoplankton,2022-06,M2,"Sphaerocystis schroeteri Chodat, 1897",45264.0,,Sphaerocystis schroeteri,5271438.0,exact
AH_PL,Hồ Ayun Hạ,phytoplankton,2022-06,M3,"Sphaerocystis schroeteri Chodat, 1897",40848.0,,Sphaerocystis schroeteri,5271438.0,exact
AH_PL,Hồ Ayun Hạ,phytoplankton,2022-06,M4,"Sphaerocystis schroeteri Chodat, 1897",10488.0,,Sphaerocystis schroeteri,5271438.0,exact
AH_PL,Hồ Ayun Hạ,phytoplankton,2022-06,M5,"Sphaerocystis schroeteri Chodat, 1897",47472.0,,Sphaerocystis schroeteri,5271438.0,exact
AH_PL,Hồ Ayun Hạ,phytoplankton,2022-06,M6,"Sphaerocystis schroeteri Chodat, 1897",6072.0,,Sphaerocystis schroeteri,5271438.0,exact
AH_PL,Hồ Ayun Hạ,phytoplankton,2022-06,M7,"Sphaerocystis schroeteri Chodat, 1897",4416.0,,Sphaerocystis schroeteri,5271438.0,exact
AH_PL,Hồ Ayun Hạ,phytoplankton,2022-06,M8,"Sphaerocystis schroeteri Chodat, 1897",13800.0,,Sphaerocystis schroeteri,5271438.0,exact
AH_PL,Hồ Ayun Hạ,phytoplankton,2022-06,M9,"Sphaerocystis schroeteri Chodat, 1897",1560.0,,Sphaerocystis schroeteri,5271438.0,exact
AH_PL,Hồ Ayun Hạ,phytoplankton,2022-06,M10,"Sphaerocystis schroeteri Chodat, 1897",240.0,,Sphaerocystis schroeteri,5271438.0,exact
AH_PL,Hồ Ayun Hạ,phytoplankton,2022-06,M1,"Eudorina elegans Ehrenberg, 1832",1920.0,,Eudorina elegans,5271384.0,exact
AH_PL,Hồ Ayun Hạ,phytoplankton,2022-06,M2,"Eudorina elegans Ehrenberg, 1832",5632.0,,Eudorina elegans,5271384.0,exact
AH_PL,Hồ Ayun Hạ,phytoplankton,2022-06,M3,"Eudorina elegans Ehrenberg, 1832",3520.0,,Eudorina elegans,5271384.0,exact
AH_PL,Hồ Ayun Hạ,phytoplankton,2022-06,M4,"Eudorina elegans Ehrenberg, 1832",5280.0,,Eudorina elegans,5271384.0,exact
AH_PL,Hồ Ayun Hạ,phytoplankton,2022-06,M5,"Eudorina elegans Ehrenberg, 1832",36800.0,,Eudorina elegans,5271384.0,exact
AH_PL,Hồ Ayun Hạ,phytoplankton,2022-06,M6,"Eudorina elegans Ehrenberg, 1832",10304.0,,Eudorina elegans,5271384.0,exact
AH_PL,Hồ Ayun Hạ,phytoplankton,2022-06,M7,"Eudorina elegans Ehrenberg, 1832",7360.0,,Eudorina elegans,5271384.0,exact
AH_PL,Hồ Ayun Hạ,phytoplankton,2022-06,M8,"Eudorina elegans Ehrenberg, 1832",2240.0,,Eudorina elegans,5271384.0,exact
AH_PL,Hồ Ayun Hạ,phytoplankton,2022-06,M9,"Eudorina elegans Ehrenberg, 1832",1440.0,,Eudorina elegans,5271384.0,exact
AH_PL,Hồ Ayun Hạ,phytoplankton,2022-06,M10,"Eudorina elegans Ehrenberg, 1832",160.0,,Eudorina elegans,5271384.0,exact
AH_PL,Hồ Ayun Hạ,phytoplankton,2022-06,M3,"Pandorina morum (O.F.Müller) Bory, 1826",16.0,,Pandorina morum,5271376.0,exact
AH_PL,Hồ Ayun Hạ,phytoplankton,2022-06,M6,"Pandorina morum (O.F.Müller) Bory, 1826",56.0,,Pandorina morum,5271376.0,exact
AH_PL,Hồ Ayun Hạ,phytoplankton,2022-06,M7,"Pandorina morum (O.F.Müller) Bory, 1826",8.0,,Pandorina morum,5271376.0,exact
AH_PL,Hồ Ayun Hạ,phytoplankton,2022-06,M8,"Pandorina morum (O.F.Müller) Bory, 1826",-1.0,,Pandorina morum,5271376.0,exact
AH_PL,Hồ Ayun Hạ,phytoplankton,2022-06,M9,"Pandorina morum (O.F.Müller) Bory, 1826",8.0,,Pandorina morum,5271376.0,exact
AH_PL,Hồ Ayun Hạ,phytoplankton,2022-06,M10,"Pandorina morum (O.F.Müller) Bory, 1826",8.0,,Pandorina morum,5271376.0,exact
AH_PL,Hồ Ayun Hạ,phytoplankton,2022-06,M1,"Pediastrum duplex Meyen, 1829",3520.0,,Pediastrum duplex,2641920.0,exact
AH_PL,Hồ Ayun Hạ,phytoplankton,2022-06,M2,"Pediastrum duplex Meyen, 1829",3872.0,,Pediastrum duplex,2641920.0,exact
AH_PL,Hồ Ayun Hạ,phytoplankton,2022-06,M3,"Pediastrum duplex Meyen, 1829",2112.0,,Pediastrum duplex,2641920.0,exact
AH_PL,Hồ Ayun Hạ,phytoplankton,2022-06,M4,"Pediastrum duplex Meyen, 1829",352.0,,Pediastrum duplex,2641920.0,exact
AH_PL,Hồ Ayun Hạ,phytoplankton,2022-06,M5,"Pediastrum duplex Meyen, 1829",6624.0,,Pediastrum duplex,2641920.0,exact
AH_PL,Hồ Ayun Hạ,phytoplankton,2022-06,M6,"Pediastrum duplex Meyen, 1829",1760.0,,Pediastrum duplex,2641920.0,exact
AH_PL,Hồ Ayun Hạ,phytoplankton,2022-06,M7,"Pediastrum duplex Meyen, 1829",1008.0,,Pediastrum duplex,2641920.0,exact
AH_PL,Hồ Ayun Hạ,phytoplankton,2022-06,M8,"Pediastrum duplex Meyen, 1829",560.0,,Pediastrum duplex,2641920.0,exact
AH_PL,Hồ Ayun Hạ,phytoplankton,2022-06,M9,"Pediastrum duplex Meyen, 1829",320.0,,Pediastrum duplex,2641920.0,exact
AH_PL,Hồ Ayun Hạ,phytoplankton,2022-06,M10,"Pediastrum duplex Meyen, 1829",1560.0,,Pediastrum duplex,2641920.0,exact
AH_PL,Hồ Ayun Hạ,phytoplankton,2022-06,M1,"Pediastrum simplex Meyen, 1829",3168.0,,Pediastrum simplex,2641899.0,synonym
AH_PL,Hồ Ayun Hạ,phytoplankton,2022-06,M2,"Pediastrum simplex Meyen, 1829",10208.0,,Pediastrum simplex,2641899.0,synonym
AH_PL,Hồ Ayun Hạ,phytoplankton,2022-06,M3,"Pediastrum simplex Meyen, 1829",4224.0,,Pediastrum simplex,2641899.0,synonym
AH_PL,Hồ Ayun Hạ,phytoplankton,2022-06,M4,"Pediastrum simplex Meyen, 1829",5520.0,,Pediastrum simplex,2641899.0,synonym
AH_PL,Hồ Ayun Hạ,phytoplankton,2022-06,M5,"Pediastrum simplex Meyen, 1829",26496.0,,Pediastrum simplex,2641899.0,synonym
AH_PL,Hồ Ayun Hạ,phytoplankton,2022-06,M6,"Pediastrum simplex Meyen, 1829",4784.0,,Pediastrum simplex,2641899.0,synonym
AH_PL,Hồ Ayun Hạ,phytoplankton,2022-06,M7,"Pediastrum simplex Meyen, 1829",6256.0,,Pediastrum simplex,2641899.0,synonym
AH_PL,Hồ Ayun Hạ,phytoplankton,2022-06,M8,"Pediastrum simplex Meyen, 1829",1904.0,,Pediastrum simplex,2641899.0,synonym
AH_PL,Hồ Ayun Hạ,phytoplankton,2022-06,M9,"Pediastrum simplex Meyen, 1829",1200.0,,Pediastrum simplex,2641899.0,synonym
AH_PL,Hồ Ayun Hạ,phytoplankton,2022-06,M10,"Pediastrum simplex Meyen, 1829",3696.0,,Pediastrum simplex,2641899.0,synonym
AH_PL,Hồ Ayun Hạ,phytoplankton,2022-06,M1,"Pediastrum tetras (Ehrenberg) Ralfs, 1844",352.0,,Pediastrum tetras,2641911.0,synonym
AH_PL,Hồ Ayun Hạ,phytoplankton,2022-06,M2,"Pediastrum tetras (Ehrenberg) Ralfs, 1844",352.0,,Pediastrum tetras,2641911.0,synonym
AH_PL,Hồ Ayun Hạ,phytoplankton,2022-06,M3,"Pediastrum tetras (Ehrenberg) Ralfs, 1844",160.0,,Pediastrum tetras,2641911.0,synonym
AH_PL,Hồ Ayun Hạ,phytoplankton,2022-06,M4,"Pediastrum tetras (Ehrenberg) Ralfs, 1844",40.0,,Pediastrum tetras,2641911.0,synonym
AH_PL,Hồ Ayun Hạ,phytoplankton,2022-06,M5,"Pediastrum tetras (Ehrenberg) Ralfs, 1844",80.0,,Pediastrum tetras,2641911.0,synonym
AH_PL,Hồ Ayun Hạ,phytoplankton,2022-06,M6,"Pediastrum tetras (Ehrenberg) Ralfs, 1844",56.0,,Pediastrum tetras,2641911.0,synonym
AH_PL,Hồ Ayun Hạ,phytoplankton,2022-06,M8,"Pediastrum tetras (Ehrenberg) Ralfs, 1844",40.0,,Pediastrum tetras,2641911.0,synonym
AH_PL,Hồ Ayun Hạ,phytoplankton,2022-06,M9,"Pediastrum tetras (Ehrenberg) Ralfs, 1844",8.0,,Pediastrum tetras,2641911.0,synonym
AH_PL,Hồ Ayun Hạ,phytoplankton,2022-06,M10,"Pediastrum tetras (Ehrenberg) Ralfs, 1844",80.0,,Pediastrum tetras,2641911.0,synonym
AH_PL,Hồ Ayun Hạ,phytoplankton,2022-06,M1,"Tetraedron gracile (Reinsch) Hansgirg, 1889",10.0,,Tetraedron gracile,10535837.0,exact
AH_PL,Hồ Ayun Hạ,phytoplankton,2022-06,M2,"Tetraedron gracile (Reinsch) Hansgirg, 1889",4.0,,Tetraedron gracile,10535837.0,exact
AH_PL,Hồ Ayun Hạ,phytoplankton,2022-06,M3,"Tetraedron gracile (Reinsch) Hansgirg, 1889",20.0,,Tetraedron gracile,10535837.0,exact
AH_PL,Hồ Ayun Hạ,phytoplankton,2022-06,M4,"Tetraedron gracile (Reinsch) Hansgirg, 1889",9.0,,Tetraedron gracile,10535837.0,exact
AH_PL,Hồ Ayun Hạ,phytoplankton,2022-06,M5,"Tetraedron gracile (Reinsch) Hansgirg, 1889",14.0,,Tetraedron gracile,10535837.0,exact
AH_PL,Hồ Ayun Hạ,phytoplankton,2022-06,M6,"Tetraedron gracile (Reinsch) Hansgirg, 1889",6.0,,Tetraedron gracile,10535837.0,exact
AH_PL,Hồ Ayun Hạ,phytoplankton,2022-06,M7,"Tetraedron gracile (Reinsch) Hansgirg, 1889",6.0,,Tetraedron gracile,10535837.0,exact
AH_PL,Hồ Ayun Hạ,phytoplankton,2022-06,M8,"Tetraedron gracile (Reinsch) Hansgirg, 1889",1.0,,Tetraedron gracile,10535837.0,exact
AH_PL,Hồ Ayun Hạ,phytoplankton,2022-06,M5,"Tetraëdron incus (Teiling) G.M.Smith, 1926",2.0,,Tetraedron incus,2642397.0,synonym
AH_PL,Hồ Ayun Hạ,phytoplankton,2022-06,M6,"Tetraëdron incus (Teiling) G.M.Smith, 1926",1.0,,Tetraedron incus,2642397.0,synonym
AH_PL,Hồ Ayun Hạ,phytoplankton,2022-06,M4,"Tetraëdron regulare Kützing, 1845",-1.0,,Tetraedron regulare,10604751.0,exact
AH_PL,Hồ Ayun Hạ,phytoplankton,2022-06,M5,"Tetraëdron regulare Kützing, 1845",14.0,,Tetraedron regulare,10604751.0,exact
AH_PL,Hồ Ayun Hạ,phytoplankton,2022-06,M7,"Tetraëdron regulare Kützing, 1845",14.0,,Tetraedron regulare,10604751.0,exact
AH_PL,Hồ Ayun Hạ,phytoplankton,2022-06,M9,"Tetraëdron regulare Kützing, 1845",3.0,,Tetraedron regulare,10604751.0,exact
AH_PL,Hồ Ayun Hạ,phytoplankton,2022-06,M10,"Tetraëdron regulare Kützing, 1845",5.0,,Tetraedron regulare,10604751.0,exact
AH_PL,Hồ Ayun Hạ,phytoplankton,2022-06,M6,Tetraedron trigonum (Nägeli) Hansgirg,2.0,,Tetraedron trigonum,2642391.0,exact
AH_PL,Hồ Ayun Hạ,phytoplankton,2022-06,M10,Tetraedron trigonum (Nägeli) Hansgirg,1.0,,Tetraedron trigonum,2642391.0,exact
AH_PL,Hồ Ayun Hạ,phytoplankton,2022-06,M9,"Coelastrum cambricum W.Archer, 1868",-1.0,,Coelastrum cambricum,2640987.0,exact
AH_PL,Hồ Ayun Hạ,phytoplankton,2022-06,M10,"Coelastrum cambricum W.Archer, 1868",24.0,,Coelastrum cambricum,2640987.0,exact
AH_PL,Hồ Ayun Hạ,phytoplankton,2022-06,M1,"Coelastrum microsporum Nägeli, 1849",352.0,,Coelastrum microsporum,2640979.0,fuzzy
AH_PL,Hồ Ayun Hạ,phytoplankton,2022-06,M2,"Coelastrum microsporum Nägeli, 1849",1408.0,,Coelastrum microsporum,2640979.0,fuzzy
AH_PL,Hồ Ayun Hạ,phytoplankton,2022-06,M3,"Coelastrum microsporum Nägeli, 1849",1232.0,,Coelastrum microsporum,2640979.0,fuzzy
AH_PL,Hồ Ayun Hạ,phytoplankton,2022-06,M4,"Coelastrum microsporum Nägeli, 1849",1056.0,,Coelastrum microsporum,2640979.0,fuzzy
AH_PL,Hồ Ayun Hạ,phytoplankton,2022-06,M5,"Coelastrum microsporum Nägeli, 1849",2688.0,,Coelastrum microsporum,2640979.0,fuzzy
AH_PL,Hồ Ayun Hạ,phytoplankton,2022-06,M6,"Coelastrum microsporum Nägeli, 1849",1120.0,,Coelastrum microsporum,2640979.0,fuzzy
AH_PL,Hồ Ayun Hạ,phytoplankton,2022-06,M7,"Coelastrum microsporum Nägeli, 1849",4416.0,,Coelastrum microsporum,2640979.0,fuzzy
AH_PL,Hồ Ayun Hạ,phytoplankton,2022-06,M8,"Coelastrum microsporum Nägeli, 1849",336.0,,Coelastrum microsporum,2640979.0,fuzzy
AH_PL,Hồ Ayun Hạ,phytoplankton,2022-06,M9,"Coelastrum microsporum Nägeli, 1849",80.0,,Coelastrum microsporum,2640979.0,fuzzy
AH_PL,Hồ Ayun Hạ,phytoplankton,2022-06,M10,"Coelastrum microsporum Nägeli, 1849",160.0,,Coelastrum microsporum,2640979.0,fuzzy
AH_PL,Hồ Ayun Hạ,phytoplankton,2022-06,M2,"Scenedesmus acuminatus (Lagerheim) Chodat, 1902",16.0,,Scenedesmus acuminatus,2640873.0,synonym
AH_PL,Hồ Ayun Hạ,phytoplankton,2022-06,M5,"Scenedesmus acuminatus (Lagerheim) Chodat, 1902",112.0,,Scenedesmus acuminatus,2640873.0,synonym
AH_PL,Hồ Ayun Hạ,phytoplankton,2022-06,M6,"Scenedesmus acuminatus (Lagerheim) Chodat, 1902",8.0,,Scenedesmus acuminatus,2640873.0,synonym
AH_PL,Hồ Ayun Hạ,phytoplankton,2022-06,M10,"Scenedesmus acuminatus (Lagerheim) Chodat, 1902",40.0,,Scenedesmus acuminatus,2640873.0,synonym
AH_PL,Hồ Ayun Hạ,phytoplankton,2022-06,M9,"Scenedesmus arcuatus (Lemmermann) Lemmermann, 1899",80.0,,Scenedesmus arcuatus,2640846.0,synonym
AH_PL,Hồ Ayun Hạ,phytoplankton,2022-06,M1,"Scenedesmus bijugatus Kützing, 1834",8.0,,Scenedesmus bijugatus,8795.0,higherrank
AH_PL,Hồ Ayun Hạ,phytoplankton,2022-06,M6,"Scenedesmus denticulatus Lagerheim, 1882",-1.0,,Scenedesmus denticulatus,2640751.0,synonym
AH_PL,Hồ Ayun Hạ,phytoplankton,2022-06,M7,"Scenedesmus denticulatus Lagerheim, 1882",4.0,,Scenedesmus denticulatus,2640751.0,synonym
AH_PL,Hồ Ayun Hạ,phytoplankton,2022-06,M3,"Scenedesmus quadricauda (Turpin) Brébisson, 1835",-1.0,,Scenedesmus quadricauda,7711060.0,exact
AH_PL,Hồ Ayun Hạ,phytoplankton,2022-06,M5,"Scenedesmus quadricauda (Turpin) Brébisson, 1835",40.0,,Scenedesmus quadricauda,7711060.0,exact
AH_PL,Hồ Ayun Hạ,phytoplankton,2022-06,M6,"Scenedesmus quadricauda (Turpin) Brébisson, 1835",4.0,,Scenedesmus quadricauda,7711060.0,exact
AH_PL,Hồ Ayun Hạ,phytoplankton,2022-06,M7,"Scenedesmus quadricauda (Turpin) Brébisson, 1835",98.0,,Scenedesmus quadricauda,7711060.0,exact
AH_PL,Hồ Ayun Hạ,phytoplankton,2022-06,M9,"Scenedesmus quadricauda (Turpin) Brébisson, 1835",12.0,,Scenedesmus quadricauda,7711060.0,exact
AH_PL,Hồ Ayun Hạ,phytoplankton,2022-06,M10,"Scenedesmus quadricauda (Turpin) Brébisson, 1835",12.0,,Scenedesmus quadricauda,7711060.0,exact
AH_PL,Hồ Ayun Hạ,phytoplankton,2022-06,M4,"Ankistrodesmus arcuatus Korshikov, 1953",-1.0,,Ankistrodesmus arcuatus,2641579.0,synonym
AH_PL,Hồ Ayun Hạ,phytoplankton,2022-06,M5,"Ankistrodesmus arcuatus Korshikov, 1953",-1.0,,Ankistrodesmus arcuatus,2641579.0,synonym
AH_PL,Hồ Ayun Hạ,phytoplankton,2022-06,M6,"Ankistrodesmus arcuatus Korshikov, 1953",21.0,,Ankistrodesmus arcuatus,2641579.0,synonym
AH_PL,Hồ Ayun Hạ,phytoplankton,2022-06,M7,"Ankistrodesmus arcuatus Korshikov, 1953",6.0,,Ankistrodesmus arcuatus,2641579.0,synonym
AH_PL,Hồ Ayun Hạ,phytoplankton,2022-06,M8,"Ankistrodesmus arcuatus Korshikov, 1953",7.0,,Ankistrodesmus arcuatus,2641579.0,synonym
AH_PL,Hồ Ayun Hạ,phytoplankton,2022-06,M10,"Ankistrodesmus arcuatus Korshikov, 1953",4.0,,Ankistrodesmus arcuatus,2641579.0,synonym
AH_PL,Hồ Ayun Hạ,phytoplankton,2022-06,M6,"Ankistrodesmus bibraianus (Reinsch) Korshikov, 1953",48.0,,Ankistrodesmus bibraianus,2641191.0,synonym
AH_PL,Hồ Ayun Hạ,phytoplankton,2022-06,M7,"Ankistrodesmus bibraianus (Reinsch) Korshikov, 1953",168.0,,Ankistrodesmus bibraianus,2641191.0,synonym
AH_PL,Hồ Ayun Hạ,phytoplankton,2022-06,M5,"Ankistrodesmus fusiformis Corda, 1838",24.0,,Ankistrodesmus fusiformis,7699361.0,exact
AH_PL,Hồ Ayun Hạ,phytoplankton,2022-06,M10,"Ankistrodesmus fusiformis Corda, 1838",12.0,,Ankistrodesmus fusiformis,7699361.0,exact
AH_PL,Hồ Ayun Hạ,phytoplankton,2022-06,M1,"Kirchneriella lunaris (Kirchner) K.Möbius, 1894",2640.0,,Kirchneriella lunaris,5271638.0,exact
AH_PL,Hồ Ayun Hạ,phytoplankton,2022-06,M2,"Kirchneriella lunaris (Kirchner) K.Möbius, 1894",1056.0,,Kirchneriella lunaris,5271638.0,exact
AH_PL,Hồ Ayun Hạ,phytoplankton,2022-06,M3,"Kirchneriella lunaris (Kirchner) K.Möbius, 1894",2640.0,,Kirchneriella lunaris,5271638.0,exact
AH_PL,Hồ Ayun Hạ,phytoplankton,2022-06,M4,"Kirchneriella lunaris (Kirchner) K.Möbius, 1894",2640.0,,Kirchneriella lunaris,5271638.0,exact
AH_PL,Hồ Ayun Hạ,phytoplankton,2022-06,M5,"Kirchneriella lunaris (Kirchner) K.Möbius, 1894",5712.0,,Kirchneriella lunaris,5271638.0,exact
AH_PL,Hồ Ayun Hạ,phytoplankton,2022-06,M6,"Kirchneriella lunaris (Kirchner) K.Möbius, 1894",2352.0,,Kirchneriella lunaris,5271638.0,exact
AH_PL,Hồ Ayun Hạ,phytoplankton,2022-06,M7,"Kirchneriella lunaris (Kirchner) K.Möbius, 1894",1512.0,,Kirchneriella lunaris,5271638.0,exact
AH_PL,Hồ Ayun Hạ,phytoplankton,2022-06,M8,"Kirchneriella lunaris (Kirchner) K.Möbius, 1894",1176.0,,Kirchneriella lunaris,5271638.0,exact
AH_PL,Hồ Ayun Hạ,phytoplankton,2022-06,M9,"Kirchneriella lunaris (Kirchner) K.Möbius, 1894",144.0,,Kirchneriella lunaris,5271638.0,exact
AH_PL,Hồ Ayun Hạ,phytoplankton,2022-06,M10,"Kirchneriella lunaris (Kirchner) K.Möbius, 1894",360.0,,Kirchneriella lunaris,5271638.0,exact
AH_PL,Hồ Ayun Hạ,phytoplankton,2022-06,M2,"Kirchneriella obesa (West) West & G.S.West, 1894",-1.0,,Kirchneriella obesa,5271634.0,exact
AH_PL,Hồ Ayun Hạ,phytoplankton,2022-06,M5,"Kirchneriella obesa (West) West & G.S.West, 1894",1008.0,,Kirchneriella obesa,5271634.0,exact
AH_PL,Hồ Ayun Hạ,phytoplankton,2022-06,M1,"Treubaria triappendiculata C.Bernard, 1908",-1.0,,Treubaria triappendiculata,2641423.0,exact
AH_PL,Hồ Ayun Hạ,phytoplankton,2022-06,M2,"Treubaria triappendiculata C.Bernard, 1908",6.0,,Treubaria triappendiculata,2641423.0,exact
AH_PL,Hồ Ayun Hạ,phytoplankton,2022-06,M4,"Treubaria triappendiculata C.Bernard, 1908",15.0,,Treubaria triappendiculata,2641423.0,exact
AH_PL,Hồ Ayun Hạ,phytoplankton,2022-06,M5,"Treubaria triappendiculata C.Bernard, 1908",28.0,,Treubaria triappendiculata,2641423.0,exact
AH_PL,Hồ Ayun Hạ,phytoplankton,2022-06,M6,"Treubaria triappendiculata C.Bernard, 1908",7.0,,Treubaria triappendiculata,2641423.0,exact
AH_PL,Hồ Ayun Hạ,phytoplankton,2022-06,M7,"Treubaria triappendiculata C.Bernard, 1908",2.0,,Treubaria triappendiculata,2641423.0,exact
AH_PL,Hồ Ayun Hạ,phytoplankton,2022-06,M8,"Treubaria triappendiculata C.Bernard, 1908",1.0,,Treubaria triappendiculata,2641423.0,exact
AH_PL,Hồ Ayun Hạ,phytoplankton,2022-06,M1,"Actinastrum hantzschii Lagerheim, 1882",32.0,,Actinastrum hantzschii,2638622.0,exact
AH_PL,Hồ Ayun Hạ,phytoplankton,2022-06,M2,"Actinastrum hantzschii Lagerheim, 1882",176.0,,Actinastrum hantzschii,2638622.0,exact
AH_PL,Hồ Ayun Hạ,phytoplankton,2022-06,M4,"Actinastrum hantzschii Lagerheim, 1882",88.0,,Actinastrum hantzschii,2638622.0,exact
AH_PL,Hồ Ayun Hạ,phytoplankton,2022-06,M5,"Actinastrum hantzschii Lagerheim, 1882",112.0,,Actinastrum hantzschii,2638622.0,exact
AH_PL,Hồ Ayun Hạ,phytoplankton,2022-06,M6,"Actinastrum hantzschii Lagerheim, 1882",8.0,,Actinastrum hantzschii,2638622.0,exact
AH_PL,Hồ Ayun Hạ,phytoplankton,2022-06,M7,"Actinastrum hantzschii Lagerheim, 1882",8.0,,Actinastrum hantzschii,2638622.0,exact
AH_PL,Hồ Ayun Hạ,phytoplankton,2022-06,M8,"Actinastrum hantzschii Lagerheim, 1882",40.0,,Actinastrum hantzschii,2638622.0,exact
AH_PL,Hồ Ayun Hạ,phytoplankton,2022-06,M9,"Actinastrum hantzschii Lagerheim, 1882",16.0,,Actinastrum hantzschii,2638622.0,exact
AH_PL,Hồ Ayun Hạ,phytoplankton,2022-06,M10,"Actinastrum hantzschii Lagerheim, 1882",120.0,,Actinastrum hantzschii,2638622.0,exact
AH_PL,Hồ Ayun Hạ,phytoplankton,2022-06,M1,"Chlorella mucosa Korshikov, 1953",84.0,,Chlorella mucosa,8021157.0,synonym
AH_PL,Hồ Ayun Hạ,phytoplankton,2022-06,M2,"Chlorella mucosa Korshikov, 1953",8.0,,Chlorella mucosa,8021157.0,synonym
AH_PL,Hồ Ayun Hạ,phytoplankton,2022-06,M3,"Chlorella mucosa Korshikov, 1953",44.0,,Chlorella mucosa,8021157.0,synonym
AH_PL,Hồ Ayun Hạ,phytoplankton,2022-06,M4,"Chlorella mucosa Korshikov, 1953",10.0,,Chlorella mucosa,8021157.0,synonym
AH_PL,Hồ Ayun Hạ,phytoplankton,2022-06,M5,"Chlorella mucosa Korshikov, 1953",10.0,,Chlorella mucosa,8021157.0,synonym
AH_PL,Hồ Ayun Hạ,phytoplankton,2022-06,M9,"Chlorella mucosa Korshikov, 1953",20.0,,Chlorella mucosa,8021157.0,synonym
AH_PL,Hồ Ayun Hạ,phytoplankton,2022-06,M1,"Dictyosphaerium pulchellum H.C. Wood, 1873",1408.0,,Dictyosphaerium pulchellum,2642006.0,synonym
AH_PL,Hồ Ayun Hạ,phytoplankton,2022-06,M2,"Dictyosphaerium pulchellum H.C. Wood, 1873",2816.0,,Dictyosphaerium pulchellum,2642006.0,synonym
AH_PL,Hồ Ayun Hạ,phytoplankton,2022-06,M3,"Dictyosphaerium pulchellum H.C. Wood, 1873",2112.0,,Dictyosphaerium pulchellum,2642006.0,synonym
AH_PL,Hồ Ayun Hạ,phytoplankton,2022-06,M4,"Dictyosphaerium pulchellum H.C. Wood, 1873",2464.0,,Dictyosphaerium pulchellum,2642006.0,synonym
AH_PL,Hồ Ayun Hạ,phytoplankton,2022-06,M5,"Dictyosphaerium pulchellum H.C. Wood, 1873",448.0,,Dictyosphaerium pulchellum,2642006.0,synonym
AH_PL,Hồ Ayun Hạ,phytoplankton,2022-06,M6,"Dictyosphaerium pulchellum H.C. Wood, 1873",1792.0,,Dictyosphaerium pulchellum,2642006.0,synonym
AH_PL,Hồ Ayun Hạ,phytoplankton,2022-06,M7,"Dictyosphaerium pulchellum H.C. Wood, 1873",1344.0,,Dictyosphaerium pulchellum,2642006.0,synonym
AH_PL,Hồ Ayun Hạ,phytoplankton,2022-06,M8,"Dictyosphaerium pulchellum H.C. Wood, 1873",480.0,,Dictyosphaerium pulchellum,2642006.0,synonym
AH_PL,Hồ Ayun Hạ,phytoplankton,2022-06,M9,"Dictyosphaerium pulchellum H.C. Wood, 1873",480.0,,Dictyosphaerium pulchellum,2642006.0,synonym
AH_PL,Hồ Ayun Hạ,phytoplankton,2022-06,M10,"Dictyosphaerium pulchellum H.C. Wood, 1873",640.0,,Dictyosphaerium pulchellum,2642006.0,synonym
AH_PL,Hồ Ayun Hạ,phytoplankton,2022-06,M1,"Micractinium bornhemiense (W.Conrad) Korshikov, 1953",594.0,,Micractinium bornhemiense,2641091.0,exact
AH_PL,Hồ Ayun Hạ,phytoplankton,2022-06,M2,"Micractinium bornhemiense (W.Conrad) Korshikov, 1953",1782.0,,Micractinium bornhemiense,2641091.0,exact
AH_PL,Hồ Ayun Hạ,phytoplankton,2022-06,M3,"Micractinium bornhemiense (W.Conrad) Korshikov, 1953",594.0,,Micractinium bornhemiense,2641091.0,exact
AH_PL,Hồ Ayun Hạ,phytoplankton,2022-06,M4,"Micractinium bornhemiense (W.Conrad) Korshikov, 1953",594.0,,Micractinium bornhemiense,2641091.0,exact
AH_PL,Hồ Ayun Hạ,phytoplankton,2022-06,M5,"Micractinium bornhemiense (W.Conrad) Korshikov, 1953",378.0,,Micractinium bornhemiense,2641091.0,exact
AH_PL,Hồ Ayun Hạ,phytoplankton,2022-06,M6,"Micractinium bornhemiense (W.Conrad) Korshikov, 1953",504.0,,Micractinium bornhemiense,2641091.0,exact
AH_PL,Hồ Ayun Hạ,phytoplankton,2022-06,M7,"Micractinium bornhemiense (W.Conrad) Korshikov, 1953",567.0,,Micractinium bornhemiense,2641091.0,exact
AH_PL,Hồ Ayun Hạ,phytoplankton,2022-06,M8,"Micractinium bornhemiense (W.Conrad) Korshikov, 1953",441.0,,Micractinium bornhemiense,2641091.0,exact
AH_PL,Hồ Ayun Hạ,phytoplankton,2022-06,M9,"Micractinium bornhemiense (W.Conrad) Korshikov, 1953",315.0,,Micractinium bornhemiense,2641091.0,exact
AH_PL,Hồ Ayun Hạ,phytoplankton,2022-06,M10,"Micractinium bornhemiense (W.Conrad) Korshikov, 1953",450.0,,Micractinium bornhemiense,2641091.0,exact
AH_PL,Hồ Ayun Hạ,phytoplankton,2022-06,M2,"Micractinium pusillum Fresenius, 1858",704.0,,Micractinium pusillum,2641082.0,exact
AH_PL,Hồ Ayun Hạ,phytoplankton,2022-06,M3,"Micractinium pusillum Fresenius, 1858",160.0,,Micractinium pusillum,2641082.0,exact
AH_PL,Hồ Ayun Hạ,phytoplankton,2022-06,M4,"Micractinium pusillum Fresenius, 1858",160.0,,Micractinium pusillum,2641082.0,exact
AH_PL,Hồ Ayun Hạ,phytoplankton,2022-06,M5,"Micractinium pusillum Fresenius, 1858",32.0,,Micractinium pusillum,2641082.0,exact
AH_PL,Hồ Ayun Hạ,phytoplankton,2022-06,M10,"Micractinium pusillum Fresenius, 1858",48.0,,Micractinium pusillum,2641082.0,exact
AH_PL,Hồ Ayun Hạ,phytoplankton,2022-06,M1,"Nephrocytium agardhianum Nägeli, 1849",352.0,,Nephrocytium agardhianum,2641568.0,exact
AH_PL,Hồ Ayun Hạ,phytoplankton,2022-06,M2,"Nephrocytium agardhianum Nägeli, 1849",160.0,,Nephrocytium agardhianum,2641568.0,exact
AH_PL,Hồ Ayun Hạ,phytoplankton,2022-06,M3,"Nephrocytium agardhianum Nägeli, 1849",160.0,,Nephrocytium agardhianum,2641568.0,exact
AH_PL,Hồ Ayun Hạ,phytoplankton,2022-06,M4,"Nephrocytium agardhianum Nägeli, 1849",88.0,,Nephrocytium agardhianum,2641568.0,exact
AH_PL,Hồ Ayun Hạ,phytoplankton,2022-06,M5,"Nephrocytium agardhianum Nägeli, 1849",672.0,,Nephrocytium agardhianum,2641568.0,exact
AH_PL,Hồ Ayun Hạ,phytoplankton,2022-06,M6,"Nephrocytium agardhianum Nägeli, 1849",56.0,,Nephrocytium agardhianum,2641568.0,exact
AH_PL,Hồ Ayun Hạ,phytoplankton,2022-06,M7,"Nephrocytium agardhianum Nägeli, 1849",56.0,,Nephrocytium agardhianum,2641568.0,exact
AH_PL,Hồ Ayun Hạ,phytoplankton,2022-06,M8,"Nephrocytium agardhianum Nägeli, 1849",336.0,,Nephrocytium agardhianum,2641568.0,exact
AH_PL,Hồ Ayun Hạ,phytoplankton,2022-06,M9,"Nephrocytium agardhianum Nägeli, 1849",80.0,,Nephrocytium agardhianum,2641568.0,exact
AH_PL,Hồ Ayun Hạ,phytoplankton,2022-06,M1,Oocystis sp.,264.0,,Oocystis sp.,2641454.0,exact
AH_PL,Hồ Ayun Hạ,phytoplankton,2022-06,M2,Oocystis sp.,440.0,,Oocystis sp.,2641454.0,exact
AH_PL,Hồ Ayun Hạ,phytoplankton,2022-06,M3,Oocystis sp.,400.0,,Oocystis sp.,2641454.0,exact
AH_PL,Hồ Ayun Hạ,phytoplankton,2022-06,M4,Oocystis sp.,80.0,,Oocystis sp.,2641454.0,exact
AH_PL,Hồ Ayun Hạ,phytoplankton,2022-06,M5,Oocystis sp.,112.0,,Oocystis sp.,2641454.0,exact
AH_PL,Hồ Ayun Hạ,phytoplankton,2022-06,M6,Oocystis sp.,120.0,,Oocystis sp.,2641454.0,exact
AH_PL,Hồ Ayun Hạ,phytoplankton,2022-06,M7,Oocystis sp.,84.0,,Oocystis sp.,2641454.0,exact
AH_PL,Hồ Ayun Hạ,phytoplankton,2022-06,M8,Oocystis sp.,224.0,,Oocystis sp.,2641454.0,exact
AH_PL,Hồ Ayun Hạ,phytoplankton,2022-06,M9,Oocystis sp.,20.0,,Oocystis sp.,2641454.0,exact
AH_PL,Hồ Ayun Hạ,phytoplankton,2022-06,M10,Oocystis sp.,8.0,,Oocystis sp.,2641454.0,exact
AH_PL,Hồ Ayun Hạ,phytoplankton,2022-06,M4,"Ulothrix fimbriata Bold, 1958",130.0,,Ulothrix fimbriata,2646309.0,exact
AH_PL,Hồ Ayun Hạ,phytoplankton,2022-06,M5,"Ulothrix fimbriata Bold, 1958",300.0,,Ulothrix fimbriata,2646309.0,exact
AH_PL,Hồ Ayun Hạ,phytoplankton,2022-06,M6,"Ulothrix fimbriata Bold, 1958",840.0,,Ulothrix fimbriata,2646309.0,exact
AH_PL,Hồ Ayun Hạ,phytoplankton,2022-06,M8,"Ulothrix fimbriata Bold, 1958",60.0,,Ulothrix fimbriata,2646309.0,exact
AH_PL,Hồ Ayun Hạ,phytoplankton,2022-06,M6,"Closterium acerosum Ehrenberg ex Ralfs, 1848",-1.0,,Closterium acerosum,7850845.0,exact
AH_PL,Hồ Ayun Hạ,phytoplankton,2022-06,M7,"Closterium acerosum Ehrenberg ex Ralfs, 1848",8.0,,Closterium acerosum,7850845.0,exact
AH_PL,Hồ Ayun Hạ,phytoplankton,2022-06,M3,"Closterium cornu Ehrenberg ex Ralfs, 1848",4.0,,Closterium cornu,7638155.0,exact
AH_PL,Hồ Ayun Hạ,phytoplankton,2022-06,M5,"Closterium cornu Ehrenberg ex Ralfs, 1848",24.0,,Closterium cornu,7638155.0,exact
AH_PL,Hồ Ayun Hạ,phytoplankton,2022-06,M6,"Closterium cornu Ehrenberg ex Ralfs, 1848",12.0,,Closterium cornu,7638155.0,exact
AH_PL,Hồ Ayun Hạ,phytoplankton,2022-06,M7,"Closterium cornu Ehrenberg ex Ralfs, 1848",14.0,,Closterium cornu,7638155.0,exact
AH_PL,Hồ Ayun Hạ,phytoplankton,2022-06,M8,"Closterium cornu Ehrenberg ex Ralfs, 1848",-1.0,,Closterium cornu,7638155.0,exact
AH_PL,Hồ Ayun Hạ,phytoplankton,2022-06,M9,"Closterium cornu Ehrenberg ex Ralfs, 1848",10.0,,Closterium cornu,7638155.0,exact
AH_PL,Hồ Ayun Hạ,phytoplankton,2022-06,M10,"Closterium cornu Ehrenberg ex Ralfs, 1848",10.0,,Closterium cornu,7638155.0,exact
AH_PL,Hồ Ayun Hạ,phytoplankton,2022-06,M8,"Closterium ehrenbergii Meneghini ex Ralfs, 1848",1.0,,Closterium ehrenbergii,2646590.0,exact
AH_PL,Hồ Ayun Hạ,phytoplankton,2022-06,M9,"Closterium ehrenbergii Meneghini ex Ralfs, 1848",1.0,,Closterium ehrenbergii,2646590.0,exact
AH_PL,Hồ Ayun Hạ,phytoplankton,2022-06,M10,"Closterium ehrenbergii Meneghini ex Ralfs, 1848",5.0,,Closterium ehrenbergii,2646590.0,exact
AH_PL,Hồ Ayun Hạ,phytoplankton,2022-06,M5,"Closterium gracile Brébisson ex Ralfs, 1848",12.0,,Closterium gracile,2646362.0,exact
AH_PL,Hồ Ayun Hạ,phytoplankton,2022-06,M8,"Closterium gracile Brébisson ex Ralfs, 1848",-1.0,,Closterium gracile,2646362.0,exact
AH_PL,Hồ Ayun Hạ,phytoplankton,2022-06,M2,"Arthrodesmus convergens Ehrenberg ex Ralfs, 1848",44.0,,Arthrodesmus convergens,7819616.0,higherrank
AH_PL,Hồ Ayun Hạ,phytoplankton,2022-06,M5,"Arthrodesmus convergens Ehrenberg ex Ralfs, 1848",4.0,,Arthrodesmus convergens,7819616.0,higherrank
AH_PL,Hồ Ayun Hạ,phytoplankton,2022-06,M8,"Arthrodesmus convergens Ehrenberg ex Ralfs, 1848",-1.0,,Arthrodesmus convergens,7819616.0,higherrank
AH_PL,Hồ Ayun Hạ,phytoplankton,2022-06,M1,"Cosmarium botrytis Meneghini ex Ralfs, 1848",8.0,,Cosmarium botrytis,5274595.0,exact
AH_PL,Hồ Ayun Hạ,phytoplankton,2022-06,M8,"Cosmarium botrytis Meneghini ex Ralfs, 1848",10.0,,Cosmarium botrytis,5274595.0,exact
AH_PL,Hồ Ayun Hạ,phytoplankton,2022-06,M9,"Cosmarium botrytis Meneghini ex Ralfs, 1848",-1.0,,Cosmarium botrytis,5274595.0,exact
AH_PL,Hồ Ayun Hạ,phytoplankton,2022-06,M10,"Cosmarium botrytis Meneghini ex Ralfs, 1848",10.0,,Cosmarium botrytis,5274595.0,exact
AH_PL,Hồ Ayun Hạ,phytoplankton,2022-06,M1,"Cosmarium contractum Kirchner, 1878",924.0,,Cosmarium contractum,5274443.0,exact
AH_PL,Hồ Ayun Hạ,phytoplankton,2022-06,M2,"Cosmarium contractum Kirchner, 1878",1748.0,,Cosmarium contractum,5274443.0,exact
AH_PL,Hồ Ayun Hạ,phytoplankton,2022-06,M3,"Cosmarium contractum Kirchner, 1878",1380.0,,Cosmarium contractum,5274443.0,exact
AH_PL,Hồ Ayun Hạ,phytoplankton,2022-06,M4,"Cosmarium contractum Kirchner, 1878",330.0,,Cosmarium contractum,5274443.0,exact
AH_PL,Hồ Ayun Hạ,phytoplankton,2022-06,M6,"Cosmarium contractum Kirchner, 1878",28.0,,Cosmarium contractum,5274443.0,exact
AH_PL,Hồ Ayun Hạ,phytoplankton,2022-06,M7,"Cosmarium contractum Kirchner, 1878",56.0,,Cosmarium contractum,5274443.0,exact
AH_PL,Hồ Ayun Hạ,phytoplankton,2022-06,M8,"Cosmarium contractum Kirchner, 1878",154.0,,Cosmarium contractum,5274443.0,exact
AH_PL,Hồ Ayun Hạ,phytoplankton,2022-06,M9,"Cosmarium contractum Kirchner, 1878",30.0,,Cosmarium contractum,5274443.0,exact
AH_PL,Hồ Ayun Hạ,phytoplankton,2022-06,M2,"Cosmarium granatum Brébisson ex Ralfs, 1848",40.0,,Cosmarium granatum,8039125.0,exact
AH_PL,Hồ Ayun Hạ,phytoplankton,2022-06,M3,"Cosmarium granatum Brébisson ex Ralfs, 1848",8.0,,Cosmarium granatum,8039125.0,exact
AH_PL,Hồ Ayun Hạ,phytoplankton,2022-06,M7,"Cosmarium granatum Brébisson ex Ralfs, 1848",28.0,,Cosmarium granatum,8039125.0,exact
AH_PL,Hồ Ayun Hạ,phytoplankton,2022-06,M9,"Cosmarium granatum Brébisson ex Ralfs, 1848",-1.0,,Cosmarium granatum,8039125.0,exact
AH_PL,Hồ Ayun Hạ,phytoplankton,2022-06,M2,"Cosmarium lundellii Delponte, 1877",8.0,,Cosmarium lundellii,5274185.0,exact
AH_PL,Hồ Ayun Hạ,phytoplankton,2022-06,M3,"Cosmarium lundellii Delponte, 1877",20.0,,Cosmarium lundellii,5274185.0,exact
AH_PL,Hồ Ayun Hạ,phytoplankton,2022-06,M5,"Cosmarium lundellii Delponte, 1877",16.0,,Cosmarium lundellii,5274185.0,exact
AH_PL,Hồ Ayun Hạ,phytoplankton,2022-06,M7,"Cosmarium lundellii Delponte, 1877",2.0,,Cosmarium lundellii,5274185.0,exact
AH_PL,Hồ Ayun Hạ,phytoplankton,2022-06,M8,"Cosmarium lundellii Delponte, 1877",-1.0,,Cosmarium lundellii,5274185.0,exact
AH_PL,Hồ Ayun Hạ,phytoplankton,2022-06,M10,"Cosmarium lundellii Delponte, 1877",2.0,,Cosmarium lundellii,5274185.0,exact
AH_PL,Hồ Ayun Hạ,phytoplankton,2022-06,M6,"Cosmarium margaritatum (P.Lundell) J.Roy & Bisset, 1886",2.0,,Cosmarium margaritatum,5273970.0,exact
AH_PL,Hồ Ayun Hạ,phytoplankton,2022-06,M8,"Cosmarium margaritatum (P.Lundell) J.Roy & Bisset, 1886",2.0,,Cosmarium margaritatum,5273970.0,exact
AH_PL,Hồ Ayun Hạ,phytoplankton,2022-06,M1,"Euastrum spinulosum Delponte, 1876",20.0,,Euastrum spinulosum,2648424.0,exact
AH_PL,Hồ Ayun Hạ,phytoplankton,2022-06,M2,"Euastrum spinulosum Delponte, 1876",4.0,,Euastrum spinulosum,2648424.0,exact
AH_PL,Hồ Ayun Hạ,phytoplankton,2022-06,M4,"Euastrum spinulosum Delponte, 1876",22.0,,Euastrum spinulosum,2648424.0,exact
AH_PL,Hồ Ayun Hạ,phytoplankton,2022-06,M5,"Euastrum spinulosum Delponte, 1876",40.0,,Euastrum spinulosum,2648424.0,exact
AH_PL,Hồ Ayun Hạ,phytoplankton,2022-06,M6,"Euastrum spinulosum Delponte, 1876",2.0,,Euastrum spinulosum,2648424.0,exact
AH_PL,Hồ Ayun Hạ,phytoplankton,2022-06,M8,"Euastrum spinulosum Delponte, 1876",6.0,,Euastrum spinulosum,2648424.0,exact
AH_PL,Hồ Ayun Hạ,phytoplankton,2022-06,M9,"Euastrum spinulosum Delponte, 1876",-1.0,,Euastrum spinulosum,2648424.0,exact
AH_PL,Hồ Ayun Hạ,phytoplankton,2022-06,M10,"Euastrum spinulosum Delponte, 1876",4.0,,Euastrum spinulosum,2648424.0,exact
AH_PL,Hồ Ayun Hạ,phytoplankton,2022-06,M1,"Spondylosium planum (Wolle) West & G.S.West, 1912",200.0,,Spondylosium planum,2649829.0,exact
AH_PL,Hồ Ayun Hạ,phytoplankton,2022-06,M3,"Spondylosium planum (Wolle) West & G.S.West, 1912",220.0,,Spondylosium planum,2649829.0,exact
AH_PL,Hồ Ayun Hạ,phytoplankton,2022-06,M6,"Spondylosium planum (Wolle) West & G.S.West, 1912",70.0,,Spondylosium planum,2649829.0,exact
AH_PL,Hồ Ayun Hạ,phytoplankton,2022-06,M7,"Spondylosium planum (Wolle) West & G.S.West, 1912",-1.0,,Spondylosium planum,2649829.0,exact
AH_PL,Hồ Ayun Hạ,phytoplankton,2022-06,M8,"Staurastrum bigibbum Skuja, 1949",2.0,,Staurastrum bigibbum,2648082.0,fuzzy
AH_PL,Hồ Ayun Hạ,phytoplankton,2022-06,M9,"Staurastrum gladiosum W.B.Turner, 1885",2.0,,Staurastrum gladiosum,2648005.0,exact
AH_PL,Hồ Ayun Hạ,phytoplankton,2022-06,M1,"Staurastrum megacanthum P.Lundell, 1871",528.0,,Staurastrum megacanthum,2647386.0,synonym
AH_PL,Hồ Ayun Hạ,phytoplankton,2022-06,M2,"Staurastrum megacanthum P.Lundell, 1871",528.0,,Staurastrum megacanthum,2647386.0,synonym
AH_PL,Hồ Ayun Hạ,phytoplankton,2022-06,M3,"Staurastrum megacanthum P.Lundell, 1871",484.0,,Staurastrum megacanthum,2647386.0,synonym
AH_PL,Hồ Ayun Hạ,phytoplankton,2022-06,M4,"Staurastrum megacanthum P.Lundell, 1871",132.0,,Staurastrum megacanthum,2647386.0,synonym
AH_PL,Hồ Ayun Hạ,phytoplankton,2022-06,M5,"Staurastrum megacanthum P.Lundell, 1871",420.0,,Staurastrum megacanthum,2647386.0,synonym
AH_PL,Hồ Ayun Hạ,phytoplankton,2022-06,M6,"Staurastrum megacanthum P.Lundell, 1871",28.0,,Staurastrum megacanthum,2647386.0,synonym
AH_PL,Hồ Ayun Hạ,phytoplankton,2022-06,M7,"Staurastrum megacanthum P.Lundell, 1871",14.0,,Staurastrum megacanthum,2647386.0,synonym
AH_PL,Hồ Ayun Hạ,phytoplankton,2022-06,M8,"Staurastrum megacanthum P.Lundell, 1871",28.0,,Staurastrum megacanthum,2647386.0,synonym
AH_PL,Hồ Ayun Hạ,phytoplankton,2022-06,M9,"Staurastrum megacanthum P.Lundell, 1871",-1.0,,Staurastrum megacanthum,2647386.0,synonym
AH_PL,Hồ Ayun Hạ,phytoplankton,2022-06,M1,"Staurastrum natator West, 1892",4232.0,,Staurastrum natator,2648127.0,exact
AH_PL,Hồ Ayun Hạ,phytoplankton,2022-06,M2,"Staurastrum natator West, 1892",3036.0,,Staurastrum natator,2648127.0,exact
AH_PL,Hồ Ayun Hạ,phytoplankton,2022-06,M3,"Staurastrum natator West, 1892",2300.0,,Staurastrum natator,2648127.0,exact
AH_PL,Hồ Ayun Hạ,phytoplankton,2022-06,M4,"Staurastrum natator West, 1892",828.0,,Staurastrum natator,2648127.0,exact
AH_PL,Hồ Ayun Hạ,phytoplankton,2022-06,M5,"Staurastrum natator West, 1892",1656.0,,Staurastrum natator,2648127.0,exact
AH_PL,Hồ Ayun Hạ,phytoplankton,2022-06,M6,"Staurastrum natator West, 1892",462.0,,Staurastrum natator,2648127.0,exact
AH_PL,Hồ Ayun Hạ,phytoplankton,2022-06,M7,"Staurastrum natator West, 1892",528.0,,Staurastrum natator,2648127.0,exact
AH_PL,Hồ Ayun Hạ,phytoplankton,2022-06,M8,"Staurastrum natator West, 1892",242.0,,Staurastrum natator,2648127.0,exact
AH_PL,Hồ Ayun Hạ,phytoplankton,2022-06,M9,"Staurastrum natator West, 1892",50.0,,Staurastrum natator,2648127.0,exact
AH_PL,Hồ Ayun Hạ,phytoplankton,2022-06,M10,"Staurastrum natator West, 1892",110.0,,Staurastrum natator,2648127.0,exact
AH_PL,Hồ Ayun Hạ,phytoplankton,2022-06,M7,"Staurastrum ophiura P.Lundell, 1871",12.0,,Staurastrum ophiura,2647965.0,exact
AH_PL,Hồ Ayun Hạ,phytoplankton,2022-06,M8,"Staurastrum ophiura P.Lundell, 1871",2.0,,Staurastrum ophiura,2647965.0,exact
AH_PL,Hồ Ayun Hạ,phytoplankton,2022-06,M1,"Staurastrum protectum West & G.S.West, 1908",1288.0,,Staurastrum protectum,2647840.0,exact
AH_PL,Hồ Ayun Hạ,phytoplankton,2022-06,M2,"Staurastrum protectum West & G.S.West, 1908",1104.0,,Staurastrum protectum,2647840.0,exact
AH_PL,Hồ Ayun Hạ,phytoplankton,2022-06,M3,"Staurastrum protectum West & G.S.West, 1908",1656.0,,Staurastrum protectum,2647840.0,exact
AH_PL,Hồ Ayun Hạ,phytoplankton,2022-06,M4,"Staurastrum protectum West & G.S.West, 1908",440.0,,Staurastrum protectum,2647840.0,exact
AH_PL,Hồ Ayun Hạ,phytoplankton,2022-06,M5,"Staurastrum protectum West & G.S.West, 1908",1196.0,,Staurastrum protectum,2647840.0,exact
AH_PL,Hồ Ayun Hạ,phytoplankton,2022-06,M6,"Staurastrum protectum West & G.S.West, 1908",98.0,,Staurastrum protectum,2647840.0,exact
AH_PL,Hồ Ayun Hạ,phytoplankton,2022-06,M7,"Staurastrum protectum West & G.S.West, 1908",70.0,,Staurastrum protectum,2647840.0,exact
AH_PL,Hồ Ayun Hạ,phytoplankton,2022-06,M8,"Staurastrum protectum West & G.S.West, 1908",352.0,,Staurastrum protectum,2647840.0,exact
AH_PL,Hồ Ayun Hạ,phytoplankton,2022-06,M9,"Staurastrum protectum West & G.S.West, 1908",10.0,,Staurastrum protectum,2647840.0,exact
AH_PL,Hồ Ayun Hạ,phytoplankton,2022-06,M10,"Staurastrum protectum West & G.S.West, 1908",10.0,,Staurastrum protectum,2647840.0,exact
AH_PL,Hồ Ayun Hạ,phytoplankton,2022-06,M1,Staurastrum sp.,396.0,,Staurastrum sp.,2647648.0,exact
AH_PL,Hồ Ayun Hạ,phytoplankton,2022-06,M2,Staurastrum sp.,1012.0,,Staurastrum sp.,2647648.0,exact
AH_PL,Hồ Ayun Hạ,phytoplankton,2022-06,M3,Staurastrum sp.,1472.0,,Staurastrum sp.,2647648.0,exact
AH_PL,Hồ Ayun Hạ,phytoplankton,2022-06,M4,Staurastrum sp.,393.0,,Staurastrum sp.,2647648.0,exact
AH_PL,Hồ Ayun Hạ,phytoplankton,2022-06,M5,Staurastrum sp.,1104.0,,Staurastrum sp.,2647648.0,exact
AH_PL,Hồ Ayun Hạ,phytoplankton,2022-06,M6,Staurastrum sp.,182.0,,Staurastrum sp.,2647648.0,exact
AH_PL,Hồ Ayun Hạ,phytoplankton,2022-06,M7,Staurastrum sp.,84.0,,Staurastrum sp.,2647648.0,exact
AH_PL,Hồ Ayun Hạ,phytoplankton,2022-06,M8,Staurastrum sp.,264.0,,Staurastrum sp.,2647648.0,exact
AH_PL,Hồ Ayun Hạ,phytoplankton,2022-06,M9,Staurastrum sp.,40.0,,Staurastrum sp.,2647648.0,exact
AH_PL,Hồ Ayun Hạ,phytoplankton,2022-06,M10,Staurastrum sp.,70.0,,Staurastrum sp.,2647648.0,exact
AH_PL,Hồ Ayun Hạ,phytoplankton,2022-06,M3,"Staurastrum tohopekaligense Wolle, 1885",-1.0,,Staurastrum tohopekaligense,2647999.0,exact
AH_PL,Hồ Ayun Hạ,phytoplankton,2022-06,M1,"Staurastrum vaasii A.M.Scott & Prescott, 1961",748.0,,Staurastrum vaasii,2647648.0,higherrank
AH_PL,Hồ Ayun Hạ,phytoplankton,2022-06,M2,"Staurastrum vaasii A.M.Scott & Prescott, 1961",1104.0,,Staurastrum vaasii,2647648.0,higherrank
AH_PL,Hồ Ayun Hạ,phytoplankton,2022-06,M3,"Staurastrum vaasii A.M.Scott & Prescott, 1961",1012.0,,Staurastrum vaasii,2647648.0,higherrank
AH_PL,Hồ Ayun Hạ,phytoplankton,2022-06,M4,"Staurastrum vaasii A.M.Scott & Prescott, 1961",198.0,,Staurastrum vaasii,2647648.0,higherrank
AH_PL,Hồ Ayun Hạ,phytoplankton,2022-06,M5,"Staurastrum vaasii A.M.Scott & Prescott, 1961",1104.0,,Staurastrum vaasii,2647648.0,higherrank
AH_PL,Hồ Ayun Hạ,phytoplankton,2022-06,M6,"Staurastrum vaasii A.M.Scott & Prescott, 1961",98.0,,Staurastrum vaasii,2647648.0,higherrank
AH_PL,Hồ Ayun Hạ,phytoplankton,2022-06,M7,"Staurastrum vaasii A.M.Scott & Prescott, 1961",98.0,,Staurastrum vaasii,2647648.0,higherrank
AH_PL,Hồ Ayun Hạ,phytoplankton,2022-06,M8,"Staurastrum vaasii A.M.Scott & Prescott, 1961",308.0,,Staurastrum vaasii,2647648.0,higherrank
AH_PL,Hồ Ayun Hạ,phytoplankton,2022-06,M9,"Staurastrum vaasii A.M.Scott & Prescott, 1961",16.0,,Staurastrum vaasii,2647648.0,higherrank
AH_PL,Hồ Ayun Hạ,phytoplankton,2022-06,M10,"Staurastrum vaasii A.M.Scott & Prescott, 1961",10.0,,Staurastrum vaasii,2647648.0,higherrank
AH_PL,Hồ Ayun Hạ,phytoplankton,2022-06,M3,Spirogyra sp.,-1.0,,Spirogyra sp.,2646845.0,exact
AH_PL,Hồ Ayun Hạ,phytoplankton,2022-06,M4,"Euglena acus (O.F.Müller) Ehrenberg, 1830",1.0,,Euglena acus,3209828.0,synonym
AH_PL,Hồ Ayun Hạ,phytoplankton,2022-06,M6,"Euglena acus (O.F.Müller) Ehrenberg, 1830",7.0,,Euglena acus,3209828.0,synonym
AH_PL,Hồ Ayun Hạ,phytoplankton,2022-06,M7,"Euglena acus (O.F.Müller) Ehrenberg, 1830",21.0,,Euglena acus,3209828.0,synonym
AH_PL,Hồ Ayun Hạ,phytoplankton,2022-06,M8,"Euglena acus (O.F.Müller) Ehrenberg, 1830",1.0,,Euglena acus,3209828.0,synonym
AH_PL,Hồ Ayun Hạ,phytoplankton,2022-06,M9,"Euglena acus (O.F.Müller) Ehrenberg, 1830",5.0,,Euglena acus,3209828.0,synonym
AH_PL,Hồ Ayun Hạ,phytoplankton,2022-06,M10,"Euglena acus (O.F.Müller) Ehrenberg, 1830",5.0,,Euglena acus,3209828.0,synonym
AH_PL,Hồ Ayun Hạ,phytoplankton,2022-06,M1,"Euglena ehrenbergii Klebs, 1883",-1.0,,Euglena ehrenbergii,7655170.0,exact
AH_PL,Hồ Ayun Hạ,phytoplankton,2022-06,M4,"Euglena ehrenbergii Klebs, 1883",1.0,,Euglena ehrenbergii,7655170.0,exact
AH_PL,Hồ Ayun Hạ,phytoplankton,2022-06,M5,"Euglena ehrenbergii Klebs, 1883",12.0,,Euglena ehrenbergii,7655170.0,exact
AH_PL,Hồ Ayun Hạ,phytoplankton,2022-06,M6,"Euglena ehrenbergii Klebs, 1883",12.0,,Euglena ehrenbergii,7655170.0,exact
AH_PL,Hồ Ayun Hạ,phytoplankton,2022-06,M7,"Euglena ehrenbergii Klebs, 1883",3.0,,Euglena ehrenbergii,7655170.0,exact
AH_PL,Hồ Ayun Hạ,phytoplankton,2022-06,M8,"Euglena ehrenbergii Klebs, 1883",7.0,,Euglena ehrenbergii,7655170.0,exact
AH_PL,Hồ Ayun Hạ,phytoplankton,2022-06,M9,"Euglena ehrenbergii Klebs, 1883",3.0,,Euglena ehrenbergii,7655170.0,exact
AH_PL,Hồ Ayun Hạ,phytoplankton,2022-06,M10,"Euglena ehrenbergii Klebs, 1883",10.0,,Euglena ehrenbergii,7655170.0,exact
AH_PL,Hồ Ayun Hạ,phytoplankton,2022-06,M7,"Euglena gracilis G.A.Klebs, 1883",5.0,,Euglena gracilis,7465722.0,exact
AH_PL,Hồ Ayun Hạ,phytoplankton,2022-06,M2,"Euglena oxyuris Schmarda, 1846",-1.0,,Euglena oxyuris,3209849.0,synonym
AH_PL,Hồ Ayun Hạ,phytoplankton,2022-06,M3,"Euglena oxyuris Schmarda, 1846",2.0,,Euglena oxyuris,3209849.0,synonym
AH_PL,Hồ Ayun Hạ,phytoplankton,2022-06,M4,"Euglena oxyuris Schmarda, 1846",-1.0,,Euglena oxyuris,3209849.0,synonym
AH_PL,Hồ Ayun Hạ,phytoplankton,2022-06,M5,"Euglena oxyuris Schmarda, 1846",2.0,,Euglena oxyuris,3209849.0,synonym
AH_PL,Hồ Ayun Hạ,phytoplankton,2022-06,M6,"Euglena oxyuris Schmarda, 1846",5.0,,Euglena oxyuris,3209849.0,synonym
AH_PL,Hồ Ayun Hạ,phytoplankton,2022-06,M7,"Euglena oxyuris Schmarda, 1846",6.0,,Euglena oxyuris,3209849.0,synonym
AH_PL,Hồ Ayun Hạ,phytoplankton,2022-06,M9,"Euglena oxyuris Schmarda, 1846",5.0,,Euglena oxyuris,3209849.0,synonym
AH_PL,Hồ Ayun Hạ,phytoplankton,2022-06,M10,"Euglena oxyuris Schmarda, 1846",3.0,,Euglena oxyuris,3209849.0,synonym
AH_PL,Hồ Ayun Hạ,phytoplankton,2022-06,M6,"Euglena polymorpha P.A.Dangeard, 1902",-1.0,,Euglena polymorpha,8280463.0,synonym
AH_PL,Hồ Ayun Hạ,phytoplankton,2022-06,M7,"Euglena spirogyra Ehrenberg, 1832",-1.0,,Euglena spirogyra,3209744.0,synonym
AH_PL,Hồ Ayun Hạ,phytoplankton,2022-06,M4,"Euglena tripteris (Dujardin) G.A.Klebs, 1883",4.0,,Euglena tripteris,3209651.0,exact
AH_PL,Hồ Ayun Hạ,phytoplankton,2022-06,M6,"Euglena tripteris (Dujardin) G.A.Klebs, 1883",5.0,,Euglena tripteris,3209651.0,exact
AH_PL,Hồ Ayun Hạ,phytoplankton,2022-06,M7,"Euglena tripteris (Dujardin) G.A.Klebs, 1883",7.0,,Euglena tripteris,3209651.0,exact
AH_PL,Hồ Ayun Hạ,phytoplankton,2022-06,M9,"Euglena tripteris (Dujardin) G.A.Klebs, 1883",2.0,,Euglena tripteris,3209651.0,exact
AH_PL,Hồ Ayun Hạ,phytoplankton,2022-06,M10,"Euglena tripteris (Dujardin) G.A.Klebs, 1883",7.0,,Euglena tripteris,3209651.0,exact
AH_PL,Hồ Ayun Hạ,phytoplankton,2022-06,M6,"Strombomonas gibberosa (Playfair) Deflandre, 1930",6.0,,Strombomonas gibberosa,3208756.0,exact
AH_PL,Hồ Ayun Hạ,phytoplankton,2022-06,M7,"Strombomonas gibberosa (Playfair) Deflandre, 1930",18.0,,Strombomonas gibberosa,3208756.0,exact
AH_PL,Hồ Ayun Hạ,phytoplankton,2022-06,M10,"Strombomonas gibberosa (Playfair) Deflandre, 1930",14.0,,Strombomonas gibberosa,3208756.0,exact
AH_PL,Hồ Ayun Hạ,phytoplankton,2022-06,M5,Strombomonas sp.,-1.0,,Strombomonas sp.,3208654.0,exact
AH_PL,Hồ Ayun Hạ,phytoplankton,2022-06,M9,Strombomonas sp.,1.0,,Strombomonas sp.,3208654.0,exact
AH_PL,Hồ Ayun Hạ,phytoplankton,2022-06,M10,Strombomonas sp.,15.0,,Strombomonas sp.,3208654.0,exact
AH_PL,Hồ Ayun Hạ,phytoplankton,2022-06,M2,"Trachelomonas armata (Ehrenberg) F.Stein, 1878",-1.0,,Trachelomonas armata,3208921.0,exact
AH_PL,Hồ Ayun Hạ,phytoplankton,2022-06,M3,"Trachelomonas armata (Ehrenberg) F.Stein, 1878",20.0,,Trachelomonas armata,3208921.0,exact
AH_PL,Hồ Ayun Hạ,phytoplankton,2022-06,M4,"Trachelomonas armata (Ehrenberg) F.Stein, 1878",1.0,,Trachelomonas armata,3208921.0,exact
AH_PL,Hồ Ayun Hạ,phytoplankton,2022-06,M5,"Trachelomonas armata (Ehrenberg) F.Stein, 1878",14.0,,Trachelomonas armata,3208921.0,exact
AH_PL,Hồ Ayun Hạ,phytoplankton,2022-06,M6,"Trachelomonas armata (Ehrenberg) F.Stein, 1878",7.0,,Trachelomonas armata,3208921.0,exact
AH_PL,Hồ Ayun Hạ,phytoplankton,2022-06,M7,"Trachelomonas armata (Ehrenberg) F.Stein, 1878",1.0,,Trachelomonas armata,3208921.0,exact
AH_PL,Hồ Ayun Hạ,phytoplankton,2022-06,M9,"Trachelomonas armata (Ehrenberg) F.Stein, 1878",1.0,,Trachelomonas armata,3208921.0,exact
AH_PL,Hồ Ayun Hạ,phytoplankton,2022-06,M10,"Trachelomonas armata (Ehrenberg) F.Stein, 1878",10.0,,Trachelomonas armata,3208921.0,exact
AH_PL,Hồ Ayun Hạ,phytoplankton,2022-06,M5,"Trachelomonas hispida (Perty) F. Stein, 1926",-1.0,,Trachelomonas hispida,3209211.0,exact
AH_PL,Hồ Ayun Hạ,phytoplankton,2022-06,M9,"Trachelomonas hispida (Perty) F. Stein, 1926",-1.0,,Trachelomonas hispida,3209211.0,exact
AH_PL,Hồ Ayun Hạ,phytoplankton,2022-06,M5,"Phacus acuminatus Stokes, 1885",8.0,,Phacus acuminatus,6785023.0,exact
AH_PL,Hồ Ayun Hạ,phytoplankton,2022-06,M6,"Phacus acuminatus Stokes, 1885",4.0,,Phacus acuminatus,6785023.0,exact
AH_PL,Hồ Ayun Hạ,phytoplankton,2022-06,M7,"Phacus acuminatus Stokes, 1885",2.0,,Phacus acuminatus,6785023.0,exact
AH_PL,Hồ Ayun Hạ,phytoplankton,2022-06,M8,"Phacus acuminatus Stokes, 1885",-1.0,,Phacus acuminatus,6785023.0,exact
AH_PL,Hồ Ayun Hạ,phytoplankton,2022-06,M9,"Phacus acuminatus Stokes, 1885",-1.0,,Phacus acuminatus,6785023.0,exact
AH_PL,Hồ Ayun Hạ,phytoplankton,2022-06,M10,"Phacus acuminatus Stokes, 1885",4.0,,Phacus acuminatus,6785023.0,exact
AH_PL,Hồ Ayun Hạ,phytoplankton,2022-06,M9,"Phacus helikoides Pochmann, 1942",1.0,,Phacus helikoides,6785009.0,exact
AH_PL,Hồ Ayun Hạ,phytoplankton,2022-06,M10,"Phacus helikoides Pochmann, 1942",10.0,,Phacus helikoides,6785009.0,exact
AH_PL,Hồ Ayun Hạ,phytoplankton,2022-06,M7,"Phacus longicauda (Ehrenberg) Dujardin, 1841",-1.0,,Phacus longicauda,6785019.0,exact
AH_PL,Hồ Ayun Hạ,phytoplankton,2022-06,M8,"Phacus longicauda (Ehrenberg) Dujardin, 1841",-1.0,,Phacus longicauda,6785019.0,exact
AH_PL,Hồ Ayun Hạ,phytoplankton,2022-06,M9,"Phacus longicauda (Ehrenberg) Dujardin, 1841",-1.0,,Phacus longicauda,6785019.0,exact
AH_PL,Hồ Ayun Hạ,phytoplankton,2022-06,M10,"Phacus longicauda (Ehrenberg) Dujardin, 1841",10.0,,Phacus longicauda,6785019.0,exact
AH_PL,Hồ Ayun Hạ,phytoplankton,2022-06,M7,"Phacus pleuronectes (O.F.Müller) Nitzsch ex Dujardin, 1841",-1.0,,Phacus pleuronectes,5425077.0,exact
AH_PL,Hồ Ayun Hạ,phytoplankton,2022-06,M10,"Phacus pleuronectes (O.F.Müller) Nitzsch ex Dujardin, 1841",2.0,,Phacus pleuronectes,5425077.0,exact
AH_PL,Hồ Ayun Hạ,phytoplankton,2022-06,M1,Phacus sp.,20.0,,Phacus sp.,6761067.0,exact
AH_PL,Hồ Ayun Hạ,phytoplankton,2022-06,M2,Phacus sp.,286.0,,Phacus sp.,6761067.0,exact
AH_PL,Hồ Ayun Hạ,phytoplankton,2022-06,M3,Phacus sp.,264.0,,Phacus sp.,6761067.0,exact
AH_PL,Hồ Ayun Hạ,phytoplankton,2022-06,M4,Phacus sp.,65.0,,Phacus sp.,6761067.0,exact
AH_PL,Hồ Ayun Hạ,phytoplankton,2022-06,M5,Phacus sp.,252.0,,Phacus sp.,6761067.0,exact
AH_PL,Hồ Ayun Hạ,phytoplankton,2022-06,M6,Phacus sp.,126.0,,Phacus sp.,6761067.0,exact
AH_PL,Hồ Ayun Hạ,phytoplankton,2022-06,M7,Phacus sp.,75.0,,Phacus sp.,6761067.0,exact
AH_PL,Hồ Ayun Hạ,phytoplankton,2022-06,M8,Phacus sp.,14.0,,Phacus sp.,6761067.0,exact
AH_PL,Hồ Ayun Hạ,phytoplankton,2022-06,M9,Phacus sp.,40.0,,Phacus sp.,6761067.0,exact
AH_PL,Hồ Ayun Hạ,phytoplankton,2022-06,M10,Phacus sp.,60.0,,Phacus sp.,6761067.0,exact
AH_PL,Hồ Ayun Hạ,phytoplankton,2022-06,M5,Phacus sp1,-1.0,,Phacus sp.1,6761067.0,exact
AH_PL,Hồ Ayun Hạ,phytoplankton,2022-06,M6,Phacus sp1,5.0,,Phacus sp.1,6761067.0,exact
AH_PL,Hồ Ayun Hạ,phytoplankton,2022-06,M7,Phacus sp1,20.0,,Phacus sp.1,6761067.0,exact
AH_PL,Hồ Ayun Hạ,phytoplankton,2022-06,M8,Phacus sp1,-1.0,,Phacus sp.1,6761067.0,exact
AH_PL,Hồ Ayun Hạ,phytoplankton,2022-06,M9,Phacus sp1,1.0,,Phacus sp.1,6761067.0,exact
AH_PL,Hồ Ayun Hạ,phytoplankton,2022-06,M10,Phacus sp1,10.0,,Phacus sp.1,6761067.0,exact
AH_PL,Hồ Ayun Hạ,phytoplankton,2022-06,M9,"Phacus suecicus Lemmermann, 1913",1.0,,Phacus suecicus,5424934.0,exact
AH_PL,Hồ Ayun Hạ,phytoplankton,2022-06,M2,"Phacus tortus (Lemmermann) Skvortzov, 1928",-1.0,,Phacus tortus,5425145.0,exact
AH_PL,Hồ Ayun Hạ,phytoplankton,2022-06,M3,"Phacus tortus (Lemmermann) Skvortzov, 1928",6.0,,Phacus tortus,5425145.0,exact
AH_PL,Hồ Ayun Hạ,phytoplankton,2022-06,M4,"Phacus tortus (Lemmermann) Skvortzov, 1928",10.0,,Phacus tortus,5425145.0,exact
AH_PL,Hồ Ayun Hạ,phytoplankton,2022-06,M5,"Phacus tortus (Lemmermann) Skvortzov, 1928",10.0,,Phacus tortus,5425145.0,exact
AH_PL,Hồ Ayun Hạ,phytoplankton,2022-06,M6,"Phacus tortus (Lemmermann) Skvortzov, 1928",14.0,,Phacus tortus,5425145.0,exact
AH_PL,Hồ Ayun Hạ,phytoplankton,2022-06,M7,"Phacus tortus (Lemmermann) Skvortzov, 1928",6.0,,Phacus tortus,5425145.0,exact
AH_PL,Hồ Ayun Hạ,phytoplankton,2022-06,M8,"Phacus tortus (Lemmermann) Skvortzov, 1928",-1.0,,Phacus tortus,5425145.0,exact
AH_PL,Hồ Ayun Hạ,phytoplankton,2022-06,M9,"Phacus tortus (Lemmermann) Skvortzov, 1928",15.0,,Phacus tortus,5425145.0,exact
AH_PL,Hồ Ayun Hạ,phytoplankton,2022-06,M10,"Phacus tortus (Lemmermann) Skvortzov, 1928",20.0,,Phacus tortus,5425145.0,exact
AH_PL,Hồ Ayun Hạ,phytoplankton,2022-06,M1,"Ceratium hirundinella (O.F.Müller) Dujardin, 1841",20.0,,Ceratium hirundinella,7598904.0,exact
AH_PL,Hồ Ayun Hạ,phytoplankton,2022-06,M2,"Ceratium hirundinella (O.F.Müller) Dujardin, 1841",104.0,,Ceratium hirundinella,7598904.0,exact
AH_PL,Hồ Ayun Hạ,phytoplankton,2022-06,M3,"Ceratium hirundinella (O.F.Müller) Dujardin, 1841",84.0,,Ceratium hirundinella,7598904.0,exact
AH_PL,Hồ Ayun Hạ,phytoplankton,2022-06,M4,"Ceratium hirundinella (O.F.Müller) Dujardin, 1841",11.0,,Ceratium hirundinella,7598904.0,exact
AH_PL,Hồ Ayun Hạ,phytoplankton,2022-06,M5,"Ceratium hirundinella (O.F.Müller) Dujardin, 1841",28.0,,Ceratium hirundinella,7598904.0,exact
AH_PL,Hồ Ayun Hạ,phytoplankton,2022-06,M6,"Ceratium hirundinella (O.F.Müller) Dujardin, 1841",5.0,,Ceratium hirundinella,7598904.0,exact
AH_PL,Hồ Ayun Hạ,phytoplankton,2022-06,M7,"Ceratium hirundinella (O.F.Müller) Dujardin, 1841",2.0,,Ceratium hirundinella,7598904.0,exact
AH_PL,Hồ Ayun Hạ,phytoplankton,2022-06,M8,"Ceratium hirundinella (O.F.Müller) Dujardin, 1841",7.0,,Ceratium hirundinella,7598904.0,exact
AH_PL,Hồ Ayun Hạ,phytoplankton,2022-06,M9,"Ceratium hirundinella (O.F.Müller) Dujardin, 1841",5.0,,Ceratium hirundinella,7598904.0,exact
AH_PL,Hồ Ayun Hạ,phytoplankton,2022-06,M2,"Glenodinium borgei (Lemmermann) Schiller, 1937",4.0,,Glenodinium borgei,3207006.0,synonym
AH_PL,Hồ Ayun Hạ,phytoplankton,2022-06,M3,"Glenodinium borgei (Lemmermann) Schiller, 1937",2.0,,Glenodinium borgei,3207006.0,synonym
AH_PL,Hồ Ayun Hạ,phytoplankton,2022-06,M10,"Glenodinium borgei (Lemmermann) Schiller, 1937",-1.0,,Glenodinium borgei,3207006.0,synonym
AH_PL,Hồ Ayun Hạ,phytoplankton,2022-06,M1,Peridinium sp.,18.0,,Peridinium sp.,7536081.0,exact
AH_PL,Hồ Ayun Hạ,phytoplankton,2022-06,M2,Peridinium sp.,82.0,,Peridinium sp.,7536081.0,exact
AH_PL,Hồ Ayun Hạ,phytoplankton,2022-06,M3,Peridinium sp.,54.0,,Peridinium sp.,7536081.0,exact
AH_PL,Hồ Ayun Hạ,phytoplankton,2022-06,M4,Peridinium sp.,40.0,,Peridinium sp.,7536081.0,exact
AH_PL,Hồ Ayun Hạ,phytoplankton,2022-06,M5,Peridinium sp.,84.0,,Peridinium sp.,7536081.0,exact
AH_PL,Hồ Ayun Hạ,phytoplankton,2022-06,M6,Peridinium sp.,4.0,,Peridinium sp.,7536081.0,exact
AH_PL,Hồ Ayun Hạ,phytoplankton,2022-06,M7,Peridinium sp.,12.0,,Peridinium sp.,7536081.0,exact
AH_PL,Hồ Ayun Hạ,phytoplankton,2022-06,M8,Peridinium sp.,6.0,,Peridinium sp.,7536081.0,exact
AH_PL,Hồ Ayun Hạ,phytoplankton,2022-06,M1,Peridinium sp1,12.0,,Peridinium sp.1,7536081.0,exact
AH_PL,Hồ Ayun Hạ,phytoplankton,2022-08,M1,"Microcystis aeruginosa (Kützing) Kützing, 1846",193200.0,Tảo độc,Microcystis aeruginosa,11959609.0,exact
AH_PL,Hồ Ayun Hạ,phytoplankton,2022-08,M2,"Microcystis aeruginosa (Kützing) Kützing, 1846",147200.0,Tảo độc,Microcystis aeruginosa,11959609.0,exact
AH_PL,Hồ Ayun Hạ,phytoplankton,2022-08,M3,"Microcystis aeruginosa (Kützing) Kützing, 1846",354200.0,Tảo độc,Microcystis aeruginosa,11959609.0,exact
AH_PL,Hồ Ayun Hạ,phytoplankton,2022-08,M4,"Microcystis aeruginosa (Kützing) Kützing, 1846",115000.0,Tảo độc,Microcystis aeruginosa,11959609.0,exact
AH_PL,Hồ Ayun Hạ,phytoplankton,2022-08,M5,"Microcystis aeruginosa (Kützing) Kützing, 1846",55200.0,Tảo độc,Microcystis aeruginosa,11959609.0,exact
AH_PL,Hồ Ayun Hạ,phytoplankton,2022-08,M6,"Microcystis aeruginosa (Kützing) Kützing, 1846",23000.0,Tảo độc,Microcystis aeruginosa,11959609.0,exact
AH_PL,Hồ Ayun Hạ,phytoplankton,2022-08,M7,"Microcystis aeruginosa (Kützing) Kützing, 1846",21600.0,Tảo độc,Microcystis aeruginosa,11959609.0,exact
AH_PL,Hồ Ayun Hạ,phytoplankton,2022-08,M8,"Microcystis aeruginosa (Kützing) Kützing, 1846",18400.0,Tảo độc,Microcystis aeruginosa,11959609.0,exact
AH_PL,Hồ Ayun Hạ,phytoplankton,2022-08,M1,"Microcystis wesenbergii (Komárek) Komárek ex Komárek, 2006",32200.0,Tảo độc,Microcystis wesenbergii,5426741.0,exact
AH_PL,Hồ Ayun Hạ,phytoplankton,2022-08,M2,"Microcystis wesenbergii (Komárek) Komárek ex Komárek, 2006",27600.0,Tảo độc,Microcystis wesenbergii,5426741.0,exact
AH_PL,Hồ Ayun Hạ,phytoplankton,2022-08,M3,"Microcystis wesenbergii (Komárek) Komárek ex Komárek, 2006",46000.0,Tảo độc,Microcystis wesenbergii,5426741.0,exact
AH_PL,Hồ Ayun Hạ,phytoplankton,2022-08,M4,"Microcystis wesenbergii (Komárek) Komárek ex Komárek, 2006",48000.0,Tảo độc,Microcystis wesenbergii,5426741.0,exact
AH_PL,Hồ Ayun Hạ,phytoplankton,2022-08,M5,"Microcystis wesenbergii (Komárek) Komárek ex Komárek, 2006",25300.0,Tảo độc,Microcystis wesenbergii,5426741.0,exact
AH_PL,Hồ Ayun Hạ,phytoplankton,2022-08,M6,"Microcystis wesenbergii (Komárek) Komárek ex Komárek, 2006",4500.0,Tảo độc,Microcystis wesenbergii,5426741.0,exact
AH_PL,Hồ Ayun Hạ,phytoplankton,2022-08,M7,"Microcystis wesenbergii (Komárek) Komárek ex Komárek, 2006",3600.0,Tảo độc,Microcystis wesenbergii,5426741.0,exact
AH_PL,Hồ Ayun Hạ,phytoplankton,2022-08,M8,"Microcystis wesenbergii (Komárek) Komárek ex Komárek, 2006",6900.0,Tảo độc,Microcystis wesenbergii,5426741.0,exact
AH_PL,Hồ Ayun Hạ,phytoplankton,2022-08,M1,Oscillatoria sp.,41400.0,Tảo gây hại,Oscillatoria sp.,7679569.0,exact
AH_PL,Hồ Ayun Hạ,phytoplankton,2022-08,M2,Oscillatoria sp.,87400.0,Tảo gây hại,Oscillatoria sp.,7679569.0,exact
AH_PL,Hồ Ayun Hạ,phytoplankton,2022-08,M3,Oscillatoria sp.,50600.0,Tảo gây hại,Oscillatoria sp.,7679569.0,exact
AH_PL,Hồ Ayun Hạ,phytoplankton,2022-08,M4,Oscillatoria sp.,69000.0,Tảo gây hại,Oscillatoria sp.,7679569.0,exact
AH_PL,Hồ Ayun Hạ,phytoplankton,2022-08,M5,Oscillatoria sp.,80500.0,Tảo gây hại,Oscillatoria sp.,7679569.0,exact
AH_PL,Hồ Ayun Hạ,phytoplankton,2022-08,M6,Oscillatoria sp.,20700.0,Tảo gây hại,Oscillatoria sp.,7679569.0,exact
AH_PL,Hồ Ayun Hạ,phytoplankton,2022-08,M7,Oscillatoria sp.,9000.0,Tảo gây hại,Oscillatoria sp.,7679569.0,exact
AH_PL,Hồ Ayun Hạ,phytoplankton,2022-08,M8,Oscillatoria sp.,18200.0,Tảo gây hại,Oscillatoria sp.,7679569.0,exact
AH_PL,Hồ Ayun Hạ,phytoplankton,2022-08,M9,Oscillatoria sp.,200.0,Tảo gây hại,Oscillatoria sp.,7679569.0,exact
AH_PL,Hồ Ayun Hạ,phytoplankton,2022-08,M1,"Anabaena spiroides Klebahn, 1895",50600.0,Tảo độc,Anabaena spiroides,5427219.0,synonym
AH_PL,Hồ Ayun Hạ,phytoplankton,2022-08,M2,"Anabaena spiroides Klebahn, 1895",70840.0,Tảo độc,Anabaena spiroides,5427219.0,synonym
AH_PL,Hồ Ayun Hạ,phytoplankton,2022-08,M3,"Anabaena spiroides Klebahn, 1895",65320.0,Tảo độc,Anabaena spiroides,5427219.0,synonym
AH_PL,Hồ Ayun Hạ,phytoplankton,2022-08,M4,"Anabaena spiroides Klebahn, 1895",17480.0,Tảo độc,Anabaena spiroides,5427219.0,synonym
AH_PL,Hồ Ayun Hạ,phytoplankton,2022-08,M5,"Anabaena spiroides Klebahn, 1895",6670.0,Tảo độc,Anabaena spiroides,5427219.0,synonym
AH_PL,Hồ Ayun Hạ,phytoplankton,2022-08,M6,"Anabaena spiroides Klebahn, 1895",1170.0,Tảo độc,Anabaena spiroides,5427219.0,synonym
AH_PL,Hồ Ayun Hạ,phytoplankton,2022-08,M7,"Anabaena spiroides Klebahn, 1895",450.0,Tảo độc,Anabaena spiroides,5427219.0,synonym
AH_PL,Hồ Ayun Hạ,phytoplankton,2022-08,M8,"Anabaena spiroides Klebahn, 1895",1350.0,Tảo độc,Anabaena spiroides,5427219.0,synonym
AH_PL,Hồ Ayun Hạ,phytoplankton,2022-08,M9,"Anabaena spiroides Klebahn, 1895",50.0,Tảo độc,Anabaena spiroides,5427219.0,synonym
AH_PL,Hồ Ayun Hạ,phytoplankton,2022-08,M9,"Merismopedia glauca (Ehrenberg) Kützing, 1845",192.0,,Merismopedia glauca,3217188.0,exact
AH_PL,Hồ Ayun Hạ,phytoplankton,2022-08,M1,"Pseudanabaena mucicola (Naumann & Huber-Pestalozzi) Schwabe, 1964",9200.0,Tảo độc,Pseudanabaena mucicola,3218049.0,exact
AH_PL,Hồ Ayun Hạ,phytoplankton,2022-08,M2,"Pseudanabaena mucicola (Naumann & Huber-Pestalozzi) Schwabe, 1964",7200.0,Tảo độc,Pseudanabaena mucicola,3218049.0,exact
AH_PL,Hồ Ayun Hạ,phytoplankton,2022-08,M3,"Pseudanabaena mucicola (Naumann & Huber-Pestalozzi) Schwabe, 1964",23000.0,Tảo độc,Pseudanabaena mucicola,3218049.0,exact
AH_PL,Hồ Ayun Hạ,phytoplankton,2022-08,M4,"Pseudanabaena mucicola (Naumann & Huber-Pestalozzi) Schwabe, 1964",3600.0,Tảo độc,Pseudanabaena mucicola,3218049.0,exact
AH_PL,Hồ Ayun Hạ,phytoplankton,2022-08,M5,"Pseudanabaena mucicola (Naumann & Huber-Pestalozzi) Schwabe, 1964",2700.0,Tảo độc,Pseudanabaena mucicola,3218049.0,exact
AH_PL,Hồ Ayun Hạ,phytoplankton,2022-08,M6,"Cymbella tumida (Brébisson) Van Heurck, 1880",-1.0,,Cymbella tumida,9556824.0,exact
AH_PL,Hồ Ayun Hạ,phytoplankton,2022-08,M7,"Cymbella tumida (Brébisson) Van Heurck, 1880",7.0,,Cymbella tumida,9556824.0,exact
AH_PL,Hồ Ayun Hạ,phytoplankton,2022-08,M1,"Gomphonema gracile Ehrenberg, 1838",2.0,,Gomphonema gracile,7693012.0,exact
AH_PL,Hồ Ayun Hạ,phytoplankton,2022-08,M5,"Gomphonema gracile Ehrenberg, 1838",-1.0,,Gomphonema gracile,7693012.0,exact
AH_PL,Hồ Ayun Hạ,phytoplankton,2022-08,M7,"Gomphonema gracile Ehrenberg, 1838",35.0,,Gomphonema gracile,7693012.0,exact
AH_PL,Hồ Ayun Hạ,phytoplankton,2022-08,M10,"Gomphonema gracile Ehrenberg, 1838",-1.0,,Gomphonema gracile,7693012.0,exact
AH_PL,Hồ Ayun Hạ,phytoplankton,2022-08,M1,"Synedra acus Kützing, 1844",168.0,,Synedra acus,9471011.0,exact
AH_PL,Hồ Ayun Hạ,phytoplankton,2022-08,M2,"Synedra acus Kützing, 1844",168.0,,Synedra acus,9471011.0,exact
AH_PL,Hồ Ayun Hạ,phytoplankton,2022-08,M3,"Synedra acus Kützing, 1844",96.0,,Synedra acus,9471011.0,exact
AH_PL,Hồ Ayun Hạ,phytoplankton,2022-08,M4,"Synedra acus Kützing, 1844",28.0,,Synedra acus,9471011.0,exact
AH_PL,Hồ Ayun Hạ,phytoplankton,2022-08,M5,"Synedra acus Kützing, 1844",84.0,,Synedra acus,9471011.0,exact
AH_PL,Hồ Ayun Hạ,phytoplankton,2022-08,M6,"Synedra acus Kützing, 1844",42.0,,Synedra acus,9471011.0,exact
AH_PL,Hồ Ayun Hạ,phytoplankton,2022-08,M7,"Synedra acus Kützing, 1844",34.0,,Synedra acus,9471011.0,exact
AH_PL,Hồ Ayun Hạ,phytoplankton,2022-08,M8,"Synedra acus Kützing, 1844",84.0,,Synedra acus,9471011.0,exact
AH_PL,Hồ Ayun Hạ,phytoplankton,2022-08,M9,"Synedra acus Kützing, 1844",50.0,,Synedra acus,9471011.0,exact
AH_PL,Hồ Ayun Hạ,phytoplankton,2022-08,M10,"Synedra acus Kützing, 1844",154.0,,Synedra acus,9471011.0,exact
AH_PL,Hồ Ayun Hạ,phytoplankton,2022-08,M5,"Synedra ulna (Nitzsch) Ehrenberg, 1832",21.0,,Synedra ulna,3192457.0,exact
AH_PL,Hồ Ayun Hạ,phytoplankton,2022-08,M6,"Synedra ulna (Nitzsch) Ehrenberg, 1832",-1.0,,Synedra ulna,3192457.0,exact
AH_PL,Hồ Ayun Hạ,phytoplankton,2022-08,M7,"Synedra ulna (Nitzsch) Ehrenberg, 1832",42.0,,Synedra ulna,3192457.0,exact
AH_PL,Hồ Ayun Hạ,phytoplankton,2022-08,M8,"Synedra ulna (Nitzsch) Ehrenberg, 1832",7.0,,Synedra ulna,3192457.0,exact
AH_PL,Hồ Ayun Hạ,phytoplankton,2022-08,M9,"Synedra ulna (Nitzsch) Ehrenberg, 1832",4.0,,Synedra ulna,3192457.0,exact
AH_PL,Hồ Ayun Hạ,phytoplankton,2022-08,M10,"Synedra ulna (Nitzsch) Ehrenberg, 1832",10.0,,Synedra ulna,3192457.0,exact
AH_PL,Hồ Ayun Hạ,phytoplankton,2022-08,M3,"Gyrosigma acuminatum (Kützing) Rabenhorst, 1853",2.0,,Gyrosigma acuminatum,7369131.0,exact
AH_PL,Hồ Ayun Hạ,phytoplankton,2022-08,M6,"Gyrosigma acuminatum (Kützing) Rabenhorst, 1853",6.0,,Gyrosigma acuminatum,7369131.0,exact
AH_PL,Hồ Ayun Hạ,phytoplankton,2022-08,M7,"Gyrosigma acuminatum (Kützing) Rabenhorst, 1853",-1.0,,Gyrosigma acuminatum,7369131.0,exact
AH_PL,Hồ Ayun Hạ,phytoplankton,2022-08,M8,"Gyrosigma acuminatum (Kützing) Rabenhorst, 1853",1.0,,Gyrosigma acuminatum,7369131.0,exact
AH_PL,Hồ Ayun Hạ,phytoplankton,2022-08,M9,"Gyrosigma acuminatum (Kützing) Rabenhorst, 1853",1.0,,Gyrosigma acuminatum,7369131.0,exact
AH_PL,Hồ Ayun Hạ,phytoplankton,2022-08,M10,"Gyrosigma acuminatum (Kützing) Rabenhorst, 1853",2.0,,Gyrosigma acuminatum,7369131.0,exact
AH_PL,Hồ Ayun Hạ,phytoplankton,2022-08,M7,"Pinnularia gibba (Ehrenberg) Ehrenberg, 1843",-1.0,,Pinnularia gibba,8163411.0,exact
AH_PL,Hồ Ayun Hạ,phytoplankton,2022-08,M7,"Pinnularia mesolepta (Ehrenberg) W.Smith, 1853",-1.0,,Pinnularia mesolepta,7527354.0,exact
AH_PL,Hồ Ayun Hạ,phytoplankton,2022-08,M2,Pinnularia sp.,2.0,,Pinnularia sp.,,none
AH_PL,Hồ Ayun Hạ,phytoplankton,2022-08,M3,"Surirella elegans Ehrenberg, 1843",2.0,,Surirella elegans,2632004.0,exact
AH_PL,Hồ Ayun Hạ,phytoplankton,2022-08,M8,"Surirella elegans Ehrenberg, 1843",-1.0,,Surirella elegans,2632004.0,exact
AH_PL,Hồ Ayun Hạ,phytoplankton,2022-08,M10,"Surirella elegans Ehrenberg, 1843",2.0,,Surirella elegans,2632004.0,exact
AH_PL,Hồ Ayun Hạ,phytoplankton,2022-08,M1,"Surirella robusta Ehrenberg, 1841",4.0,,Surirella robusta,7843496.0,exact
AH_PL,Hồ Ayun Hạ,phytoplankton,2022-08,M4,"Surirella robusta Ehrenberg, 1841",-1.0,,Surirella robusta,7843496.0,exact
AH_PL,Hồ Ayun Hạ,phytoplankton,2022-08,M5,"Surirella robusta Ehrenberg, 1841",-1.0,,Surirella robusta,7843496.0,exact
AH_PL,Hồ Ayun Hạ,phytoplankton,2022-08,M6,"Surirella robusta Ehrenberg, 1841",14.0,,Surirella robusta,7843496.0,exact
AH_PL,Hồ Ayun Hạ,phytoplankton,2022-08,M7,"Surirella robusta Ehrenberg, 1841",35.0,,Surirella robusta,7843496.0,exact
AH_PL,Hồ Ayun Hạ,phytoplankton,2022-08,M8,"Surirella robusta Ehrenberg, 1841",1.0,,Surirella robusta,7843496.0,exact
AH_PL,Hồ Ayun Hạ,phytoplankton,2022-08,M9,"Surirella robusta Ehrenberg, 1841",10.0,,Surirella robusta,7843496.0,exact
AH_PL,Hồ Ayun Hạ,phytoplankton,2022-08,M10,"Surirella robusta Ehrenberg, 1841",47.0,,Surirella robusta,7843496.0,exact
AH_PL,Hồ Ayun Hạ,phytoplankton,2022-08,M1,"Melosira granulata (Ehrenberg) Ralfs, 1861",61200.0,,Melosira granulata,9501075.0,exact
AH_PL,Hồ Ayun Hạ,phytoplankton,2022-08,M2,"Melosira granulata (Ehrenberg) Ralfs, 1861",29900.0,,Melosira granulata,9501075.0,exact
AH_PL,Hồ Ayun Hạ,phytoplankton,2022-08,M3,"Melosira granulata (Ehrenberg) Ralfs, 1861",42320.0,,Melosira granulata,9501075.0,exact
AH_PL,Hồ Ayun Hạ,phytoplankton,2022-08,M4,"Melosira granulata (Ehrenberg) Ralfs, 1861",37720.0,,Melosira granulata,9501075.0,exact
AH_PL,Hồ Ayun Hạ,phytoplankton,2022-08,M5,"Melosira granulata (Ehrenberg) Ralfs, 1861",63940.0,,Melosira granulata,9501075.0,exact
AH_PL,Hồ Ayun Hạ,phytoplankton,2022-08,M6,"Melosira granulata (Ehrenberg) Ralfs, 1861",58880.0,,Melosira granulata,9501075.0,exact
AH_PL,Hồ Ayun Hạ,phytoplankton,2022-08,M7,"Melosira granulata (Ehrenberg) Ralfs, 1861",44620.0,,Melosira granulata,9501075.0,exact
AH_PL,Hồ Ayun Hạ,phytoplankton,2022-08,M8,"Melosira granulata (Ehrenberg) Ralfs, 1861",33120.0,,Melosira granulata,9501075.0,exact
AH_PL,Hồ Ayun Hạ,phytoplankton,2022-08,M9,"Melosira granulata (Ehrenberg) Ralfs, 1861",2990.0,,Melosira granulata,9501075.0,exact
AH_PL,Hồ Ayun Hạ,phytoplankton,2022-08,M10,"Melosira granulata (Ehrenberg) Ralfs, 1861",15180.0,,Melosira granulata,9501075.0,exact
AH_PL,Hồ Ayun Hạ,phytoplankton,2022-08,M1,"Sphaerocystis schroeteri Chodat, 1897",7728.0,,Sphaerocystis schroeteri,5271438.0,exact
AH_PL,Hồ Ayun Hạ,phytoplankton,2022-08,M2,"Sphaerocystis schroeteri Chodat, 1897",28704.0,,Sphaerocystis schroeteri,5271438.0,exact
AH_PL,Hồ Ayun Hạ,phytoplankton,2022-08,M3,"Sphaerocystis schroeteri Chodat, 1897",12144.0,,Sphaerocystis schroeteri,5271438.0,exact
AH_PL,Hồ Ayun Hạ,phytoplankton,2022-08,M4,"Sphaerocystis schroeteri Chodat, 1897",12144.0,,Sphaerocystis schroeteri,5271438.0,exact
AH_PL,Hồ Ayun Hạ,phytoplankton,2022-08,M5,"Sphaerocystis schroeteri Chodat, 1897",27048.0,,Sphaerocystis schroeteri,5271438.0,exact
AH_PL,Hồ Ayun Hạ,phytoplankton,2022-08,M6,"Sphaerocystis schroeteri Chodat, 1897",16008.0,,Sphaerocystis schroeteri,5271438.0,exact
AH_PL,Hồ Ayun Hạ,phytoplankton,2022-08,M7,"Sphaerocystis schroeteri Chodat, 1897",6624.0,,Sphaerocystis schroeteri,5271438.0,exact
AH_PL,Hồ Ayun Hạ,phytoplankton,2022-08,M8,"Sphaerocystis schroeteri Chodat, 1897",13248.0,,Sphaerocystis schroeteri,5271438.0,exact
AH_PL,Hồ Ayun Hạ,phytoplankton,2022-08,M9,"Sphaerocystis schroeteri Chodat, 1897",240.0,,Sphaerocystis schroeteri,5271438.0,exact
AH_PL,Hồ Ayun Hạ,phytoplankton,2022-08,M10,"Sphaerocystis schroeteri Chodat, 1897",1176.0,,Sphaerocystis schroeteri,5271438.0,exact
AH_PL,Hồ Ayun Hạ,phytoplankton,2022-08,M1,"Eudorina elegans Ehrenberg, 1832",2944.0,,Eudorina elegans,5271384.0,exact
AH_PL,Hồ Ayun Hạ,phytoplankton,2022-08,M2,"Eudorina elegans Ehrenberg, 1832",2240.0,,Eudorina elegans,5271384.0,exact
AH_PL,Hồ Ayun Hạ,phytoplankton,2022-08,M3,"Eudorina elegans Ehrenberg, 1832",4032.0,,Eudorina elegans,5271384.0,exact
AH_PL,Hồ Ayun Hạ,phytoplankton,2022-08,M4,"Eudorina elegans Ehrenberg, 1832",5632.0,,Eudorina elegans,5271384.0,exact
AH_PL,Hồ Ayun Hạ,phytoplankton,2022-08,M5,"Eudorina elegans Ehrenberg, 1832",15456.0,,Eudorina elegans,5271384.0,exact
AH_PL,Hồ Ayun Hạ,phytoplankton,2022-08,M6,"Eudorina elegans Ehrenberg, 1832",8096.0,,Eudorina elegans,5271384.0,exact
AH_PL,Hồ Ayun Hạ,phytoplankton,2022-08,M7,"Eudorina elegans Ehrenberg, 1832",13248.0,,Eudorina elegans,5271384.0,exact
AH_PL,Hồ Ayun Hạ,phytoplankton,2022-08,M8,"Eudorina elegans Ehrenberg, 1832",7040.0,,Eudorina elegans,5271384.0,exact
AH_PL,Hồ Ayun Hạ,phytoplankton,2022-08,M9,"Eudorina elegans Ehrenberg, 1832",320.0,,Eudorina elegans,5271384.0,exact
AH_PL,Hồ Ayun Hạ,phytoplankton,2022-08,M10,"Eudorina elegans Ehrenberg, 1832",160.0,,Eudorina elegans,5271384.0,exact
AH_PL,Hồ Ayun Hạ,phytoplankton,2022-08,M4,"Pandorina morum (O.F.Müller) Bory, 1826",-1.0,,Pandorina morum,5271376.0,exact
AH_PL,Hồ Ayun Hạ,phytoplankton,2022-08,M5,"Pandorina morum (O.F.Müller) Bory, 1826",-1.0,,Pandorina morum,5271376.0,exact
AH_PL,Hồ Ayun Hạ,phytoplankton,2022-08,M6,"Pandorina morum (O.F.Müller) Bory, 1826",56.0,,Pandorina morum,5271376.0,exact
AH_PL,Hồ Ayun Hạ,phytoplankton,2022-08,M7,"Pandorina morum (O.F.Müller) Bory, 1826",56.0,,Pandorina morum,5271376.0,exact
AH_PL,Hồ Ayun Hạ,phytoplankton,2022-08,M9,"Pandorina morum (O.F.Müller) Bory, 1826",8.0,,Pandorina morum,5271376.0,exact
AH_PL,Hồ Ayun Hạ,phytoplankton,2022-08,M10,"Pandorina morum (O.F.Müller) Bory, 1826",16.0,,Pandorina morum,5271376.0,exact
AH_PL,Hồ Ayun Hạ,phytoplankton,2022-08,M1,"Pediastrum duplex Meyen, 1829",1120.0,,Pediastrum duplex,2641920.0,exact
AH_PL,Hồ Ayun Hạ,phytoplankton,2022-08,M2,"Pediastrum duplex Meyen, 1829",2464.0,,Pediastrum duplex,2641920.0,exact
AH_PL,Hồ Ayun Hạ,phytoplankton,2022-08,M3,"Pediastrum duplex Meyen, 1829",672.0,,Pediastrum duplex,2641920.0,exact
AH_PL,Hồ Ayun Hạ,phytoplankton,2022-08,M4,"Pediastrum duplex Meyen, 1829",672.0,,Pediastrum duplex,2641920.0,exact
AH_PL,Hồ Ayun Hạ,phytoplankton,2022-08,M5,"Pediastrum duplex Meyen, 1829",3680.0,,Pediastrum duplex,2641920.0,exact
AH_PL,Hồ Ayun Hạ,phytoplankton,2022-08,M6,"Pediastrum duplex Meyen, 1829",1936.0,,Pediastrum duplex,2641920.0,exact
AH_PL,Hồ Ayun Hạ,phytoplankton,2022-08,M7,"Pediastrum duplex Meyen, 1829",2464.0,,Pediastrum duplex,2641920.0,exact
AH_PL,Hồ Ayun Hạ,phytoplankton,2022-08,M8,"Pediastrum duplex Meyen, 1829",1120.0,,Pediastrum duplex,2641920.0,exact
AH_PL,Hồ Ayun Hạ,phytoplankton,2022-08,M9,"Pediastrum duplex Meyen, 1829",480.0,,Pediastrum duplex,2641920.0,exact
AH_PL,Hồ Ayun Hạ,phytoplankton,2022-08,M10,"Pediastrum duplex Meyen, 1829",448.0,,Pediastrum duplex,2641920.0,exact
AH_PL,Hồ Ayun Hạ,phytoplankton,2022-08,M1,"Pediastrum simplex Meyen, 1829",7040.0,,Pediastrum simplex,2641899.0,synonym
AH_PL,Hồ Ayun Hạ,phytoplankton,2022-08,M2,"Pediastrum simplex Meyen, 1829",9568.0,,Pediastrum simplex,2641899.0,synonym
AH_PL,Hồ Ayun Hạ,phytoplankton,2022-08,M3,"Pediastrum simplex Meyen, 1829",5984.0,,Pediastrum simplex,2641899.0,synonym
AH_PL,Hồ Ayun Hạ,phytoplankton,2022-08,M4,"Pediastrum simplex Meyen, 1829",3808.0,,Pediastrum simplex,2641899.0,synonym
AH_PL,Hồ Ayun Hạ,phytoplankton,2022-08,M5,"Pediastrum simplex Meyen, 1829",10672.0,,Pediastrum simplex,2641899.0,synonym
AH_PL,Hồ Ayun Hạ,phytoplankton,2022-08,M6,"Pediastrum simplex Meyen, 1829",9568.0,,Pediastrum simplex,2641899.0,synonym
AH_PL,Hồ Ayun Hạ,phytoplankton,2022-08,M7,"Pediastrum simplex Meyen, 1829",5520.0,,Pediastrum simplex,2641899.0,synonym
AH_PL,Hồ Ayun Hạ,phytoplankton,2022-08,M8,"Pediastrum simplex Meyen, 1829",2992.0,,Pediastrum simplex,2641899.0,synonym
AH_PL,Hồ Ayun Hạ,phytoplankton,2022-08,M9,"Pediastrum simplex Meyen, 1829",400.0,,Pediastrum simplex,2641899.0,synonym
AH_PL,Hồ Ayun Hạ,phytoplankton,2022-08,M10,"Pediastrum simplex Meyen, 1829",8096.0,,Pediastrum simplex,2641899.0,synonym
AH_PL,Hồ Ayun Hạ,phytoplankton,2022-08,M1,"Pediastrum tetras (Ehrenberg) Ralfs, 1844",64.0,,Pediastrum tetras,2641911.0,synonym
AH_PL,Hồ Ayun Hạ,phytoplankton,2022-08,M2,"Pediastrum tetras (Ehrenberg) Ralfs, 1844",128.0,,Pediastrum tetras,2641911.0,synonym
AH_PL,Hồ Ayun Hạ,phytoplankton,2022-08,M4,"Pediastrum tetras (Ehrenberg) Ralfs, 1844",64.0,,Pediastrum tetras,2641911.0,synonym
AH_PL,Hồ Ayun Hạ,phytoplankton,2022-08,M5,"Pediastrum tetras (Ehrenberg) Ralfs, 1844",168.0,,Pediastrum tetras,2641911.0,synonym
AH_PL,Hồ Ayun Hạ,phytoplankton,2022-08,M6,"Pediastrum tetras (Ehrenberg) Ralfs, 1844",168.0,,Pediastrum tetras,2641911.0,synonym
AH_PL,Hồ Ayun Hạ,phytoplankton,2022-08,M8,"Pediastrum tetras (Ehrenberg) Ralfs, 1844",16.0,,Pediastrum tetras,2641911.0,synonym
AH_PL,Hồ Ayun Hạ,phytoplankton,2022-08,M10,"Pediastrum tetras (Ehrenberg) Ralfs, 1844",16.0,,Pediastrum tetras,2641911.0,synonym
AH_PL,Hồ Ayun Hạ,phytoplankton,2022-08,M1,"Tetraedron gracile (Reinsch) Hansgirg, 1889",8.0,,Tetraedron gracile,10535837.0,exact
AH_PL,Hồ Ayun Hạ,phytoplankton,2022-08,M2,"Tetraedron gracile (Reinsch) Hansgirg, 1889",14.0,,Tetraedron gracile,10535837.0,exact
AH_PL,Hồ Ayun Hạ,phytoplankton,2022-08,M3,"Tetraedron gracile (Reinsch) Hansgirg, 1889",4.0,,Tetraedron gracile,10535837.0,exact
AH_PL,Hồ Ayun Hạ,phytoplankton,2022-08,M4,"Tetraedron gracile (Reinsch) Hansgirg, 1889",2.0,,Tetraedron gracile,10535837.0,exact
AH_PL,Hồ Ayun Hạ,phytoplankton,2022-08,M5,"Tetraedron gracile (Reinsch) Hansgirg, 1889",5.0,,Tetraedron gracile,10535837.0,exact
AH_PL,Hồ Ayun Hạ,phytoplankton,2022-08,M6,"Tetraedron gracile (Reinsch) Hansgirg, 1889",7.0,,Tetraedron gracile,10535837.0,exact
AH_PL,Hồ Ayun Hạ,phytoplankton,2022-08,M7,"Tetraedron gracile (Reinsch) Hansgirg, 1889",1.0,,Tetraedron gracile,10535837.0,exact
AH_PL,Hồ Ayun Hạ,phytoplankton,2022-08,M8,"Tetraedron gracile (Reinsch) Hansgirg, 1889",-1.0,,Tetraedron gracile,10535837.0,exact
AH_PL,Hồ Ayun Hạ,phytoplankton,2022-08,M9,"Tetraedron gracile (Reinsch) Hansgirg, 1889",-1.0,,Tetraedron gracile,10535837.0,exact
AH_PL,Hồ Ayun Hạ,phytoplankton,2022-08,M10,"Tetraedron gracile (Reinsch) Hansgirg, 1889",2.0,,Tetraedron gracile,10535837.0,exact
AH_PL,Hồ Ayun Hạ,phytoplankton,2022-08,M5,"Tetraëdron incus (Teiling) G.M.Smith, 1926",1.0,,Tetraedron incus,2642397.0,synonym
AH_PL,Hồ Ayun Hạ,phytoplankton,2022-08,M5,"Tetraëdron regulare Kützing, 1845",14.0,,Tetraedron regulare,10604751.0,exact
AH_PL,Hồ Ayun Hạ,phytoplankton,2022-08,M7,"Tetraëdron regulare Kützing, 1845",48.0,,Tetraedron regulare,10604751.0,exact
AH_PL,Hồ Ayun Hạ,phytoplankton,2022-08,M8,"Tetraëdron regulare Kützing, 1845",-1.0,,Tetraedron regulare,10604751.0,exact
AH_PL,Hồ Ayun Hạ,phytoplankton,2022-08,M9,"Tetraëdron regulare Kützing, 1845",1.0,,Tetraedron regulare,10604751.0,exact
AH_PL,Hồ Ayun Hạ,phytoplankton,2022-08,M10,"Tetraëdron regulare Kützing, 1845",3.0,,Tetraedron regulare,10604751.0,exact
AH_PL,Hồ Ayun Hạ,phytoplankton,2022-08,M5,Tetraedron trigonum (Nägeli) Hansgirg,2.0,,Tetraedron trigonum,2642391.0,exact
AH_PL,Hồ Ayun Hạ,phytoplankton,2022-08,M6,Tetraedron trigonum (Nägeli) Hansgirg,12.0,,Tetraedron trigonum,2642391.0,exact
AH_PL,Hồ Ayun Hạ,phytoplankton,2022-08,M7,Tetraedron trigonum (Nägeli) Hansgirg,-1.0,,Tetraedron trigonum,2642391.0,exact
AH_PL,Hồ Ayun Hạ,phytoplankton,2022-08,M8,Tetraedron trigonum (Nägeli) Hansgirg,1.0,,Tetraedron trigonum,2642391.0,exact
AH_PL,Hồ Ayun Hạ,phytoplankton,2022-08,M10,Tetraedron trigonum (Nägeli) Hansgirg,10.0,,Tetraedron trigonum,2642391.0,exact
AH_PL,Hồ Ayun Hạ,phytoplankton,2022-08,M10,"Coelastrum cambricum W.Archer, 1868",80.0,,Coelastrum cambricum,2640987.0,exact
AH_PL,Hồ Ayun Hạ,phytoplankton,2022-08,M1,"Coelastrum microsporum Nägeli, 1849",1792.0,,Coelastrum microsporum,2640979.0,fuzzy
AH_PL,Hồ Ayun Hạ,phytoplankton,2022-08,M2,"Coelastrum microsporum Nägeli, 1849",448.0,,Coelastrum microsporum,2640979.0,fuzzy
AH_PL,Hồ Ayun Hạ,phytoplankton,2022-08,M3,"Coelastrum microsporum Nägeli, 1849",1120.0,,Coelastrum microsporum,2640979.0,fuzzy
AH_PL,Hồ Ayun Hạ,phytoplankton,2022-08,M4,"Coelastrum microsporum Nägeli, 1849",896.0,,Coelastrum microsporum,2640979.0,fuzzy
AH_PL,Hồ Ayun Hạ,phytoplankton,2022-08,M5,"Coelastrum microsporum Nägeli, 1849",896.0,,Coelastrum microsporum,2640979.0,fuzzy
AH_PL,Hồ Ayun Hạ,phytoplankton,2022-08,M6,"Coelastrum microsporum Nägeli, 1849",1008.0,,Coelastrum microsporum,2640979.0,fuzzy
AH_PL,Hồ Ayun Hạ,phytoplankton,2022-08,M7,"Coelastrum microsporum Nägeli, 1849",448.0,,Coelastrum microsporum,2640979.0,fuzzy
AH_PL,Hồ Ayun Hạ,phytoplankton,2022-08,M8,"Coelastrum microsporum Nägeli, 1849",784.0,,Coelastrum microsporum,2640979.0,fuzzy
AH_PL,Hồ Ayun Hạ,phytoplankton,2022-08,M9,"Coelastrum microsporum Nägeli, 1849",80.0,,Coelastrum microsporum,2640979.0,fuzzy
AH_PL,Hồ Ayun Hạ,phytoplankton,2022-08,M10,"Coelastrum microsporum Nägeli, 1849",320.0,,Coelastrum microsporum,2640979.0,fuzzy
AH_PL,Hồ Ayun Hạ,phytoplankton,2022-08,M10,"Dimorphococcus lunatus A.Braun, 1855",-1.0,,Dimorphococcus lunatus,2642013.0,exact
AH_PL,Hồ Ayun Hạ,phytoplankton,2022-08,M8,"Scenedesmus acuminatus (Lagerheim) Chodat, 1902",8.0,,Scenedesmus acuminatus,2640873.0,synonym
AH_PL,Hồ Ayun Hạ,phytoplankton,2022-08,M10,"Scenedesmus acuminatus (Lagerheim) Chodat, 1902",224.0,,Scenedesmus acuminatus,2640873.0,synonym
AH_PL,Hồ Ayun Hạ,phytoplankton,2022-08,M10,"Scenedesmus arcuatus (Lemmermann) Lemmermann, 1899",56.0,,Scenedesmus arcuatus,2640846.0,synonym
AH_PL,Hồ Ayun Hạ,phytoplankton,2022-08,M2,"Scenedesmus bijugatus Kützing, 1834",8.0,,Scenedesmus bijugatus,8795.0,higherrank
AH_PL,Hồ Ayun Hạ,phytoplankton,2022-08,M4,"Scenedesmus bijugatus Kützing, 1834",56.0,,Scenedesmus bijugatus,8795.0,higherrank
AH_PL,Hồ Ayun Hạ,phytoplankton,2022-08,M8,"Scenedesmus bijugatus Kützing, 1834",4.0,,Scenedesmus bijugatus,8795.0,higherrank
AH_PL,Hồ Ayun Hạ,phytoplankton,2022-08,M4,"Scenedesmus quadricauda (Turpin) Brébisson, 1835",8.0,,Scenedesmus quadricauda,7711060.0,exact
AH_PL,Hồ Ayun Hạ,phytoplankton,2022-08,M5,"Scenedesmus quadricauda (Turpin) Brébisson, 1835",28.0,,Scenedesmus quadricauda,7711060.0,exact
AH_PL,Hồ Ayun Hạ,phytoplankton,2022-08,M6,"Scenedesmus quadricauda (Turpin) Brébisson, 1835",84.0,,Scenedesmus quadricauda,7711060.0,exact
AH_PL,Hồ Ayun Hạ,phytoplankton,2022-08,M7,"Scenedesmus quadricauda (Turpin) Brébisson, 1835",20.0,,Scenedesmus quadricauda,7711060.0,exact
AH_PL,Hồ Ayun Hạ,phytoplankton,2022-08,M10,"Scenedesmus quadricauda (Turpin) Brébisson, 1835",28.0,,Scenedesmus quadricauda,7711060.0,exact
AH_PL,Hồ Ayun Hạ,phytoplankton,2022-08,M2,"Ankistrodesmus arcuatus Korshikov, 1953",2.0,,Ankistrodesmus arcuatus,2641579.0,synonym
AH_PL,Hồ Ayun Hạ,phytoplankton,2022-08,M3,"Ankistrodesmus arcuatus Korshikov, 1953",2.0,,Ankistrodesmus arcuatus,2641579.0,synonym
AH_PL,Hồ Ayun Hạ,phytoplankton,2022-08,M5,"Ankistrodesmus arcuatus Korshikov, 1953",5.0,,Ankistrodesmus arcuatus,2641579.0,synonym
AH_PL,Hồ Ayun Hạ,phytoplankton,2022-08,M6,"Ankistrodesmus arcuatus Korshikov, 1953",2.0,,Ankistrodesmus arcuatus,2641579.0,synonym
AH_PL,Hồ Ayun Hạ,phytoplankton,2022-08,M8,"Ankistrodesmus arcuatus Korshikov, 1953",2.0,,Ankistrodesmus arcuatus,2641579.0,synonym
AH_PL,Hồ Ayun Hạ,phytoplankton,2022-08,M9,"Ankistrodesmus arcuatus Korshikov, 1953",3.0,,Ankistrodesmus arcuatus,2641579.0,synonym
AH_PL,Hồ Ayun Hạ,phytoplankton,2022-08,M10,"Ankistrodesmus arcuatus Korshikov, 1953",7.0,,Ankistrodesmus arcuatus,2641579.0,synonym
AH_PL,Hồ Ayun Hạ,phytoplankton,2022-08,M3,"Ankistrodesmus bibraianus (Reinsch) Korshikov, 1953",64.0,,Ankistrodesmus bibraianus,2641191.0,synonym
AH_PL,Hồ Ayun Hạ,phytoplankton,2022-08,M5,"Ankistrodesmus bibraianus (Reinsch) Korshikov, 1953",-1.0,,Ankistrodesmus bibraianus,2641191.0,synonym
AH_PL,Hồ Ayun Hạ,phytoplankton,2022-08,M6,"Ankistrodesmus bibraianus (Reinsch) Korshikov, 1953",32.0,,Ankistrodesmus bibraianus,2641191.0,synonym
AH_PL,Hồ Ayun Hạ,phytoplankton,2022-08,M7,"Ankistrodesmus bibraianus (Reinsch) Korshikov, 1953",40.0,,Ankistrodesmus bibraianus,2641191.0,synonym
AH_PL,Hồ Ayun Hạ,phytoplankton,2022-08,M9,"Ankistrodesmus bibraianus (Reinsch) Korshikov, 1953",16.0,,Ankistrodesmus bibraianus,2641191.0,synonym
AH_PL,Hồ Ayun Hạ,phytoplankton,2022-08,M10,"Ankistrodesmus bibraianus (Reinsch) Korshikov, 1953",48.0,,Ankistrodesmus bibraianus,2641191.0,synonym
AH_PL,Hồ Ayun Hạ,phytoplankton,2022-08,M4,"Ankistrodesmus fusiformis Corda, 1838",24.0,,Ankistrodesmus fusiformis,7699361.0,exact
AH_PL,Hồ Ayun Hạ,phytoplankton,2022-08,M1,"Kirchneriella lunaris (Kirchner) K.Möbius, 1894",864.0,,Kirchneriella lunaris,5271638.0,exact
AH_PL,Hồ Ayun Hạ,phytoplankton,2022-08,M2,"Kirchneriella lunaris (Kirchner) K.Möbius, 1894",1008.0,,Kirchneriella lunaris,5271638.0,exact
AH_PL,Hồ Ayun Hạ,phytoplankton,2022-08,M3,"Kirchneriella lunaris (Kirchner) K.Möbius, 1894",672.0,,Kirchneriella lunaris,5271638.0,exact
AH_PL,Hồ Ayun Hạ,phytoplankton,2022-08,M4,"Kirchneriella lunaris (Kirchner) K.Möbius, 1894",1008.0,,Kirchneriella lunaris,5271638.0,exact
AH_PL,Hồ Ayun Hạ,phytoplankton,2022-08,M5,"Kirchneriella lunaris (Kirchner) K.Möbius, 1894",3864.0,,Kirchneriella lunaris,5271638.0,exact
AH_PL,Hồ Ayun Hạ,phytoplankton,2022-08,M6,"Kirchneriella lunaris (Kirchner) K.Möbius, 1894",3696.0,,Kirchneriella lunaris,5271638.0,exact
AH_PL,Hồ Ayun Hạ,phytoplankton,2022-08,M7,"Kirchneriella lunaris (Kirchner) K.Möbius, 1894",1512.0,,Kirchneriella lunaris,5271638.0,exact
AH_PL,Hồ Ayun Hạ,phytoplankton,2022-08,M8,"Kirchneriella lunaris (Kirchner) K.Möbius, 1894",1176.0,,Kirchneriella lunaris,5271638.0,exact
AH_PL,Hồ Ayun Hạ,phytoplankton,2022-08,M9,"Kirchneriella lunaris (Kirchner) K.Möbius, 1894",240.0,,Kirchneriella lunaris,5271638.0,exact
AH_PL,Hồ Ayun Hạ,phytoplankton,2022-08,M10,"Kirchneriella lunaris (Kirchner) K.Möbius, 1894",336.0,,Kirchneriella lunaris,5271638.0,exact
AH_PL,Hồ Ayun Hạ,phytoplankton,2022-08,M1,"Treubaria triappendiculata C.Bernard, 1908",14.0,,Treubaria triappendiculata,2641423.0,exact
AH_PL,Hồ Ayun Hạ,phytoplankton,2022-08,M2,"Treubaria triappendiculata C.Bernard, 1908",6.0,,Treubaria triappendiculata,2641423.0,exact
AH_PL,Hồ Ayun Hạ,phytoplankton,2022-08,M3,"Treubaria triappendiculata C.Bernard, 1908",28.0,,Treubaria triappendiculata,2641423.0,exact
AH_PL,Hồ Ayun Hạ,phytoplankton,2022-08,M4,"Treubaria triappendiculata C.Bernard, 1908",2.0,,Treubaria triappendiculata,2641423.0,exact
AH_PL,Hồ Ayun Hạ,phytoplankton,2022-08,M5,"Treubaria triappendiculata C.Bernard, 1908",5.0,,Treubaria triappendiculata,2641423.0,exact
AH_PL,Hồ Ayun Hạ,phytoplankton,2022-08,M6,"Treubaria triappendiculata C.Bernard, 1908",7.0,,Treubaria triappendiculata,2641423.0,exact
AH_PL,Hồ Ayun Hạ,phytoplankton,2022-08,M8,"Treubaria triappendiculata C.Bernard, 1908",6.0,,Treubaria triappendiculata,2641423.0,exact
AH_PL,Hồ Ayun Hạ,phytoplankton,2022-08,M9,"Treubaria triappendiculata C.Bernard, 1908",1.0,,Treubaria triappendiculata,2641423.0,exact
AH_PL,Hồ Ayun Hạ,phytoplankton,2022-08,M2,"Actinastrum hantzschii Lagerheim, 1882",80.0,,Actinastrum hantzschii,2638622.0,exact
AH_PL,Hồ Ayun Hạ,phytoplankton,2022-08,M3,"Actinastrum hantzschii Lagerheim, 1882",-1.0,,Actinastrum hantzschii,2638622.0,exact
AH_PL,Hồ Ayun Hạ,phytoplankton,2022-08,M4,"Actinastrum hantzschii Lagerheim, 1882",-1.0,,Actinastrum hantzschii,2638622.0,exact
AH_PL,Hồ Ayun Hạ,phytoplankton,2022-08,M5,"Actinastrum hantzschii Lagerheim, 1882",112.0,,Actinastrum hantzschii,2638622.0,exact
AH_PL,Hồ Ayun Hạ,phytoplankton,2022-08,M6,"Actinastrum hantzschii Lagerheim, 1882",56.0,,Actinastrum hantzschii,2638622.0,exact
AH_PL,Hồ Ayun Hạ,phytoplankton,2022-08,M8,"Actinastrum hantzschii Lagerheim, 1882",56.0,,Actinastrum hantzschii,2638622.0,exact
AH_PL,Hồ Ayun Hạ,phytoplankton,2022-08,M9,"Actinastrum hantzschii Lagerheim, 1882",8.0,,Actinastrum hantzschii,2638622.0,exact
AH_PL,Hồ Ayun Hạ,phytoplankton,2022-08,M10,"Actinastrum hantzschii Lagerheim, 1882",40.0,,Actinastrum hantzschii,2638622.0,exact
AH_PL,Hồ Ayun Hạ,phytoplankton,2022-08,M1,"Chlorella mucosa Korshikov, 1953",16.0,,Chlorella mucosa,8021157.0,synonym
AH_PL,Hồ Ayun Hạ,phytoplankton,2022-08,M2,"Chlorella mucosa Korshikov, 1953",4.0,,Chlorella mucosa,8021157.0,synonym
AH_PL,Hồ Ayun Hạ,phytoplankton,2022-08,M3,"Chlorella mucosa Korshikov, 1953",8.0,,Chlorella mucosa,8021157.0,synonym
AH_PL,Hồ Ayun Hạ,phytoplankton,2022-08,M4,"Chlorella mucosa Korshikov, 1953",4.0,,Chlorella mucosa,8021157.0,synonym
AH_PL,Hồ Ayun Hạ,phytoplankton,2022-08,M5,"Chlorella mucosa Korshikov, 1953",7.0,,Chlorella mucosa,8021157.0,synonym
AH_PL,Hồ Ayun Hạ,phytoplankton,2022-08,M8,"Chlorella mucosa Korshikov, 1953",2.0,,Chlorella mucosa,8021157.0,synonym
AH_PL,Hồ Ayun Hạ,phytoplankton,2022-08,M10,"Chlorella mucosa Korshikov, 1953",1.0,,Chlorella mucosa,8021157.0,synonym
AH_PL,Hồ Ayun Hạ,phytoplankton,2022-08,M1,"Dictyosphaerium pulchellum H.C. Wood, 1873",960.0,,Dictyosphaerium pulchellum,2642006.0,synonym
AH_PL,Hồ Ayun Hạ,phytoplankton,2022-08,M2,"Dictyosphaerium pulchellum H.C. Wood, 1873",320.0,,Dictyosphaerium pulchellum,2642006.0,synonym
AH_PL,Hồ Ayun Hạ,phytoplankton,2022-08,M3,"Dictyosphaerium pulchellum H.C. Wood, 1873",2688.0,,Dictyosphaerium pulchellum,2642006.0,synonym
AH_PL,Hồ Ayun Hạ,phytoplankton,2022-08,M4,"Dictyosphaerium pulchellum H.C. Wood, 1873",7360.0,,Dictyosphaerium pulchellum,2642006.0,synonym
AH_PL,Hồ Ayun Hạ,phytoplankton,2022-08,M5,"Dictyosphaerium pulchellum H.C. Wood, 1873",448.0,,Dictyosphaerium pulchellum,2642006.0,synonym
AH_PL,Hồ Ayun Hạ,phytoplankton,2022-08,M6,"Dictyosphaerium pulchellum H.C. Wood, 1873",1344.0,,Dictyosphaerium pulchellum,2642006.0,synonym
AH_PL,Hồ Ayun Hạ,phytoplankton,2022-08,M7,"Dictyosphaerium pulchellum H.C. Wood, 1873",372.0,,Dictyosphaerium pulchellum,2642006.0,synonym
AH_PL,Hồ Ayun Hạ,phytoplankton,2022-08,M8,"Dictyosphaerium pulchellum H.C. Wood, 1873",896.0,,Dictyosphaerium pulchellum,2642006.0,synonym
AH_PL,Hồ Ayun Hạ,phytoplankton,2022-08,M9,"Dictyosphaerium pulchellum H.C. Wood, 1873",-1.0,,Dictyosphaerium pulchellum,2642006.0,synonym
AH_PL,Hồ Ayun Hạ,phytoplankton,2022-08,M10,"Dictyosphaerium pulchellum H.C. Wood, 1873",224.0,,Dictyosphaerium pulchellum,2642006.0,synonym
AH_PL,Hồ Ayun Hạ,phytoplankton,2022-08,M1,"Micractinium bornhemiense (W.Conrad) Korshikov, 1953",594.0,,Micractinium bornhemiense,2641091.0,exact
AH_PL,Hồ Ayun Hạ,phytoplankton,2022-08,M2,"Micractinium bornhemiense (W.Conrad) Korshikov, 1953",1386.0,,Micractinium bornhemiense,2641091.0,exact
AH_PL,Hồ Ayun Hạ,phytoplankton,2022-08,M3,"Micractinium bornhemiense (W.Conrad) Korshikov, 1953",882.0,,Micractinium bornhemiense,2641091.0,exact
AH_PL,Hồ Ayun Hạ,phytoplankton,2022-08,M4,"Micractinium bornhemiense (W.Conrad) Korshikov, 1953",378.0,,Micractinium bornhemiense,2641091.0,exact
AH_PL,Hồ Ayun Hạ,phytoplankton,2022-08,M5,"Micractinium bornhemiense (W.Conrad) Korshikov, 1953",567.0,,Micractinium bornhemiense,2641091.0,exact
AH_PL,Hồ Ayun Hạ,phytoplankton,2022-08,M6,"Micractinium bornhemiense (W.Conrad) Korshikov, 1953",1134.0,,Micractinium bornhemiense,2641091.0,exact
AH_PL,Hồ Ayun Hạ,phytoplankton,2022-08,M7,"Micractinium bornhemiense (W.Conrad) Korshikov, 1953",27.0,,Micractinium bornhemiense,2641091.0,exact
AH_PL,Hồ Ayun Hạ,phytoplankton,2022-08,M8,"Micractinium bornhemiense (W.Conrad) Korshikov, 1953",81.0,,Micractinium bornhemiense,2641091.0,exact
AH_PL,Hồ Ayun Hạ,phytoplankton,2022-08,M9,"Micractinium bornhemiense (W.Conrad) Korshikov, 1953",360.0,,Micractinium bornhemiense,2641091.0,exact
AH_PL,Hồ Ayun Hạ,phytoplankton,2022-08,M10,"Micractinium bornhemiense (W.Conrad) Korshikov, 1953",504.0,,Micractinium bornhemiense,2641091.0,exact
AH_PL,Hồ Ayun Hạ,phytoplankton,2022-08,M1,"Micractinium pusillum Fresenius, 1858",-1.0,,Micractinium pusillum,2641082.0,exact
AH_PL,Hồ Ayun Hạ,phytoplankton,2022-08,M2,"Micractinium pusillum Fresenius, 1858",64.0,,Micractinium pusillum,2641082.0,exact
AH_PL,Hồ Ayun Hạ,phytoplankton,2022-08,M1,"Nephrocytium agardhianum Nägeli, 1849",192.0,,Nephrocytium agardhianum,2641568.0,exact
AH_PL,Hồ Ayun Hạ,phytoplankton,2022-08,M2,"Nephrocytium agardhianum Nägeli, 1849",252.0,,Nephrocytium agardhianum,2641568.0,exact
AH_PL,Hồ Ayun Hạ,phytoplankton,2022-08,M3,"Nephrocytium agardhianum Nägeli, 1849",224.0,,Nephrocytium agardhianum,2641568.0,exact
AH_PL,Hồ Ayun Hạ,phytoplankton,2022-08,M4,"Nephrocytium agardhianum Nägeli, 1849",224.0,,Nephrocytium agardhianum,2641568.0,exact
AH_PL,Hồ Ayun Hạ,phytoplankton,2022-08,M5,"Nephrocytium agardhianum Nägeli, 1849",392.0,,Nephrocytium agardhianum,2641568.0,exact
AH_PL,Hồ Ayun Hạ,phytoplankton,2022-08,M6,"Nephrocytium agardhianum Nägeli, 1849",280.0,,Nephrocytium agardhianum,2641568.0,exact
AH_PL,Hồ Ayun Hạ,phytoplankton,2022-08,M7,"Nephrocytium agardhianum Nägeli, 1849",224.0,,Nephrocytium agardhianum,2641568.0,exact
AH_PL,Hồ Ayun Hạ,phytoplankton,2022-08,M8,"Nephrocytium agardhianum Nägeli, 1849",504.0,,Nephrocytium agardhianum,2641568.0,exact
AH_PL,Hồ Ayun Hạ,phytoplankton,2022-08,M9,"Nephrocytium agardhianum Nägeli, 1849",40.0,,Nephrocytium agardhianum,2641568.0,exact
AH_PL,Hồ Ayun Hạ,phytoplankton,2022-08,M1,Oocystis sp.,216.0,,Oocystis sp.,2641454.0,exact
AH_PL,Hồ Ayun Hạ,phytoplankton,2022-08,M2,Oocystis sp.,392.0,,Oocystis sp.,2641454.0,exact
AH_PL,Hồ Ayun Hạ,phytoplankton,2022-08,M3,Oocystis sp.,168.0,,Oocystis sp.,2641454.0,exact
AH_PL,Hồ Ayun Hạ,phytoplankton,2022-08,M4,Oocystis sp.,400.0,,Oocystis sp.,2641454.0,exact
AH_PL,Hồ Ayun Hạ,phytoplankton,2022-08,M5,Oocystis sp.,224.0,,Oocystis sp.,2641454.0,exact
AH_PL,Hồ Ayun Hạ,phytoplankton,2022-08,M6,Oocystis sp.,16.0,,Oocystis sp.,2641454.0,exact
AH_PL,Hồ Ayun Hạ,phytoplankton,2022-08,M8,Oocystis sp.,196.0,,Oocystis sp.,2641454.0,exact
AH_PL,Hồ Ayun Hạ,phytoplankton,2022-08,M9,Oocystis sp.,60.0,,Oocystis sp.,2641454.0,exact
AH_PL,Hồ Ayun Hạ,phytoplankton,2022-08,M10,Oocystis sp.,56.0,,Oocystis sp.,2641454.0,exact
AH_PL,Hồ Ayun Hạ,phytoplankton,2022-08,M3,"Crucigenia fenestrata (Schmidle) Schmidle, 1900",-1.0,,Crucigenia fenestrata,2641022.0,exact
AH_PL,Hồ Ayun Hạ,phytoplankton,2022-08,M4,"Crucigenia fenestrata (Schmidle) Schmidle, 1900",224.0,,Crucigenia fenestrata,2641022.0,exact
AH_PL,Hồ Ayun Hạ,phytoplankton,2022-08,M6,"Crucigenia fenestrata (Schmidle) Schmidle, 1900",16.0,,Crucigenia fenestrata,2641022.0,exact
AH_PL,Hồ Ayun Hạ,phytoplankton,2022-08,M7,"Crucigenia fenestrata (Schmidle) Schmidle, 1900",80.0,,Crucigenia fenestrata,2641022.0,exact
AH_PL,Hồ Ayun Hạ,phytoplankton,2022-08,M10,"Crucigenia fenestrata (Schmidle) Schmidle, 1900",224.0,,Crucigenia fenestrata,2641022.0,exact
AH_PL,Hồ Ayun Hạ,phytoplankton,2022-08,M2,"Ulothrix fimbriata Bold, 1958",40.0,,Ulothrix fimbriata,2646309.0,exact
AH_PL,Hồ Ayun Hạ,phytoplankton,2022-08,M4,"Ulothrix fimbriata Bold, 1958",100.0,,Ulothrix fimbriata,2646309.0,exact
AH_PL,Hồ Ayun Hạ,phytoplankton,2022-08,M10,"Ulothrix fimbriata Bold, 1958",30.0,,Ulothrix fimbriata,2646309.0,exact
AH_PL,Hồ Ayun Hạ,phytoplankton,2022-08,M5,"Closterium acerosum Ehrenberg ex Ralfs, 1848",12.0,,Closterium acerosum,7850845.0,exact
AH_PL,Hồ Ayun Hạ,phytoplankton,2022-08,M6,"Closterium acerosum Ehrenberg ex Ralfs, 1848",28.0,,Closterium acerosum,7850845.0,exact
AH_PL,Hồ Ayun Hạ,phytoplankton,2022-08,M7,"Closterium acerosum Ehrenberg ex Ralfs, 1848",68.0,,Closterium acerosum,7850845.0,exact
AH_PL,Hồ Ayun Hạ,phytoplankton,2022-08,M10,"Closterium acerosum Ehrenberg ex Ralfs, 1848",2.0,,Closterium acerosum,7850845.0,exact
AH_PL,Hồ Ayun Hạ,phytoplankton,2022-08,M4,"Closterium cornu Ehrenberg ex Ralfs, 1848",-1.0,,Closterium cornu,7638155.0,exact
AH_PL,Hồ Ayun Hạ,phytoplankton,2022-08,M5,"Closterium cornu Ehrenberg ex Ralfs, 1848",10.0,,Closterium cornu,7638155.0,exact
AH_PL,Hồ Ayun Hạ,phytoplankton,2022-08,M6,"Closterium cornu Ehrenberg ex Ralfs, 1848",14.0,,Closterium cornu,7638155.0,exact
AH_PL,Hồ Ayun Hạ,phytoplankton,2022-08,M7,"Closterium cornu Ehrenberg ex Ralfs, 1848",20.0,,Closterium cornu,7638155.0,exact
AH_PL,Hồ Ayun Hạ,phytoplankton,2022-08,M8,"Closterium cornu Ehrenberg ex Ralfs, 1848",14.0,,Closterium cornu,7638155.0,exact
AH_PL,Hồ Ayun Hạ,phytoplankton,2022-08,M9,"Closterium cornu Ehrenberg ex Ralfs, 1848",30.0,,Closterium cornu,7638155.0,exact
AH_PL,Hồ Ayun Hạ,phytoplankton,2022-08,M10,"Closterium cornu Ehrenberg ex Ralfs, 1848",12.0,,Closterium cornu,7638155.0,exact
AH_PL,Hồ Ayun Hạ,phytoplankton,2022-08,M5,"Closterium ehrenbergii Meneghini ex Ralfs, 1848",2.0,,Closterium ehrenbergii,2646590.0,exact
AH_PL,Hồ Ayun Hạ,phytoplankton,2022-08,M6,"Closterium ehrenbergii Meneghini ex Ralfs, 1848",12.0,,Closterium ehrenbergii,2646590.0,exact
AH_PL,Hồ Ayun Hạ,phytoplankton,2022-08,M7,"Closterium ehrenbergii Meneghini ex Ralfs, 1848",4.0,,Closterium ehrenbergii,2646590.0,exact
AH_PL,Hồ Ayun Hạ,phytoplankton,2022-08,M8,"Closterium ehrenbergii Meneghini ex Ralfs, 1848",2.0,,Closterium ehrenbergii,2646590.0,exact
AH_PL,Hồ Ayun Hạ,phytoplankton,2022-08,M9,"Closterium ehrenbergii Meneghini ex Ralfs, 1848",-1.0,,Closterium ehrenbergii,2646590.0,exact
AH_PL,Hồ Ayun Hạ,phytoplankton,2022-08,M10,"Closterium ehrenbergii Meneghini ex Ralfs, 1848",4.0,,Closterium ehrenbergii,2646590.0,exact
AH_PL,Hồ Ayun Hạ,phytoplankton,2022-08,M9,"Closterium gracile Brébisson ex Ralfs, 1848",2.0,,Closterium gracile,2646362.0,exact
AH_PL,Hồ Ayun Hạ,phytoplankton,2022-08,M10,"Closterium gracile Brébisson ex Ralfs, 1848",2.0,,Closterium gracile,2646362.0,exact
AH_PL,Hồ Ayun Hạ,phytoplankton,2022-08,M9,"Closterium kuetzingii Brébisson, 1856",-1.0,,Closterium kuetzingii,2646494.0,exact
AH_PL,Hồ Ayun Hạ,phytoplankton,2022-08,M1,"Arthrodesmus convergens Ehrenberg ex Ralfs, 1848",4.0,,Arthrodesmus convergens,7819616.0,higherrank
AH_PL,Hồ Ayun Hạ,phytoplankton,2022-08,M2,"Arthrodesmus convergens Ehrenberg ex Ralfs, 1848",-1.0,,Arthrodesmus convergens,7819616.0,higherrank
AH_PL,Hồ Ayun Hạ,phytoplankton,2022-08,M3,"Arthrodesmus convergens Ehrenberg ex Ralfs, 1848",4.0,,Arthrodesmus convergens,7819616.0,higherrank
AH_PL,Hồ Ayun Hạ,phytoplankton,2022-08,M5,"Arthrodesmus convergens Ehrenberg ex Ralfs, 1848",-1.0,,Arthrodesmus convergens,7819616.0,higherrank
AH_PL,Hồ Ayun Hạ,phytoplankton,2022-08,M3,"Cosmarium botrytis Meneghini ex Ralfs, 1848",4.0,,Cosmarium botrytis,5274595.0,exact
AH_PL,Hồ Ayun Hạ,phytoplankton,2022-08,M8,"Cosmarium botrytis Meneghini ex Ralfs, 1848",2.0,,Cosmarium botrytis,5274595.0,exact
AH_PL,Hồ Ayun Hạ,phytoplankton,2022-08,M9,"Cosmarium botrytis Meneghini ex Ralfs, 1848",-1.0,,Cosmarium botrytis,5274595.0,exact
AH_PL,Hồ Ayun Hạ,phytoplankton,2022-08,M1,"Cosmarium contractum Kirchner, 1878",132.0,,Cosmarium contractum,5274443.0,exact
AH_PL,Hồ Ayun Hạ,phytoplankton,2022-08,M2,"Cosmarium contractum Kirchner, 1878",616.0,,Cosmarium contractum,5274443.0,exact
AH_PL,Hồ Ayun Hạ,phytoplankton,2022-08,M3,"Cosmarium contractum Kirchner, 1878",440.0,,Cosmarium contractum,5274443.0,exact
AH_PL,Hồ Ayun Hạ,phytoplankton,2022-08,M4,"Cosmarium contractum Kirchner, 1878",252.0,,Cosmarium contractum,5274443.0,exact
AH_PL,Hồ Ayun Hạ,phytoplankton,2022-08,M5,"Cosmarium contractum Kirchner, 1878",484.0,,Cosmarium contractum,5274443.0,exact
AH_PL,Hồ Ayun Hạ,phytoplankton,2022-08,M6,"Cosmarium contractum Kirchner, 1878",98.0,,Cosmarium contractum,5274443.0,exact
AH_PL,Hồ Ayun Hạ,phytoplankton,2022-08,M7,"Cosmarium contractum Kirchner, 1878",60.0,,Cosmarium contractum,5274443.0,exact
AH_PL,Hồ Ayun Hạ,phytoplankton,2022-08,M8,"Cosmarium contractum Kirchner, 1878",220.0,,Cosmarium contractum,5274443.0,exact
AH_PL,Hồ Ayun Hạ,phytoplankton,2022-08,M9,"Cosmarium contractum Kirchner, 1878",10.0,,Cosmarium contractum,5274443.0,exact
AH_PL,Hồ Ayun Hạ,phytoplankton,2022-08,M10,"Cosmarium contractum Kirchner, 1878",10.0,,Cosmarium contractum,5274443.0,exact
AH_PL,Hồ Ayun Hạ,phytoplankton,2022-08,M2,"Cosmarium granatum Brébisson ex Ralfs, 1848",4.0,,Cosmarium granatum,8039125.0,exact
AH_PL,Hồ Ayun Hạ,phytoplankton,2022-08,M4,"Cosmarium granatum Brébisson ex Ralfs, 1848",-1.0,,Cosmarium granatum,8039125.0,exact
AH_PL,Hồ Ayun Hạ,phytoplankton,2022-08,M5,"Cosmarium granatum Brébisson ex Ralfs, 1848",2.0,,Cosmarium granatum,8039125.0,exact
AH_PL,Hồ Ayun Hạ,phytoplankton,2022-08,M7,"Cosmarium granatum Brébisson ex Ralfs, 1848",28.0,,Cosmarium granatum,8039125.0,exact
AH_PL,Hồ Ayun Hạ,phytoplankton,2022-08,M8,"Cosmarium granatum Brébisson ex Ralfs, 1848",2.0,,Cosmarium granatum,8039125.0,exact
AH_PL,Hồ Ayun Hạ,phytoplankton,2022-08,M1,"Cosmarium lundellii Delponte, 1877",4.0,,Cosmarium lundellii,5274185.0,exact
AH_PL,Hồ Ayun Hạ,phytoplankton,2022-08,M3,"Cosmarium lundellii Delponte, 1877",8.0,,Cosmarium lundellii,5274185.0,exact
AH_PL,Hồ Ayun Hạ,phytoplankton,2022-08,M4,"Cosmarium lundellii Delponte, 1877",4.0,,Cosmarium lundellii,5274185.0,exact
AH_PL,Hồ Ayun Hạ,phytoplankton,2022-08,M5,"Cosmarium lundellii Delponte, 1877",2.0,,Cosmarium lundellii,5274185.0,exact
AH_PL,Hồ Ayun Hạ,phytoplankton,2022-08,M6,"Cosmarium lundellii Delponte, 1877",14.0,,Cosmarium lundellii,5274185.0,exact
AH_PL,Hồ Ayun Hạ,phytoplankton,2022-08,M7,"Cosmarium lundellii Delponte, 1877",10.0,,Cosmarium lundellii,5274185.0,exact
AH_PL,Hồ Ayun Hạ,phytoplankton,2022-08,M8,"Cosmarium lundellii Delponte, 1877",4.0,,Cosmarium lundellii,5274185.0,exact
AH_PL,Hồ Ayun Hạ,phytoplankton,2022-08,M10,"Cosmarium lundellii Delponte, 1877",4.0,,Cosmarium lundellii,5274185.0,exact
AH_PL,Hồ Ayun Hạ,phytoplankton,2022-08,M4,"Cosmarium margaritatum (P.Lundell) J.Roy & Bisset, 1886",4.0,,Cosmarium margaritatum,5273970.0,exact
AH_PL,Hồ Ayun Hạ,phytoplankton,2022-08,M5,"Cosmarium margaritatum (P.Lundell) J.Roy & Bisset, 1886",10.0,,Cosmarium margaritatum,5273970.0,exact
AH_PL,Hồ Ayun Hạ,phytoplankton,2022-08,M6,"Cosmarium margaritatum (P.Lundell) J.Roy & Bisset, 1886",4.0,,Cosmarium margaritatum,5273970.0,exact
AH_PL,Hồ Ayun Hạ,phytoplankton,2022-08,M7,"Cosmarium margaritatum (P.Lundell) J.Roy & Bisset, 1886",14.0,,Cosmarium margaritatum,5273970.0,exact
AH_PL,Hồ Ayun Hạ,phytoplankton,2022-08,M10,"Cosmarium margaritatum (P.Lundell) J.Roy & Bisset, 1886",10.0,,Cosmarium margaritatum,5273970.0,exact
AH_PL,Hồ Ayun Hạ,phytoplankton,2022-08,M3,"Euastrum spinulosum Delponte, 1876",4.0,,Euastrum spinulosum,2648424.0,exact
AH_PL,Hồ Ayun Hạ,phytoplankton,2022-08,M5,"Euastrum spinulosum Delponte, 1876",2.0,,Euastrum spinulosum,2648424.0,exact
AH_PL,Hồ Ayun Hạ,phytoplankton,2022-08,M6,"Euastrum spinulosum Delponte, 1876",2.0,,Euastrum spinulosum,2648424.0,exact
AH_PL,Hồ Ayun Hạ,phytoplankton,2022-08,M7,"Euastrum spinulosum Delponte, 1876",12.0,,Euastrum spinulosum,2648424.0,exact
AH_PL,Hồ Ayun Hạ,phytoplankton,2022-08,M8,"Euastrum spinulosum Delponte, 1876",10.0,,Euastrum spinulosum,2648424.0,exact
AH_PL,Hồ Ayun Hạ,phytoplankton,2022-08,M9,"Euastrum spinulosum Delponte, 1876",-1.0,,Euastrum spinulosum,2648424.0,exact
AH_PL,Hồ Ayun Hạ,phytoplankton,2022-08,M10,"Euastrum spinulosum Delponte, 1876",2.0,,Euastrum spinulosum,2648424.0,exact
AH_PL,Hồ Ayun Hạ,phytoplankton,2022-08,M1,"Spondylosium planum (Wolle) West & G.S.West, 1912",-1.0,,Spondylosium planum,2649829.0,exact
AH_PL,Hồ Ayun Hạ,phytoplankton,2022-08,M2,"Spondylosium planum (Wolle) West & G.S.West, 1912",32.0,,Spondylosium planum,2649829.0,exact
AH_PL,Hồ Ayun Hạ,phytoplankton,2022-08,M6,"Spondylosium planum (Wolle) West & G.S.West, 1912",28.0,,Spondylosium planum,2649829.0,exact
AH_PL,Hồ Ayun Hạ,phytoplankton,2022-08,M8,"Spondylosium planum (Wolle) West & G.S.West, 1912",20.0,,Spondylosium planum,2649829.0,exact
AH_PL,Hồ Ayun Hạ,phytoplankton,2022-08,M1,"Staurastrum megacanthum P.Lundell, 1871",136.0,,Staurastrum megacanthum,2647386.0,synonym
AH_PL,Hồ Ayun Hạ,phytoplankton,2022-08,M2,"Staurastrum megacanthum P.Lundell, 1871",396.0,,Staurastrum megacanthum,2647386.0,synonym
AH_PL,Hồ Ayun Hạ,phytoplankton,2022-08,M3,"Staurastrum megacanthum P.Lundell, 1871",312.0,,Staurastrum megacanthum,2647386.0,synonym
AH_PL,Hồ Ayun Hạ,phytoplankton,2022-08,M4,"Staurastrum megacanthum P.Lundell, 1871",196.0,,Staurastrum megacanthum,2647386.0,synonym
AH_PL,Hồ Ayun Hạ,phytoplankton,2022-08,M5,"Staurastrum megacanthum P.Lundell, 1871",154.0,,Staurastrum megacanthum,2647386.0,synonym
AH_PL,Hồ Ayun Hạ,phytoplankton,2022-08,M6,"Staurastrum megacanthum P.Lundell, 1871",42.0,,Staurastrum megacanthum,2647386.0,synonym
AH_PL,Hồ Ayun Hạ,phytoplankton,2022-08,M7,"Staurastrum megacanthum P.Lundell, 1871",28.0,,Staurastrum megacanthum,2647386.0,synonym
AH_PL,Hồ Ayun Hạ,phytoplankton,2022-08,M8,"Staurastrum megacanthum P.Lundell, 1871",154.0,,Staurastrum megacanthum,2647386.0,synonym
AH_PL,Hồ Ayun Hạ,phytoplankton,2022-08,M9,"Staurastrum megacanthum P.Lundell, 1871",2.0,,Staurastrum megacanthum,2647386.0,synonym
AH_PL,Hồ Ayun Hạ,phytoplankton,2022-08,M10,"Staurastrum megacanthum P.Lundell, 1871",-1.0,,Staurastrum megacanthum,2647386.0,synonym
AH_PL,Hồ Ayun Hạ,phytoplankton,2022-08,M1,"Staurastrum natator West, 1892",1540.0,,Staurastrum natator,2648127.0,exact
AH_PL,Hồ Ayun Hạ,phytoplankton,2022-08,M2,"Staurastrum natator West, 1892",2300.0,,Staurastrum natator,2648127.0,exact
AH_PL,Hồ Ayun Hạ,phytoplankton,2022-08,M3,"Staurastrum natator West, 1892",1008.0,,Staurastrum natator,2648127.0,exact
AH_PL,Hồ Ayun Hạ,phytoplankton,2022-08,M4,"Staurastrum natator West, 1892",528.0,,Staurastrum natator,2648127.0,exact
AH_PL,Hồ Ayun Hạ,phytoplankton,2022-08,M5,"Staurastrum natator West, 1892",1426.0,,Staurastrum natator,2648127.0,exact
AH_PL,Hồ Ayun Hạ,phytoplankton,2022-08,M6,"Staurastrum natator West, 1892",550.0,,Staurastrum natator,2648127.0,exact
AH_PL,Hồ Ayun Hạ,phytoplankton,2022-08,M7,"Staurastrum natator West, 1892",336.0,,Staurastrum natator,2648127.0,exact
AH_PL,Hồ Ayun Hạ,phytoplankton,2022-08,M8,"Staurastrum natator West, 1892",462.0,,Staurastrum natator,2648127.0,exact
AH_PL,Hồ Ayun Hạ,phytoplankton,2022-08,M9,"Staurastrum natator West, 1892",40.0,,Staurastrum natator,2648127.0,exact
AH_PL,Hồ Ayun Hạ,phytoplankton,2022-08,M10,"Staurastrum natator West, 1892",112.0,,Staurastrum natator,2648127.0,exact
AH_PL,Hồ Ayun Hạ,phytoplankton,2022-08,M5,"Staurastrum ophiura P.Lundell, 1871",2.0,,Staurastrum ophiura,2647965.0,exact
AH_PL,Hồ Ayun Hạ,phytoplankton,2022-08,M6,"Staurastrum ophiura P.Lundell, 1871",4.0,,Staurastrum ophiura,2647965.0,exact
AH_PL,Hồ Ayun Hạ,phytoplankton,2022-08,M7,"Staurastrum ophiura P.Lundell, 1871",20.0,,Staurastrum ophiura,2647965.0,exact
AH_PL,Hồ Ayun Hạ,phytoplankton,2022-08,M9,"Staurastrum ophiura P.Lundell, 1871",2.0,,Staurastrum ophiura,2647965.0,exact
AH_PL,Hồ Ayun Hạ,phytoplankton,2022-08,M10,"Staurastrum ophiura P.Lundell, 1871",2.0,,Staurastrum ophiura,2647965.0,exact
AH_PL,Hồ Ayun Hạ,phytoplankton,2022-08,M1,"Staurastrum protectum West & G.S.West, 1908",924.0,,Staurastrum protectum,2647840.0,exact
AH_PL,Hồ Ayun Hạ,phytoplankton,2022-08,M2,"Staurastrum protectum West & G.S.West, 1908",880.0,,Staurastrum protectum,2647840.0,exact
AH_PL,Hồ Ayun Hạ,phytoplankton,2022-08,M3,"Staurastrum protectum West & G.S.West, 1908",660.0,,Staurastrum protectum,2647840.0,exact
AH_PL,Hồ Ayun Hạ,phytoplankton,2022-08,M4,"Staurastrum protectum West & G.S.West, 1908",572.0,,Staurastrum protectum,2647840.0,exact
AH_PL,Hồ Ayun Hạ,phytoplankton,2022-08,M5,"Staurastrum protectum West & G.S.West, 1908",644.0,,Staurastrum protectum,2647840.0,exact
AH_PL,Hồ Ayun Hạ,phytoplankton,2022-08,M6,"Staurastrum protectum West & G.S.West, 1908",84.0,,Staurastrum protectum,2647840.0,exact
AH_PL,Hồ Ayun Hạ,phytoplankton,2022-08,M7,"Staurastrum protectum West & G.S.West, 1908",28.0,,Staurastrum protectum,2647840.0,exact
AH_PL,Hồ Ayun Hạ,phytoplankton,2022-08,M8,"Staurastrum protectum West & G.S.West, 1908",330.0,,Staurastrum protectum,2647840.0,exact
AH_PL,Hồ Ayun Hạ,phytoplankton,2022-08,M9,"Staurastrum protectum West & G.S.West, 1908",20.0,,Staurastrum protectum,2647840.0,exact
AH_PL,Hồ Ayun Hạ,phytoplankton,2022-08,M10,"Staurastrum protectum West & G.S.West, 1908",28.0,,Staurastrum protectum,2647840.0,exact
AH_PL,Hồ Ayun Hạ,phytoplankton,2022-08,M1,Staurastrum sp.,308.0,,Staurastrum sp.,2647648.0,exact
AH_PL,Hồ Ayun Hạ,phytoplankton,2022-08,M2,Staurastrum sp.,792.0,,Staurastrum sp.,2647648.0,exact
AH_PL,Hồ Ayun Hạ,phytoplankton,2022-08,M3,Staurastrum sp.,748.0,,Staurastrum sp.,2647648.0,exact
AH_PL,Hồ Ayun Hạ,phytoplankton,2022-08,M4,Staurastrum sp.,440.0,,Staurastrum sp.,2647648.0,exact
AH_PL,Hồ Ayun Hạ,phytoplankton,2022-08,M5,Staurastrum sp.,874.0,,Staurastrum sp.,2647648.0,exact
AH_PL,Hồ Ayun Hạ,phytoplankton,2022-08,M6,Staurastrum sp.,140.0,,Staurastrum sp.,2647648.0,exact
AH_PL,Hồ Ayun Hạ,phytoplankton,2022-08,M7,Staurastrum sp.,126.0,,Staurastrum sp.,2647648.0,exact
AH_PL,Hồ Ayun Hạ,phytoplankton,2022-08,M8,Staurastrum sp.,352.0,,Staurastrum sp.,2647648.0,exact
AH_PL,Hồ Ayun Hạ,phytoplankton,2022-08,M9,Staurastrum sp.,20.0,,Staurastrum sp.,2647648.0,exact
AH_PL,Hồ Ayun Hạ,phytoplankton,2022-08,M10,Staurastrum sp.,14.0,,Staurastrum sp.,2647648.0,exact
AH_PL,Hồ Ayun Hạ,phytoplankton,2022-08,M1,"Staurastrum vaasii A.M.Scott & Prescott, 1961",196.0,,Staurastrum vaasii,2647648.0,higherrank
AH_PL,Hồ Ayun Hạ,phytoplankton,2022-08,M2,"Staurastrum vaasii A.M.Scott & Prescott, 1961",1196.0,,Staurastrum vaasii,2647648.0,higherrank
AH_PL,Hồ Ayun Hạ,phytoplankton,2022-08,M3,"Staurastrum vaasii A.M.Scott & Prescott, 1961",528.0,,Staurastrum vaasii,2647648.0,higherrank
AH_PL,Hồ Ayun Hạ,phytoplankton,2022-08,M4,"Staurastrum vaasii A.M.Scott & Prescott, 1961",280.0,,Staurastrum vaasii,2647648.0,higherrank
AH_PL,Hồ Ayun Hạ,phytoplankton,2022-08,M5,"Staurastrum vaasii A.M.Scott & Prescott, 1961",644.0,,Staurastrum vaasii,2647648.0,higherrank
AH_PL,Hồ Ayun Hạ,phytoplankton,2022-08,M6,"Staurastrum vaasii A.M.Scott & Prescott, 1961",176.0,,Staurastrum vaasii,2647648.0,higherrank
AH_PL,Hồ Ayun Hạ,phytoplankton,2022-08,M7,"Staurastrum vaasii A.M.Scott & Prescott, 1961",126.0,,Staurastrum vaasii,2647648.0,higherrank
AH_PL,Hồ Ayun Hạ,phytoplankton,2022-08,M8,"Staurastrum vaasii A.M.Scott & Prescott, 1961",220.0,,Staurastrum vaasii,2647648.0,higherrank
AH_PL,Hồ Ayun Hạ,phytoplankton,2022-08,M9,"Staurastrum vaasii A.M.Scott & Prescott, 1961",8.0,,Staurastrum vaasii,2647648.0,higherrank
AH_PL,Hồ Ayun Hạ,phytoplankton,2022-08,M10,"Staurastrum vaasii A.M.Scott & Prescott, 1961",42.0,,Staurastrum vaasii,2647648.0,higherrank
AH_PL,Hồ Ayun Hạ,phytoplankton,2022-08,M6,"Euglena acus (O.F.Müller) Ehrenberg, 1830",7.0,,Euglena acus,3209828.0,synonym
AH_PL,Hồ Ayun Hạ,phytoplankton,2022-08,M7,"Euglena acus (O.F.Müller) Ehrenberg, 1830",5.0,,Euglena acus,3209828.0,synonym
AH_PL,Hồ Ayun Hạ,phytoplankton,2022-08,M9,"Euglena acus (O.F.Müller) Ehrenberg, 1830",1.0,,Euglena acus,3209828.0,synonym
AH_PL,Hồ Ayun Hạ,phytoplankton,2022-08,M10,"Euglena acus (O.F.Müller) Ehrenberg, 1830",14.0,,Euglena acus,3209828.0,synonym
AH_PL,Hồ Ayun Hạ,phytoplankton,2022-08,M2,"Euglena ehrenbergii Klebs, 1883",-1.0,,Euglena ehrenbergii,7655170.0,exact
AH_PL,Hồ Ayun Hạ,phytoplankton,2022-08,M4,"Euglena ehrenbergii Klebs, 1883",2.0,,Euglena ehrenbergii,7655170.0,exact
AH_PL,Hồ Ayun Hạ,phytoplankton,2022-08,M5,"Euglena ehrenbergii Klebs, 1883",2.0,,Euglena ehrenbergii,7655170.0,exact
AH_PL,Hồ Ayun Hạ,phytoplankton,2022-08,M6,"Euglena ehrenbergii Klebs, 1883",6.0,,Euglena ehrenbergii,7655170.0,exact
AH_PL,Hồ Ayun Hạ,phytoplankton,2022-08,M7,"Euglena ehrenbergii Klebs, 1883",7.0,,Euglena ehrenbergii,7655170.0,exact
AH_PL,Hồ Ayun Hạ,phytoplankton,2022-08,M8,"Euglena ehrenbergii Klebs, 1883",1.0,,Euglena ehrenbergii,7655170.0,exact
AH_PL,Hồ Ayun Hạ,phytoplankton,2022-08,M9,"Euglena ehrenbergii Klebs, 1883",1.0,,Euglena ehrenbergii,7655170.0,exact
AH_PL,Hồ Ayun Hạ,phytoplankton,2022-08,M10,"Euglena ehrenbergii Klebs, 1883",5.0,,Euglena ehrenbergii,7655170.0,exact
AH_PL,Hồ Ayun Hạ,phytoplankton,2022-08,M2,"Euglena gracilis G.A.Klebs, 1883",-1.0,,Euglena gracilis,7465722.0,exact
AH_PL,Hồ Ayun Hạ,phytoplankton,2022-08,M6,"Euglena gracilis G.A.Klebs, 1883",1.0,,Euglena gracilis,7465722.0,exact
AH_PL,Hồ Ayun Hạ,phytoplankton,2022-08,M7,"Euglena gracilis G.A.Klebs, 1883",14.0,,Euglena gracilis,7465722.0,exact
AH_PL,Hồ Ayun Hạ,phytoplankton,2022-08,M4,"Euglena oxyuris Schmarda, 1846",-1.0,,Euglena oxyuris,3209849.0,synonym
AH_PL,Hồ Ayun Hạ,phytoplankton,2022-08,M5,"Euglena oxyuris Schmarda, 1846",10.0,,Euglena oxyuris,3209849.0,synonym
AH_PL,Hồ Ayun Hạ,phytoplankton,2022-08,M6,"Euglena oxyuris Schmarda, 1846",21.0,,Euglena oxyuris,3209849.0,synonym
AH_PL,Hồ Ayun Hạ,phytoplankton,2022-08,M7,"Euglena oxyuris Schmarda, 1846",6.0,,Euglena oxyuris,3209849.0,synonym
AH_PL,Hồ Ayun Hạ,phytoplankton,2022-08,M8,"Euglena oxyuris Schmarda, 1846",1.0,,Euglena oxyuris,3209849.0,synonym
AH_PL,Hồ Ayun Hạ,phytoplankton,2022-08,M9,"Euglena oxyuris Schmarda, 1846",1.0,,Euglena oxyuris,3209849.0,synonym
AH_PL,Hồ Ayun Hạ,phytoplankton,2022-08,M10,"Euglena oxyuris Schmarda, 1846",3.0,,Euglena oxyuris,3209849.0,synonym
AH_PL,Hồ Ayun Hạ,phytoplankton,2022-08,M10,"Euglena polymorpha P.A.Dangeard, 1902",-1.0,,Euglena polymorpha,8280463.0,synonym
AH_PL,Hồ Ayun Hạ,phytoplankton,2022-08,M6,"Euglena spirogyra Ehrenberg, 1832",3.0,,Euglena spirogyra,3209744.0,synonym
AH_PL,Hồ Ayun Hạ,phytoplankton,2022-08,M7,"Euglena spirogyra Ehrenberg, 1832",3.0,,Euglena spirogyra,3209744.0,synonym
AH_PL,Hồ Ayun Hạ,phytoplankton,2022-08,M6,"Euglena tripteris (Dujardin) G.A.Klebs, 1883",6.0,,Euglena tripteris,3209651.0,exact
AH_PL,Hồ Ayun Hạ,phytoplankton,2022-08,M7,"Euglena tripteris (Dujardin) G.A.Klebs, 1883",1.0,,Euglena tripteris,3209651.0,exact
AH_PL,Hồ Ayun Hạ,phytoplankton,2022-08,M8,"Euglena tripteris (Dujardin) G.A.Klebs, 1883",1.0,,Euglena tripteris,3209651.0,exact
AH_PL,Hồ Ayun Hạ,phytoplankton,2022-08,M10,"Euglena tripteris (Dujardin) G.A.Klebs, 1883",5.0,,Euglena tripteris,3209651.0,exact
AH_PL,Hồ Ayun Hạ,phytoplankton,2022-08,M6,"Strombomonas gibberosa (Playfair) Deflandre, 1930",-1.0,,Strombomonas gibberosa,3208756.0,exact
AH_PL,Hồ Ayun Hạ,phytoplankton,2022-08,M7,"Strombomonas gibberosa (Playfair) Deflandre, 1930",14.0,,Strombomonas gibberosa,3208756.0,exact
AH_PL,Hồ Ayun Hạ,phytoplankton,2022-08,M9,"Strombomonas gibberosa (Playfair) Deflandre, 1930",1.0,,Strombomonas gibberosa,3208756.0,exact
AH_PL,Hồ Ayun Hạ,phytoplankton,2022-08,M10,"Strombomonas gibberosa (Playfair) Deflandre, 1930",21.0,,Strombomonas gibberosa,3208756.0,exact
AH_PL,Hồ Ayun Hạ,phytoplankton,2022-08,M5,Strombomonas sp.,1.0,,Strombomonas sp.,3208654.0,exact
AH_PL,Hồ Ayun Hạ,phytoplankton,2022-08,M10,Strombomonas sp.,7.0,,Strombomonas sp.,3208654.0,exact
AH_PL,Hồ Ayun Hạ,phytoplankton,2022-08,M1,"Trachelomonas armata (Ehrenberg) F.Stein, 1878",-1.0,,Trachelomonas armata,3208921.0,exact
AH_PL,Hồ Ayun Hạ,phytoplankton,2022-08,M2,"Trachelomonas armata (Ehrenberg) F.Stein, 1878",2.0,,Trachelomonas armata,3208921.0,exact
AH_PL,Hồ Ayun Hạ,phytoplankton,2022-08,M3,"Trachelomonas armata (Ehrenberg) F.Stein, 1878",12.0,,Trachelomonas armata,3208921.0,exact
AH_PL,Hồ Ayun Hạ,phytoplankton,2022-08,M4,"Trachelomonas armata (Ehrenberg) F.Stein, 1878",8.0,,Trachelomonas armata,3208921.0,exact
AH_PL,Hồ Ayun Hạ,phytoplankton,2022-08,M5,"Trachelomonas armata (Ehrenberg) F.Stein, 1878",4.0,,Trachelomonas armata,3208921.0,exact
AH_PL,Hồ Ayun Hạ,phytoplankton,2022-08,M6,"Trachelomonas armata (Ehrenberg) F.Stein, 1878",14.0,,Trachelomonas armata,3208921.0,exact
AH_PL,Hồ Ayun Hạ,phytoplankton,2022-08,M7,"Trachelomonas armata (Ehrenberg) F.Stein, 1878",6.0,,Trachelomonas armata,3208921.0,exact
AH_PL,Hồ Ayun Hạ,phytoplankton,2022-08,M8,"Trachelomonas armata (Ehrenberg) F.Stein, 1878",6.0,,Trachelomonas armata,3208921.0,exact
AH_PL,Hồ Ayun Hạ,phytoplankton,2022-08,M10,"Trachelomonas armata (Ehrenberg) F.Stein, 1878",2.0,,Trachelomonas armata,3208921.0,exact
AH_PL,Hồ Ayun Hạ,phytoplankton,2022-08,M5,"Trachelomonas hispida (Perty) F. Stein, 1926",4.0,,Trachelomonas hispida,3209211.0,exact
AH_PL,Hồ Ayun Hạ,phytoplankton,2022-08,M10,"Trachelomonas hispida (Perty) F. Stein, 1926",1.0,,Trachelomonas hispida,3209211.0,exact
AH_PL,Hồ Ayun Hạ,phytoplankton,2022-08,M6,"Trachelomonas nadsonii Skvortzov, 1925",-1.0,,Trachelomonas nadsonii,3208889.0,higherrank
AH_PL,Hồ Ayun Hạ,phytoplankton,2022-08,M3,"Phacus acuminatus Stokes, 1885",2.0,,Phacus acuminatus,6785023.0,exact
AH_PL,Hồ Ayun Hạ,phytoplankton,2022-08,M5,"Phacus acuminatus Stokes, 1885",6.0,,Phacus acuminatus,6785023.0,exact
AH_PL,Hồ Ayun Hạ,phytoplankton,2022-08,M6,"Phacus acuminatus Stokes, 1885",6.0,,Phacus acuminatus,6785023.0,exact
AH_PL,Hồ Ayun Hạ,phytoplankton,2022-08,M7,"Phacus acuminatus Stokes, 1885",7.0,,Phacus acuminatus,6785023.0,exact
AH_PL,Hồ Ayun Hạ,phytoplankton,2022-08,M9,"Phacus acuminatus Stokes, 1885",5.0,,Phacus acuminatus,6785023.0,exact
AH_PL,Hồ Ayun Hạ,phytoplankton,2022-08,M10,"Phacus acuminatus Stokes, 1885",1.0,,Phacus acuminatus,6785023.0,exact
AH_PL,Hồ Ayun Hạ,phytoplankton,2022-08,M10,"Phacus helikoides Pochmann, 1942",2.0,,Phacus helikoides,6785009.0,exact
AH_PL,Hồ Ayun Hạ,phytoplankton,2022-08,M5,"Phacus longicauda (Ehrenberg) Dujardin, 1841",2.0,,Phacus longicauda,6785019.0,exact
AH_PL,Hồ Ayun Hạ,phytoplankton,2022-08,M6,"Phacus longicauda (Ehrenberg) Dujardin, 1841",7.0,,Phacus longicauda,6785019.0,exact
AH_PL,Hồ Ayun Hạ,phytoplankton,2022-08,M7,"Phacus longicauda (Ehrenberg) Dujardin, 1841",2.0,,Phacus longicauda,6785019.0,exact
AH_PL,Hồ Ayun Hạ,phytoplankton,2022-08,M9,"Phacus longicauda (Ehrenberg) Dujardin, 1841",1.0,,Phacus longicauda,6785019.0,exact
AH_PL,Hồ Ayun Hạ,phytoplankton,2022-08,M10,"Phacus longicauda (Ehrenberg) Dujardin, 1841",7.0,,Phacus longicauda,6785019.0,exact
AH_PL,Hồ Ayun Hạ,phytoplankton,2022-08,M7,"Phacus pleuronectes (O.F.Müller) Nitzsch ex Dujardin, 1841",-1.0,,Phacus pleuronectes,5425077.0,exact
AH_PL,Hồ Ayun Hạ,phytoplankton,2022-08,M9,"Phacus pleuronectes (O.F.Müller) Nitzsch ex Dujardin, 1841",1.0,,Phacus pleuronectes,5425077.0,exact
AH_PL,Hồ Ayun Hạ,phytoplankton,2022-08,M10,"Phacus pleuronectes (O.F.Müller) Nitzsch ex Dujardin, 1841",6.0,,Phacus pleuronectes,5425077.0,exact
AH_PL,Hồ Ayun Hạ,phytoplankton,2022-08,M1,Phacus sp.,32.0,,Phacus sp.,6761067.0,exact
AH_PL,Hồ Ayun Hạ,phytoplankton,2022-08,M2,Phacus sp.,96.0,,Phacus sp.,6761067.0,exact
AH_PL,Hồ Ayun Hạ,phytoplankton,2022-08,M3,Phacus sp.,112.0,,Phacus sp.,6761067.0,exact
AH_PL,Hồ Ayun Hạ,phytoplankton,2022-08,M4,Phacus sp.,96.0,,Phacus sp.,6761067.0,exact
AH_PL,Hồ Ayun Hạ,phytoplankton,2022-08,M5,Phacus sp.,154.0,,Phacus sp.,6761067.0,exact
AH_PL,Hồ Ayun Hạ,phytoplankton,2022-08,M6,Phacus sp.,209.0,,Phacus sp.,6761067.0,exact
AH_PL,Hồ Ayun Hạ,phytoplankton,2022-08,M7,Phacus sp.,28.0,,Phacus sp.,6761067.0,exact
AH_PL,Hồ Ayun Hạ,phytoplankton,2022-08,M8,Phacus sp.,21.0,,Phacus sp.,6761067.0,exact
AH_PL,Hồ Ayun Hạ,phytoplankton,2022-08,M9,Phacus sp.,5.0,,Phacus sp.,6761067.0,exact
AH_PL,Hồ Ayun Hạ,phytoplankton,2022-08,M10,Phacus sp.,35.0,,Phacus sp.,6761067.0,exact
AH_PL,Hồ Ayun Hạ,phytoplankton,2022-08,M5,Phacus sp1,1.0,,Phacus sp.1,6761067.0,exact
AH_PL,Hồ Ayun Hạ,phytoplankton,2022-08,M6,Phacus sp1,7.0,,Phacus sp.1,6761067.0,exact
AH_PL,Hồ Ayun Hạ,phytoplankton,2022-08,M7,Phacus sp1,21.0,,Phacus sp.1,6761067.0,exact
AH_PL,Hồ Ayun Hạ,phytoplankton,2022-08,M9,Phacus sp1,1.0,,Phacus sp.1,6761067.0,exact
AH_PL,Hồ Ayun Hạ,phytoplankton,2022-08,M10,Phacus sp1,3.0,,Phacus sp.1,6761067.0,exact
AH_PL,Hồ Ayun Hạ,phytoplankton,2022-08,M1,"Phacus tortus (Lemmermann) Skvortzov, 1928",4.0,,Phacus tortus,5425145.0,exact
AH_PL,Hồ Ayun Hạ,phytoplankton,2022-08,M2,"Phacus tortus (Lemmermann) Skvortzov, 1928",2.0,,Phacus tortus,5425145.0,exact
AH_PL,Hồ Ayun Hạ,phytoplankton,2022-08,M3,"Phacus tortus (Lemmermann) Skvortzov, 1928",12.0,,Phacus tortus,5425145.0,exact
AH_PL,Hồ Ayun Hạ,phytoplankton,2022-08,M4,"Phacus tortus (Lemmermann) Skvortzov, 1928",14.0,,Phacus tortus,5425145.0,exact
AH_PL,Hồ Ayun Hạ,phytoplankton,2022-08,M5,"Phacus tortus (Lemmermann) Skvortzov, 1928",7.0,,Phacus tortus,5425145.0,exact
AH_PL,Hồ Ayun Hạ,phytoplankton,2022-08,M6,"Phacus tortus (Lemmermann) Skvortzov, 1928",42.0,,Phacus tortus,5425145.0,exact
AH_PL,Hồ Ayun Hạ,phytoplankton,2022-08,M7,"Phacus tortus (Lemmermann) Skvortzov, 1928",6.0,,Phacus tortus,5425145.0,exact
AH_PL,Hồ Ayun Hạ,phytoplankton,2022-08,M8,"Phacus tortus (Lemmermann) Skvortzov, 1928",6.0,,Phacus tortus,5425145.0,exact
AH_PL,Hồ Ayun Hạ,phytoplankton,2022-08,M10,"Phacus tortus (Lemmermann) Skvortzov, 1928",28.0,,Phacus tortus,5425145.0,exact
AH_PL,Hồ Ayun Hạ,phytoplankton,2022-08,M1,"Ceratium hirundinella (O.F.Müller) Dujardin, 1841",70.0,,Ceratium hirundinella,7598904.0,exact
AH_PL,Hồ Ayun Hạ,phytoplankton,2022-08,M2,"Ceratium hirundinella (O.F.Müller) Dujardin, 1841",182.0,,Ceratium hirundinella,7598904.0,exact
AH_PL,Hồ Ayun Hạ,phytoplankton,2022-08,M3,"Ceratium hirundinella (O.F.Müller) Dujardin, 1841",92.0,,Ceratium hirundinella,7598904.0,exact
AH_PL,Hồ Ayun Hạ,phytoplankton,2022-08,M4,"Ceratium hirundinella (O.F.Müller) Dujardin, 1841",36.0,,Ceratium hirundinella,7598904.0,exact
AH_PL,Hồ Ayun Hạ,phytoplankton,2022-08,M5,"Ceratium hirundinella (O.F.Müller) Dujardin, 1841",14.0,,Ceratium hirundinella,7598904.0,exact
AH_PL,Hồ Ayun Hạ,phytoplankton,2022-08,M6,"Ceratium hirundinella (O.F.Müller) Dujardin, 1841",2.0,,Ceratium hirundinella,7598904.0,exact
AH_PL,Hồ Ayun Hạ,phytoplankton,2022-08,M7,"Ceratium hirundinella (O.F.Müller) Dujardin, 1841",7.0,,Ceratium hirundinella,7598904.0,exact
AH_PL,Hồ Ayun Hạ,phytoplankton,2022-08,M8,"Ceratium hirundinella (O.F.Müller) Dujardin, 1841",7.0,,Ceratium hirundinella,7598904.0,exact
AH_PL,Hồ Ayun Hạ,phytoplankton,2022-08,M9,"Ceratium hirundinella (O.F.Müller) Dujardin, 1841",2.0,,Ceratium hirundinella,7598904.0,exact
AH_PL,Hồ Ayun Hạ,phytoplankton,2022-08,M9,"Glenodinium borgei (Lemmermann) Schiller, 1937",5.0,,Glenodinium borgei,3207006.0,synonym
AH_PL,Hồ Ayun Hạ,phytoplankton,2022-08,M10,"Glenodinium borgei (Lemmermann) Schiller, 1937",2.0,,Glenodinium borgei,3207006.0,synonym
AH_PL,Hồ Ayun Hạ,phytoplankton,2022-08,M1,Peridinium sp.,24.0,,Peridinium sp.,7536081.0,exact
AH_PL,Hồ Ayun Hạ,phytoplankton,2022-08,M2,Peridinium sp.,84.0,,Peridinium sp.,7536081.0,exact
AH_PL,Hồ Ayun Hạ,phytoplankton,2022-08,M3,Peridinium sp.,64.0,,Peridinium sp.,7536081.0,exact
AH_PL,Hồ Ayun Hạ,phytoplankton,2022-08,M4,Peridinium sp.,42.0,,Peridinium sp.,7536081.0,exact
AH_PL,Hồ Ayun Hạ,phytoplankton,2022-08,M5,Peridinium sp.,84.0,,Peridinium sp.,7536081.0,exact
AH_PL,Hồ Ayun Hạ,phytoplankton,2022-08,M6,Peridinium sp.,7.0,,Peridinium sp.,7536081.0,exact
AH_PL,Hồ Ayun Hạ,phytoplankton,2022-08,M7,Peridinium sp.,6.0,,Peridinium sp.,7536081.0,exact
AH_PL,Hồ Ayun Hạ,phytoplankton,2022-08,M8,Peridinium sp.,56.0,,Peridinium sp.,7536081.0,exact
AH_PL,Hồ Ayun Hạ,phytoplankton,2022-11,M1,"Microcystis aeruginosa (Kützing) Kützing, 1846",190900.0,Tảo độc,Microcystis aeruginosa,11959609.0,exact
AH_PL,Hồ Ayun Hạ,phytoplankton,2022-11,M2,"Microcystis aeruginosa (Kützing) Kützing, 1846",289800.0,Tảo độc,Microcystis aeruginosa,11959609.0,exact
AH_PL,Hồ Ayun Hạ,phytoplankton,2022-11,M3,"Microcystis aeruginosa (Kützing) Kützing, 1846",165600.0,Tảo độc,Microcystis aeruginosa,11959609.0,exact
AH_PL,Hồ Ayun Hạ,phytoplankton,2022-11,M4,"Microcystis aeruginosa (Kützing) Kützing, 1846",172500.0,Tảo độc,Microcystis aeruginosa,11959609.0,exact
AH_PL,Hồ Ayun Hạ,phytoplankton,2022-11,M5,"Microcystis aeruginosa (Kützing) Kützing, 1846",207000.0,Tảo độc,Microcystis aeruginosa,11959609.0,exact
AH_PL,Hồ Ayun Hạ,phytoplankton,2022-11,M6,"Microcystis aeruginosa (Kützing) Kützing, 1846",216200.0,Tảo độc,Microcystis aeruginosa,11959609.0,exact
AH_PL,Hồ Ayun Hạ,phytoplankton,2022-11,M7,"Microcystis aeruginosa (Kützing) Kützing, 1846",202400.0,Tảo độc,Microcystis aeruginosa,11959609.0,exact
AH_PL,Hồ Ayun Hạ,phytoplankton,2022-11,M8,"Microcystis aeruginosa (Kützing) Kützing, 1846",289800.0,Tảo độc,Microcystis aeruginosa,11959609.0,exact
AH_PL,Hồ Ayun Hạ,phytoplankton,2022-11,M9,"Microcystis aeruginosa (Kützing) Kützing, 1846",420900.0,Tảo độc,Microcystis aeruginosa,11959609.0,exact
AH_PL,Hồ Ayun Hạ,phytoplankton,2022-11,M10,"Microcystis aeruginosa (Kützing) Kützing, 1846",828000.0,Tảo độc,Microcystis aeruginosa,11959609.0,exact
AH_PL,Hồ Ayun Hạ,phytoplankton,2022-11,M1,"Microcystis wesenbergii (Komárek) Komárek ex Komárek, 2006",75900.0,Tảo độc,Microcystis wesenbergii,5426741.0,exact
AH_PL,Hồ Ayun Hạ,phytoplankton,2022-11,M2,"Microcystis wesenbergii (Komárek) Komárek ex Komárek, 2006",112700.0,Tảo độc,Microcystis wesenbergii,5426741.0,exact
AH_PL,Hồ Ayun Hạ,phytoplankton,2022-11,M3,"Microcystis wesenbergii (Komárek) Komárek ex Komárek, 2006",62100.0,Tảo độc,Microcystis wesenbergii,5426741.0,exact
AH_PL,Hồ Ayun Hạ,phytoplankton,2022-11,M4,"Microcystis wesenbergii (Komárek) Komárek ex Komárek, 2006",64400.0,Tảo độc,Microcystis wesenbergii,5426741.0,exact
AH_PL,Hồ Ayun Hạ,phytoplankton,2022-11,M5,"Microcystis wesenbergii (Komárek) Komárek ex Komárek, 2006",59800.0,Tảo độc,Microcystis wesenbergii,5426741.0,exact
AH_PL,Hồ Ayun Hạ,phytoplankton,2022-11,M6,"Microcystis wesenbergii (Komárek) Komárek ex Komárek, 2006",71300.0,Tảo độc,Microcystis wesenbergii,5426741.0,exact
AH_PL,Hồ Ayun Hạ,phytoplankton,2022-11,M7,"Microcystis wesenbergii (Komárek) Komárek ex Komárek, 2006",64400.0,Tảo độc,Microcystis wesenbergii,5426741.0,exact
AH_PL,Hồ Ayun Hạ,phytoplankton,2022-11,M8,"Microcystis wesenbergii (Komárek) Komárek ex Komárek, 2006",110400.0,Tảo độc,Microcystis wesenbergii,5426741.0,exact
AH_PL,Hồ Ayun Hạ,phytoplankton,2022-11,M9,"Microcystis wesenbergii (Komárek) Komárek ex Komárek, 2006",269100.0,Tảo độc,Microcystis wesenbergii,5426741.0,exact
AH_PL,Hồ Ayun Hạ,phytoplankton,2022-11,M10,"Microcystis wesenbergii (Komárek) Komárek ex Komárek, 2006",432400.0,Tảo độc,Microcystis wesenbergii,5426741.0,exact
AH_PL,Hồ Ayun Hạ,phytoplankton,2022-11,M1,"Oscillatoria princeps Vaucher ex Gomont, 1892",100.0,Tảo gây hại,Oscillatoria princeps,3218836.0,exact
AH_PL,Hồ Ayun Hạ,phytoplankton,2022-11,M2,"Oscillatoria princeps Vaucher ex Gomont, 1892",-1.0,Tảo gây hại,Oscillatoria princeps,3218836.0,exact
AH_PL,Hồ Ayun Hạ,phytoplankton,2022-11,M3,"Oscillatoria princeps Vaucher ex Gomont, 1892",300.0,Tảo gây hại,Oscillatoria princeps,3218836.0,exact
AH_PL,Hồ Ayun Hạ,phytoplankton,2022-11,M4,"Oscillatoria princeps Vaucher ex Gomont, 1892",350.0,Tảo gây hại,Oscillatoria princeps,3218836.0,exact
AH_PL,Hồ Ayun Hạ,phytoplankton,2022-11,M6,"Oscillatoria princeps Vaucher ex Gomont, 1892",500.0,Tảo gây hại,Oscillatoria princeps,3218836.0,exact
AH_PL,Hồ Ayun Hạ,phytoplankton,2022-11,M9,"Oscillatoria princeps Vaucher ex Gomont, 1892",100.0,Tảo gây hại,Oscillatoria princeps,3218836.0,exact
AH_PL,Hồ Ayun Hạ,phytoplankton,2022-11,M1,"Anabaena spiroides Klebahn, 1895",23230.0,Tảo độc,Anabaena spiroides,5427219.0,synonym
AH_PL,Hồ Ayun Hạ,phytoplankton,2022-11,M2,"Anabaena spiroides Klebahn, 1895",19550.0,Tảo độc,Anabaena spiroides,5427219.0,synonym
AH_PL,Hồ Ayun Hạ,phytoplankton,2022-11,M3,"Anabaena spiroides Klebahn, 1895",26910.0,Tảo độc,Anabaena spiroides,5427219.0,synonym
AH_PL,Hồ Ayun Hạ,phytoplankton,2022-11,M4,"Anabaena spiroides Klebahn, 1895",18630.0,Tảo độc,Anabaena spiroides,5427219.0,synonym
AH_PL,Hồ Ayun Hạ,phytoplankton,2022-11,M5,"Anabaena spiroides Klebahn, 1895",19550.0,Tảo độc,Anabaena spiroides,5427219.0,synonym
AH_PL,Hồ Ayun Hạ,phytoplankton,2022-11,M6,"Anabaena spiroides Klebahn, 1895",15870.0,Tảo độc,Anabaena spiroides,5427219.0,synonym
AH_PL,Hồ Ayun Hạ,phytoplankton,2022-11,M7,"Anabaena spiroides Klebahn, 1895",20700.0,Tảo độc,Anabaena spiroides,5427219.0,synonym
AH_PL,Hồ Ayun Hạ,phytoplankton,2022-11,M8,"Anabaena spiroides Klebahn, 1895",20700.0,Tảo độc,Anabaena spiroides,5427219.0,synonym
AH_PL,Hồ Ayun Hạ,phytoplankton,2022-11,M9,"Anabaena spiroides Klebahn, 1895",69230.0,Tảo độc,Anabaena spiroides,5427219.0,synonym
AH_PL,Hồ Ayun Hạ,phytoplankton,2022-11,M10,"Anabaena spiroides Klebahn, 1895",54280.0,Tảo độc,Anabaena spiroides,5427219.0,synonym
AH_PL,Hồ Ayun Hạ,phytoplankton,2022-11,M1,"Pseudanabaena mucicola (Naumann & Huber-Pestalozzi) Schwabe, 1964",5200.0,Tảo độc,Pseudanabaena mucicola,3218049.0,exact
AH_PL,Hồ Ayun Hạ,phytoplankton,2022-11,M2,"Pseudanabaena mucicola (Naumann & Huber-Pestalozzi) Schwabe, 1964",6300.0,Tảo độc,Pseudanabaena mucicola,3218049.0,exact
AH_PL,Hồ Ayun Hạ,phytoplankton,2022-11,M3,"Pseudanabaena mucicola (Naumann & Huber-Pestalozzi) Schwabe, 1964",1800.0,Tảo độc,Pseudanabaena mucicola,3218049.0,exact
AH_PL,Hồ Ayun Hạ,phytoplankton,2022-11,M4,"Pseudanabaena mucicola (Naumann & Huber-Pestalozzi) Schwabe, 1964",4250.0,Tảo độc,Pseudanabaena mucicola,3218049.0,exact
AH_PL,Hồ Ayun Hạ,phytoplankton,2022-11,M5,"Pseudanabaena mucicola (Naumann & Huber-Pestalozzi) Schwabe, 1964",5500.0,Tảo độc,Pseudanabaena mucicola,3218049.0,exact
AH_PL,Hồ Ayun Hạ,phytoplankton,2022-11,M6,"Pseudanabaena mucicola (Naumann & Huber-Pestalozzi) Schwabe, 1964",6400.0,Tảo độc,Pseudanabaena mucicola,3218049.0,exact
AH_PL,Hồ Ayun Hạ,phytoplankton,2022-11,M7,"Pseudanabaena mucicola (Naumann & Huber-Pestalozzi) Schwabe, 1964",2800.0,Tảo độc,Pseudanabaena mucicola,3218049.0,exact
AH_PL,Hồ Ayun Hạ,phytoplankton,2022-11,M8,"Pseudanabaena mucicola (Naumann & Huber-Pestalozzi) Schwabe, 1964",3300.0,Tảo độc,Pseudanabaena mucicola,3218049.0,exact
AH_PL,Hồ Ayun Hạ,phytoplankton,2022-11,M9,"Pseudanabaena mucicola (Naumann & Huber-Pestalozzi) Schwabe, 1964",5700.0,Tảo độc,Pseudanabaena mucicola,3218049.0,exact
AH_PL,Hồ Ayun Hạ,phytoplankton,2022-11,M10,"Pseudanabaena mucicola (Naumann & Huber-Pestalozzi) Schwabe, 1964",8000.0,Tảo độc,Pseudanabaena mucicola,3218049.0,exact
AH_PL,Hồ Ayun Hạ,phytoplankton,2022-11,M5,"Dinobryon sertularia Ehrenberg, 1834",30.0,,Dinobryon sertularia,3194959.0,exact
AH_PL,Hồ Ayun Hạ,phytoplankton,2022-11,M1,"Synedra acus Kützing, 1844",35.0,,Synedra acus,9471011.0,exact
AH_PL,Hồ Ayun Hạ,phytoplankton,2022-11,M2,"Synedra acus Kützing, 1844",6.0,,Synedra acus,9471011.0,exact
AH_PL,Hồ Ayun Hạ,phytoplankton,2022-11,M3,"Synedra acus Kützing, 1844",9.0,,Synedra acus,9471011.0,exact
AH_PL,Hồ Ayun Hạ,phytoplankton,2022-11,M5,"Synedra acus Kützing, 1844",9.0,,Synedra acus,9471011.0,exact
AH_PL,Hồ Ayun Hạ,phytoplankton,2022-11,M6,"Synedra acus Kützing, 1844",3.0,,Synedra acus,9471011.0,exact
AH_PL,Hồ Ayun Hạ,phytoplankton,2022-11,M7,"Synedra acus Kützing, 1844",6.0,,Synedra acus,9471011.0,exact
AH_PL,Hồ Ayun Hạ,phytoplankton,2022-11,M8,"Synedra acus Kützing, 1844",21.0,,Synedra acus,9471011.0,exact
AH_PL,Hồ Ayun Hạ,phytoplankton,2022-11,M9,"Synedra acus Kützing, 1844",17.0,,Synedra acus,9471011.0,exact
AH_PL,Hồ Ayun Hạ,phytoplankton,2022-11,M10,"Synedra acus Kützing, 1844",16.0,,Synedra acus,9471011.0,exact
AH_PL,Hồ Ayun Hạ,phytoplankton,2022-11,M1,"Synedra ulna (Nitzsch) Ehrenberg, 1832",13.0,,Synedra ulna,3192457.0,exact
AH_PL,Hồ Ayun Hạ,phytoplankton,2022-11,M2,"Synedra ulna (Nitzsch) Ehrenberg, 1832",82.0,,Synedra ulna,3192457.0,exact
AH_PL,Hồ Ayun Hạ,phytoplankton,2022-11,M3,"Synedra ulna (Nitzsch) Ehrenberg, 1832",18.0,,Synedra ulna,3192457.0,exact
AH_PL,Hồ Ayun Hạ,phytoplankton,2022-11,M4,"Synedra ulna (Nitzsch) Ehrenberg, 1832",13.0,,Synedra ulna,3192457.0,exact
AH_PL,Hồ Ayun Hạ,phytoplankton,2022-11,M5,"Synedra ulna (Nitzsch) Ehrenberg, 1832",-1.0,,Synedra ulna,3192457.0,exact
AH_PL,Hồ Ayun Hạ,phytoplankton,2022-11,M6,"Synedra ulna (Nitzsch) Ehrenberg, 1832",78.0,,Synedra ulna,3192457.0,exact
AH_PL,Hồ Ayun Hạ,phytoplankton,2022-11,M7,"Synedra ulna (Nitzsch) Ehrenberg, 1832",28.0,,Synedra ulna,3192457.0,exact
AH_PL,Hồ Ayun Hạ,phytoplankton,2022-11,M8,"Synedra ulna (Nitzsch) Ehrenberg, 1832",-1.0,,Synedra ulna,3192457.0,exact
AH_PL,Hồ Ayun Hạ,phytoplankton,2022-11,M10,"Synedra ulna (Nitzsch) Ehrenberg, 1832",20.0,,Synedra ulna,3192457.0,exact
AH_PL,Hồ Ayun Hạ,phytoplankton,2022-11,M1,"Melosira granulata (Ehrenberg) Ralfs, 1861",191820.0,,Melosira granulata,9501075.0,exact
AH_PL,Hồ Ayun Hạ,phytoplankton,2022-11,M2,"Melosira granulata (Ehrenberg) Ralfs, 1861",92460.0,,Melosira granulata,9501075.0,exact
AH_PL,Hồ Ayun Hạ,phytoplankton,2022-11,M3,"Melosira granulata (Ehrenberg) Ralfs, 1861",154560.0,,Melosira granulata,9501075.0,exact
AH_PL,Hồ Ayun Hạ,phytoplankton,2022-11,M4,"Melosira granulata (Ehrenberg) Ralfs, 1861",77740.0,,Melosira granulata,9501075.0,exact
AH_PL,Hồ Ayun Hạ,phytoplankton,2022-11,M5,"Melosira granulata (Ehrenberg) Ralfs, 1861",131560.0,,Melosira granulata,9501075.0,exact
AH_PL,Hồ Ayun Hạ,phytoplankton,2022-11,M6,"Melosira granulata (Ehrenberg) Ralfs, 1861",169740.0,,Melosira granulata,9501075.0,exact
AH_PL,Hồ Ayun Hạ,phytoplankton,2022-11,M7,"Melosira granulata (Ehrenberg) Ralfs, 1861",122360.0,,Melosira granulata,9501075.0,exact
AH_PL,Hồ Ayun Hạ,phytoplankton,2022-11,M8,"Melosira granulata (Ehrenberg) Ralfs, 1861",184920.0,,Melosira granulata,9501075.0,exact
AH_PL,Hồ Ayun Hạ,phytoplankton,2022-11,M9,"Melosira granulata (Ehrenberg) Ralfs, 1861",58190.0,,Melosira granulata,9501075.0,exact
AH_PL,Hồ Ayun Hạ,phytoplankton,2022-11,M10,"Melosira granulata (Ehrenberg) Ralfs, 1861",63480.0,,Melosira granulata,9501075.0,exact
AH_PL,Hồ Ayun Hạ,phytoplankton,2022-11,M1,"Sphaerocystis schroeteri Chodat, 1897",12096.0,,Sphaerocystis schroeteri,5271438.0,exact
AH_PL,Hồ Ayun Hạ,phytoplankton,2022-11,M2,"Sphaerocystis schroeteri Chodat, 1897",14880.0,,Sphaerocystis schroeteri,5271438.0,exact
AH_PL,Hồ Ayun Hạ,phytoplankton,2022-11,M3,"Sphaerocystis schroeteri Chodat, 1897",10944.0,,Sphaerocystis schroeteri,5271438.0,exact
AH_PL,Hồ Ayun Hạ,phytoplankton,2022-11,M4,"Sphaerocystis schroeteri Chodat, 1897",8400.0,,Sphaerocystis schroeteri,5271438.0,exact
AH_PL,Hồ Ayun Hạ,phytoplankton,2022-11,M5,"Sphaerocystis schroeteri Chodat, 1897",17208.0,,Sphaerocystis schroeteri,5271438.0,exact
AH_PL,Hồ Ayun Hạ,phytoplankton,2022-11,M6,"Sphaerocystis schroeteri Chodat, 1897",10680.0,,Sphaerocystis schroeteri,5271438.0,exact
AH_PL,Hồ Ayun Hạ,phytoplankton,2022-11,M7,"Sphaerocystis schroeteri Chodat, 1897",9696.0,,Sphaerocystis schroeteri,5271438.0,exact
AH_PL,Hồ Ayun Hạ,phytoplankton,2022-11,M8,"Sphaerocystis schroeteri Chodat, 1897",19152.0,,Sphaerocystis schroeteri,5271438.0,exact
AH_PL,Hồ Ayun Hạ,phytoplankton,2022-11,M9,"Sphaerocystis schroeteri Chodat, 1897",9120.0,,Sphaerocystis schroeteri,5271438.0,exact
AH_PL,Hồ Ayun Hạ,phytoplankton,2022-11,M10,"Sphaerocystis schroeteri Chodat, 1897",13920.0,,Sphaerocystis schroeteri,5271438.0,exact
AH_PL,Hồ Ayun Hạ,phytoplankton,2022-11,M5,"Eudorina elegans Ehrenberg, 1832",-1.0,,Eudorina elegans,5271384.0,exact
AH_PL,Hồ Ayun Hạ,phytoplankton,2022-11,M6,"Eudorina elegans Ehrenberg, 1832",608.0,,Eudorina elegans,5271384.0,exact
AH_PL,Hồ Ayun Hạ,phytoplankton,2022-11,M7,"Eudorina elegans Ehrenberg, 1832",512.0,,Eudorina elegans,5271384.0,exact
AH_PL,Hồ Ayun Hạ,phytoplankton,2022-11,M8,"Eudorina elegans Ehrenberg, 1832",1152.0,,Eudorina elegans,5271384.0,exact
AH_PL,Hồ Ayun Hạ,phytoplankton,2022-11,M9,"Eudorina elegans Ehrenberg, 1832",4160.0,,Eudorina elegans,5271384.0,exact
AH_PL,Hồ Ayun Hạ,phytoplankton,2022-11,M10,"Eudorina elegans Ehrenberg, 1832",5760.0,,Eudorina elegans,5271384.0,exact
AH_PL,Hồ Ayun Hạ,phytoplankton,2022-11,M7,"Pandorina morum (O.F.Müller) Bory, 1826",48.0,,Pandorina morum,5271376.0,exact
AH_PL,Hồ Ayun Hạ,phytoplankton,2022-11,M1,"Pediastrum duplex Meyen, 1829",2480.0,,Pediastrum duplex,2641920.0,exact
AH_PL,Hồ Ayun Hạ,phytoplankton,2022-11,M2,"Pediastrum duplex Meyen, 1829",2400.0,,Pediastrum duplex,2641920.0,exact
AH_PL,Hồ Ayun Hạ,phytoplankton,2022-11,M3,"Pediastrum duplex Meyen, 1829",3600.0,,Pediastrum duplex,2641920.0,exact
AH_PL,Hồ Ayun Hạ,phytoplankton,2022-11,M4,"Pediastrum duplex Meyen, 1829",960.0,,Pediastrum duplex,2641920.0,exact
AH_PL,Hồ Ayun Hạ,phytoplankton,2022-11,M5,"Pediastrum duplex Meyen, 1829",2480.0,,Pediastrum duplex,2641920.0,exact
AH_PL,Hồ Ayun Hạ,phytoplankton,2022-11,M6,"Pediastrum duplex Meyen, 1829",1920.0,,Pediastrum duplex,2641920.0,exact
AH_PL,Hồ Ayun Hạ,phytoplankton,2022-11,M7,"Pediastrum duplex Meyen, 1829",640.0,,Pediastrum duplex,2641920.0,exact
AH_PL,Hồ Ayun Hạ,phytoplankton,2022-11,M8,"Pediastrum duplex Meyen, 1829",3120.0,,Pediastrum duplex,2641920.0,exact
AH_PL,Hồ Ayun Hạ,phytoplankton,2022-11,M9,"Pediastrum duplex Meyen, 1829",2480.0,,Pediastrum duplex,2641920.0,exact
AH_PL,Hồ Ayun Hạ,phytoplankton,2022-11,M10,"Pediastrum duplex Meyen, 1829",5440.0,,Pediastrum duplex,2641920.0,exact
AH_PL,Hồ Ayun Hạ,phytoplankton,2022-11,M1,"Pediastrum simplex Meyen, 1829",1968.0,,Pediastrum simplex,2641899.0,synonym
AH_PL,Hồ Ayun Hạ,phytoplankton,2022-11,M2,"Pediastrum simplex Meyen, 1829",2800.0,,Pediastrum simplex,2641899.0,synonym
AH_PL,Hồ Ayun Hạ,phytoplankton,2022-11,M3,"Pediastrum simplex Meyen, 1829",3120.0,,Pediastrum simplex,2641899.0,synonym
AH_PL,Hồ Ayun Hạ,phytoplankton,2022-11,M4,"Pediastrum simplex Meyen, 1829",2000.0,,Pediastrum simplex,2641899.0,synonym
AH_PL,Hồ Ayun Hạ,phytoplankton,2022-11,M5,"Pediastrum simplex Meyen, 1829",3760.0,,Pediastrum simplex,2641899.0,synonym
AH_PL,Hồ Ayun Hạ,phytoplankton,2022-11,M6,"Pediastrum simplex Meyen, 1829",3440.0,,Pediastrum simplex,2641899.0,synonym
AH_PL,Hồ Ayun Hạ,phytoplankton,2022-11,M7,"Pediastrum simplex Meyen, 1829",1600.0,,Pediastrum simplex,2641899.0,synonym
AH_PL,Hồ Ayun Hạ,phytoplankton,2022-11,M8,"Pediastrum simplex Meyen, 1829",1680.0,,Pediastrum simplex,2641899.0,synonym
AH_PL,Hồ Ayun Hạ,phytoplankton,2022-11,M9,"Pediastrum simplex Meyen, 1829",1360.0,,Pediastrum simplex,2641899.0,synonym
AH_PL,Hồ Ayun Hạ,phytoplankton,2022-11,M10,"Pediastrum simplex Meyen, 1829",2560.0,,Pediastrum simplex,2641899.0,synonym
AH_PL,Hồ Ayun Hạ,phytoplankton,2022-11,M1,"Pediastrum tetras (Ehrenberg) Ralfs, 1844",608.0,,Pediastrum tetras,2641911.0,synonym
AH_PL,Hồ Ayun Hạ,phytoplankton,2022-11,M2,"Pediastrum tetras (Ehrenberg) Ralfs, 1844",280.0,,Pediastrum tetras,2641911.0,synonym
AH_PL,Hồ Ayun Hạ,phytoplankton,2022-11,M3,"Pediastrum tetras (Ehrenberg) Ralfs, 1844",480.0,,Pediastrum tetras,2641911.0,synonym
AH_PL,Hồ Ayun Hạ,phytoplankton,2022-11,M4,"Pediastrum tetras (Ehrenberg) Ralfs, 1844",496.0,,Pediastrum tetras,2641911.0,synonym
AH_PL,Hồ Ayun Hạ,phytoplankton,2022-11,M5,"Pediastrum tetras (Ehrenberg) Ralfs, 1844",272.0,,Pediastrum tetras,2641911.0,synonym
AH_PL,Hồ Ayun Hạ,phytoplankton,2022-11,M6,"Pediastrum tetras (Ehrenberg) Ralfs, 1844",-1.0,,Pediastrum tetras,2641911.0,synonym
AH_PL,Hồ Ayun Hạ,phytoplankton,2022-11,M7,"Pediastrum tetras (Ehrenberg) Ralfs, 1844",128.0,,Pediastrum tetras,2641911.0,synonym
AH_PL,Hồ Ayun Hạ,phytoplankton,2022-11,M8,"Pediastrum tetras (Ehrenberg) Ralfs, 1844",216.0,,Pediastrum tetras,2641911.0,synonym
AH_PL,Hồ Ayun Hạ,phytoplankton,2022-11,M9,"Pediastrum tetras (Ehrenberg) Ralfs, 1844",200.0,,Pediastrum tetras,2641911.0,synonym
AH_PL,Hồ Ayun Hạ,phytoplankton,2022-11,M10,"Pediastrum tetras (Ehrenberg) Ralfs, 1844",64.0,,Pediastrum tetras,2641911.0,synonym
AH_PL,Hồ Ayun Hạ,phytoplankton,2022-11,M6,"Tetraedron gracile (Reinsch) Hansgirg, 1889",-1.0,,Tetraedron gracile,10535837.0,exact
AH_PL,Hồ Ayun Hạ,phytoplankton,2022-11,M8,"Tetraedron gracile (Reinsch) Hansgirg, 1889",12.0,,Tetraedron gracile,10535837.0,exact
AH_PL,Hồ Ayun Hạ,phytoplankton,2022-11,M9,"Tetraedron gracile (Reinsch) Hansgirg, 1889",8.0,,Tetraedron gracile,10535837.0,exact
AH_PL,Hồ Ayun Hạ,phytoplankton,2022-11,M10,"Tetraedron gracile (Reinsch) Hansgirg, 1889",24.0,,Tetraedron gracile,10535837.0,exact
AH_PL,Hồ Ayun Hạ,phytoplankton,2022-11,M9,"Tetraëdron regulare Kützing, 1845",2.0,,Tetraedron regulare,10604751.0,exact
AH_PL,Hồ Ayun Hạ,phytoplankton,2022-11,M10,"Tetraëdron regulare Kützing, 1845",20.0,,Tetraedron regulare,10604751.0,exact
AH_PL,Hồ Ayun Hạ,phytoplankton,2022-11,M2,Tetraedron trigonum (Nägeli) Hansgirg,20.0,,Tetraedron trigonum,2642391.0,exact
AH_PL,Hồ Ayun Hạ,phytoplankton,2022-11,M3,Tetraedron trigonum (Nägeli) Hansgirg,15.0,,Tetraedron trigonum,2642391.0,exact
AH_PL,Hồ Ayun Hạ,phytoplankton,2022-11,M4,Tetraedron trigonum (Nägeli) Hansgirg,3.0,,Tetraedron trigonum,2642391.0,exact
AH_PL,Hồ Ayun Hạ,phytoplankton,2022-11,M6,Tetraedron trigonum (Nägeli) Hansgirg,6.0,,Tetraedron trigonum,2642391.0,exact
AH_PL,Hồ Ayun Hạ,phytoplankton,2022-11,M8,Tetraedron trigonum (Nägeli) Hansgirg,-1.0,,Tetraedron trigonum,2642391.0,exact
AH_PL,Hồ Ayun Hạ,phytoplankton,2022-11,M10,Tetraedron trigonum (Nägeli) Hansgirg,16.0,,Tetraedron trigonum,2642391.0,exact
AH_PL,Hồ Ayun Hạ,phytoplankton,2022-11,M1,"Coelastrum microsporum Nägeli, 1849",32.0,,Coelastrum microsporum,2640979.0,fuzzy
AH_PL,Hồ Ayun Hạ,phytoplankton,2022-11,M2,"Coelastrum microsporum Nägeli, 1849",-1.0,,Coelastrum microsporum,2640979.0,fuzzy
AH_PL,Hồ Ayun Hạ,phytoplankton,2022-11,M3,"Coelastrum microsporum Nägeli, 1849",390.0,,Coelastrum microsporum,2640979.0,fuzzy
AH_PL,Hồ Ayun Hạ,phytoplankton,2022-11,M4,"Coelastrum microsporum Nägeli, 1849",276.0,,Coelastrum microsporum,2640979.0,fuzzy
AH_PL,Hồ Ayun Hạ,phytoplankton,2022-11,M5,"Coelastrum microsporum Nägeli, 1849",272.0,,Coelastrum microsporum,2640979.0,fuzzy
AH_PL,Hồ Ayun Hạ,phytoplankton,2022-11,M6,"Coelastrum microsporum Nägeli, 1849",112.0,,Coelastrum microsporum,2640979.0,fuzzy
AH_PL,Hồ Ayun Hạ,phytoplankton,2022-11,M7,"Coelastrum microsporum Nägeli, 1849",448.0,,Coelastrum microsporum,2640979.0,fuzzy
AH_PL,Hồ Ayun Hạ,phytoplankton,2022-11,M8,"Coelastrum microsporum Nägeli, 1849",480.0,,Coelastrum microsporum,2640979.0,fuzzy
AH_PL,Hồ Ayun Hạ,phytoplankton,2022-11,M9,"Coelastrum microsporum Nägeli, 1849",416.0,,Coelastrum microsporum,2640979.0,fuzzy
AH_PL,Hồ Ayun Hạ,phytoplankton,2022-11,M10,"Coelastrum microsporum Nägeli, 1849",320.0,,Coelastrum microsporum,2640979.0,fuzzy
AH_PL,Hồ Ayun Hạ,phytoplankton,2022-11,M2,"Dimorphococcus lunatus A.Braun, 1855",96.0,,Dimorphococcus lunatus,2642013.0,exact
AH_PL,Hồ Ayun Hạ,phytoplankton,2022-11,M3,"Dimorphococcus lunatus A.Braun, 1855",-1.0,,Dimorphococcus lunatus,2642013.0,exact
AH_PL,Hồ Ayun Hạ,phytoplankton,2022-11,M2,"Scenedesmus acuminatus (Lagerheim) Chodat, 1902",24.0,,Scenedesmus acuminatus,2640873.0,synonym
AH_PL,Hồ Ayun Hạ,phytoplankton,2022-11,M9,"Scenedesmus acuminatus (Lagerheim) Chodat, 1902",120.0,,Scenedesmus acuminatus,2640873.0,synonym
AH_PL,Hồ Ayun Hạ,phytoplankton,2022-11,M10,"Scenedesmus acuminatus (Lagerheim) Chodat, 1902",32.0,,Scenedesmus acuminatus,2640873.0,synonym
AH_PL,Hồ Ayun Hạ,phytoplankton,2022-11,M5,"Scenedesmus quadricauda (Turpin) Brébisson, 1835",52.0,,Scenedesmus quadricauda,7711060.0,exact
AH_PL,Hồ Ayun Hạ,phytoplankton,2022-11,M6,"Scenedesmus quadricauda (Turpin) Brébisson, 1835",-1.0,,Scenedesmus quadricauda,7711060.0,exact
AH_PL,Hồ Ayun Hạ,phytoplankton,2022-11,M7,"Scenedesmus quadricauda (Turpin) Brébisson, 1835",-1.0,,Scenedesmus quadricauda,7711060.0,exact
AH_PL,Hồ Ayun Hạ,phytoplankton,2022-11,M10,"Scenedesmus quadricauda (Turpin) Brébisson, 1835",128.0,,Scenedesmus quadricauda,7711060.0,exact
AH_PL,Hồ Ayun Hạ,phytoplankton,2022-11,M6,"Tetrallantos lagerheimii Teiling, 1916",12.0,,Tetrallantos lagerheimii,2641008.0,exact
AH_PL,Hồ Ayun Hạ,phytoplankton,2022-11,M8,"Tetrallantos lagerheimii Teiling, 1916",12.0,,Tetrallantos lagerheimii,2641008.0,exact
AH_PL,Hồ Ayun Hạ,phytoplankton,2022-11,M1,"Ankistrodesmus arcuatus Korshikov, 1953",4.0,,Ankistrodesmus arcuatus,2641579.0,synonym
AH_PL,Hồ Ayun Hạ,phytoplankton,2022-11,M5,"Ankistrodesmus arcuatus Korshikov, 1953",16.0,,Ankistrodesmus arcuatus,2641579.0,synonym
AH_PL,Hồ Ayun Hạ,phytoplankton,2022-11,M7,"Ankistrodesmus arcuatus Korshikov, 1953",4.0,,Ankistrodesmus arcuatus,2641579.0,synonym
AH_PL,Hồ Ayun Hạ,phytoplankton,2022-11,M8,"Ankistrodesmus arcuatus Korshikov, 1953",12.0,,Ankistrodesmus arcuatus,2641579.0,synonym
AH_PL,Hồ Ayun Hạ,phytoplankton,2022-11,M9,"Ankistrodesmus arcuatus Korshikov, 1953",7.0,,Ankistrodesmus arcuatus,2641579.0,synonym
AH_PL,Hồ Ayun Hạ,phytoplankton,2022-11,M1,"Ankistrodesmus bibraianus (Reinsch) Korshikov, 1953",16.0,,Ankistrodesmus bibraianus,2641191.0,synonym
AH_PL,Hồ Ayun Hạ,phytoplankton,2022-11,M2,"Ankistrodesmus bibraianus (Reinsch) Korshikov, 1953",4.0,,Ankistrodesmus bibraianus,2641191.0,synonym
AH_PL,Hồ Ayun Hạ,phytoplankton,2022-11,M3,"Ankistrodesmus bibraianus (Reinsch) Korshikov, 1953",12.0,,Ankistrodesmus bibraianus,2641191.0,synonym
AH_PL,Hồ Ayun Hạ,phytoplankton,2022-11,M4,"Ankistrodesmus bibraianus (Reinsch) Korshikov, 1953",56.0,,Ankistrodesmus bibraianus,2641191.0,synonym
AH_PL,Hồ Ayun Hạ,phytoplankton,2022-11,M5,"Ankistrodesmus bibraianus (Reinsch) Korshikov, 1953",16.0,,Ankistrodesmus bibraianus,2641191.0,synonym
AH_PL,Hồ Ayun Hạ,phytoplankton,2022-11,M6,"Ankistrodesmus bibraianus (Reinsch) Korshikov, 1953",4.0,,Ankistrodesmus bibraianus,2641191.0,synonym
AH_PL,Hồ Ayun Hạ,phytoplankton,2022-11,M7,"Ankistrodesmus bibraianus (Reinsch) Korshikov, 1953",32.0,,Ankistrodesmus bibraianus,2641191.0,synonym
AH_PL,Hồ Ayun Hạ,phytoplankton,2022-11,M8,"Ankistrodesmus bibraianus (Reinsch) Korshikov, 1953",120.0,,Ankistrodesmus bibraianus,2641191.0,synonym
AH_PL,Hồ Ayun Hạ,phytoplankton,2022-11,M10,"Ankistrodesmus bibraianus (Reinsch) Korshikov, 1953",128.0,,Ankistrodesmus bibraianus,2641191.0,synonym
AH_PL,Hồ Ayun Hạ,phytoplankton,2022-11,M3,"Ankistrodesmus fusiformis Corda, 1838",-1.0,,Ankistrodesmus fusiformis,7699361.0,exact
AH_PL,Hồ Ayun Hạ,phytoplankton,2022-11,M1,"Kirchneriella lunaris (Kirchner) K.Möbius, 1894",1760.0,,Kirchneriella lunaris,5271638.0,exact
AH_PL,Hồ Ayun Hạ,phytoplankton,2022-11,M2,"Kirchneriella lunaris (Kirchner) K.Möbius, 1894",1680.0,,Kirchneriella lunaris,5271638.0,exact
AH_PL,Hồ Ayun Hạ,phytoplankton,2022-11,M3,"Kirchneriella lunaris (Kirchner) K.Möbius, 1894",2040.0,,Kirchneriella lunaris,5271638.0,exact
AH_PL,Hồ Ayun Hạ,phytoplankton,2022-11,M4,"Kirchneriella lunaris (Kirchner) K.Möbius, 1894",904.0,,Kirchneriella lunaris,5271638.0,exact
AH_PL,Hồ Ayun Hạ,phytoplankton,2022-11,M5,"Kirchneriella lunaris (Kirchner) K.Möbius, 1894",856.0,,Kirchneriella lunaris,5271638.0,exact
AH_PL,Hồ Ayun Hạ,phytoplankton,2022-11,M6,"Kirchneriella lunaris (Kirchner) K.Möbius, 1894",680.0,,Kirchneriella lunaris,5271638.0,exact
AH_PL,Hồ Ayun Hạ,phytoplankton,2022-11,M7,"Kirchneriella lunaris (Kirchner) K.Möbius, 1894",900.0,,Kirchneriella lunaris,5271638.0,exact
AH_PL,Hồ Ayun Hạ,phytoplankton,2022-11,M8,"Kirchneriella lunaris (Kirchner) K.Möbius, 1894",336.0,,Kirchneriella lunaris,5271638.0,exact
AH_PL,Hồ Ayun Hạ,phytoplankton,2022-11,M9,"Kirchneriella lunaris (Kirchner) K.Möbius, 1894",-1.0,,Kirchneriella lunaris,5271638.0,exact
AH_PL,Hồ Ayun Hạ,phytoplankton,2022-11,M10,"Kirchneriella lunaris (Kirchner) K.Möbius, 1894",1312.0,,Kirchneriella lunaris,5271638.0,exact
AH_PL,Hồ Ayun Hạ,phytoplankton,2022-11,M1,"Actinastrum hantzschii Lagerheim, 1882",56.0,,Actinastrum hantzschii,2638622.0,exact
AH_PL,Hồ Ayun Hạ,phytoplankton,2022-11,M3,"Actinastrum hantzschii Lagerheim, 1882",100.0,,Actinastrum hantzschii,2638622.0,exact
AH_PL,Hồ Ayun Hạ,phytoplankton,2022-11,M4,"Actinastrum hantzschii Lagerheim, 1882",48.0,,Actinastrum hantzschii,2638622.0,exact
AH_PL,Hồ Ayun Hạ,phytoplankton,2022-11,M5,"Actinastrum hantzschii Lagerheim, 1882",104.0,,Actinastrum hantzschii,2638622.0,exact
AH_PL,Hồ Ayun Hạ,phytoplankton,2022-11,M6,"Actinastrum hantzschii Lagerheim, 1882",40.0,,Actinastrum hantzschii,2638622.0,exact
AH_PL,Hồ Ayun Hạ,phytoplankton,2022-11,M7,"Actinastrum hantzschii Lagerheim, 1882",64.0,,Actinastrum hantzschii,2638622.0,exact
AH_PL,Hồ Ayun Hạ,phytoplankton,2022-11,M8,"Actinastrum hantzschii Lagerheim, 1882",64.0,,Actinastrum hantzschii,2638622.0,exact
AH_PL,Hồ Ayun Hạ,phytoplankton,2022-11,M9,"Actinastrum hantzschii Lagerheim, 1882",200.0,,Actinastrum hantzschii,2638622.0,exact
AH_PL,Hồ Ayun Hạ,phytoplankton,2022-11,M10,"Actinastrum hantzschii Lagerheim, 1882",56.0,,Actinastrum hantzschii,2638622.0,exact
AH_PL,Hồ Ayun Hạ,phytoplankton,2022-11,M1,"Chlorella mucosa Korshikov, 1953",331.0,,Chlorella mucosa,8021157.0,synonym
AH_PL,Hồ Ayun Hạ,phytoplankton,2022-11,M2,"Chlorella mucosa Korshikov, 1953",270.0,,Chlorella mucosa,8021157.0,synonym
AH_PL,Hồ Ayun Hạ,phytoplankton,2022-11,M3,"Chlorella mucosa Korshikov, 1953",390.0,,Chlorella mucosa,8021157.0,synonym
AH_PL,Hồ Ayun Hạ,phytoplankton,2022-11,M4,"Chlorella mucosa Korshikov, 1953",272.0,,Chlorella mucosa,8021157.0,synonym
AH_PL,Hồ Ayun Hạ,phytoplankton,2022-11,M5,"Chlorella mucosa Korshikov, 1953",210.0,,Chlorella mucosa,8021157.0,synonym
AH_PL,Hồ Ayun Hạ,phytoplankton,2022-11,M6,"Chlorella mucosa Korshikov, 1953",122.0,,Chlorella mucosa,8021157.0,synonym
AH_PL,Hồ Ayun Hạ,phytoplankton,2022-11,M7,"Chlorella mucosa Korshikov, 1953",60.0,,Chlorella mucosa,8021157.0,synonym
AH_PL,Hồ Ayun Hạ,phytoplankton,2022-11,M8,"Chlorella mucosa Korshikov, 1953",195.0,,Chlorella mucosa,8021157.0,synonym
AH_PL,Hồ Ayun Hạ,phytoplankton,2022-11,M9,"Chlorella mucosa Korshikov, 1953",108.0,,Chlorella mucosa,8021157.0,synonym
AH_PL,Hồ Ayun Hạ,phytoplankton,2022-11,M10,"Chlorella mucosa Korshikov, 1953",40.0,,Chlorella mucosa,8021157.0,synonym
AH_PL,Hồ Ayun Hạ,phytoplankton,2022-11,M1,"Dictyosphaerium pulchellum H.C. Wood, 1873",13440.0,,Dictyosphaerium pulchellum,2642006.0,synonym
AH_PL,Hồ Ayun Hạ,phytoplankton,2022-11,M2,"Dictyosphaerium pulchellum H.C. Wood, 1873",9792.0,,Dictyosphaerium pulchellum,2642006.0,synonym
AH_PL,Hồ Ayun Hạ,phytoplankton,2022-11,M3,"Dictyosphaerium pulchellum H.C. Wood, 1873",12096.0,,Dictyosphaerium pulchellum,2642006.0,synonym
AH_PL,Hồ Ayun Hạ,phytoplankton,2022-11,M4,"Dictyosphaerium pulchellum H.C. Wood, 1873",8160.0,,Dictyosphaerium pulchellum,2642006.0,synonym
AH_PL,Hồ Ayun Hạ,phytoplankton,2022-11,M5,"Dictyosphaerium pulchellum H.C. Wood, 1873",5880.0,,Dictyosphaerium pulchellum,2642006.0,synonym
AH_PL,Hồ Ayun Hạ,phytoplankton,2022-11,M6,"Dictyosphaerium pulchellum H.C. Wood, 1873",4080.0,,Dictyosphaerium pulchellum,2642006.0,synonym
AH_PL,Hồ Ayun Hạ,phytoplankton,2022-11,M7,"Dictyosphaerium pulchellum H.C. Wood, 1873",3360.0,,Dictyosphaerium pulchellum,2642006.0,synonym
AH_PL,Hồ Ayun Hạ,phytoplankton,2022-11,M8,"Dictyosphaerium pulchellum H.C. Wood, 1873",5040.0,,Dictyosphaerium pulchellum,2642006.0,synonym
AH_PL,Hồ Ayun Hạ,phytoplankton,2022-11,M9,"Dictyosphaerium pulchellum H.C. Wood, 1873",2640.0,,Dictyosphaerium pulchellum,2642006.0,synonym
AH_PL,Hồ Ayun Hạ,phytoplankton,2022-11,M10,"Dictyosphaerium pulchellum H.C. Wood, 1873",2400.0,,Dictyosphaerium pulchellum,2642006.0,synonym
AH_PL,Hồ Ayun Hạ,phytoplankton,2022-11,M1,"Micractinium bornhemiense (W.Conrad) Korshikov, 1953",8316.0,,Micractinium bornhemiense,2641091.0,exact
AH_PL,Hồ Ayun Hạ,phytoplankton,2022-11,M2,"Micractinium bornhemiense (W.Conrad) Korshikov, 1953",5400.0,,Micractinium bornhemiense,2641091.0,exact
AH_PL,Hồ Ayun Hạ,phytoplankton,2022-11,M3,"Micractinium bornhemiense (W.Conrad) Korshikov, 1953",10287.0,,Micractinium bornhemiense,2641091.0,exact
AH_PL,Hồ Ayun Hạ,phytoplankton,2022-11,M4,"Micractinium bornhemiense (W.Conrad) Korshikov, 1953",1770.0,,Micractinium bornhemiense,2641091.0,exact
AH_PL,Hồ Ayun Hạ,phytoplankton,2022-11,M5,"Micractinium bornhemiense (W.Conrad) Korshikov, 1953",1890.0,,Micractinium bornhemiense,2641091.0,exact
AH_PL,Hồ Ayun Hạ,phytoplankton,2022-11,M6,"Micractinium bornhemiense (W.Conrad) Korshikov, 1953",4590.0,,Micractinium bornhemiense,2641091.0,exact
AH_PL,Hồ Ayun Hạ,phytoplankton,2022-11,M7,"Micractinium bornhemiense (W.Conrad) Korshikov, 1953",2160.0,,Micractinium bornhemiense,2641091.0,exact
AH_PL,Hồ Ayun Hạ,phytoplankton,2022-11,M8,"Micractinium bornhemiense (W.Conrad) Korshikov, 1953",1620.0,,Micractinium bornhemiense,2641091.0,exact
AH_PL,Hồ Ayun Hạ,phytoplankton,2022-11,M9,"Micractinium bornhemiense (W.Conrad) Korshikov, 1953",1134.0,,Micractinium bornhemiense,2641091.0,exact
AH_PL,Hồ Ayun Hạ,phytoplankton,2022-11,M10,"Micractinium bornhemiense (W.Conrad) Korshikov, 1953",2160.0,,Micractinium bornhemiense,2641091.0,exact
AH_PL,Hồ Ayun Hạ,phytoplankton,2022-11,M1,"Micractinium pusillum Fresenius, 1858",6160.0,,Micractinium pusillum,2641082.0,exact
AH_PL,Hồ Ayun Hạ,phytoplankton,2022-11,M2,"Micractinium pusillum Fresenius, 1858",5280.0,,Micractinium pusillum,2641082.0,exact
AH_PL,Hồ Ayun Hạ,phytoplankton,2022-11,M3,"Micractinium pusillum Fresenius, 1858",5760.0,,Micractinium pusillum,2641082.0,exact
AH_PL,Hồ Ayun Hạ,phytoplankton,2022-11,M4,"Micractinium pusillum Fresenius, 1858",3440.0,,Micractinium pusillum,2641082.0,exact
AH_PL,Hồ Ayun Hạ,phytoplankton,2022-11,M5,"Micractinium pusillum Fresenius, 1858",2160.0,,Micractinium pusillum,2641082.0,exact
AH_PL,Hồ Ayun Hạ,phytoplankton,2022-11,M6,"Micractinium pusillum Fresenius, 1858",1120.0,,Micractinium pusillum,2641082.0,exact
AH_PL,Hồ Ayun Hạ,phytoplankton,2022-11,M7,"Micractinium pusillum Fresenius, 1858",1120.0,,Micractinium pusillum,2641082.0,exact
AH_PL,Hồ Ayun Hạ,phytoplankton,2022-11,M8,"Micractinium pusillum Fresenius, 1858",720.0,,Micractinium pusillum,2641082.0,exact
AH_PL,Hồ Ayun Hạ,phytoplankton,2022-11,M9,"Micractinium pusillum Fresenius, 1858",640.0,,Micractinium pusillum,2641082.0,exact
AH_PL,Hồ Ayun Hạ,phytoplankton,2022-11,M10,"Micractinium pusillum Fresenius, 1858",448.0,,Micractinium pusillum,2641082.0,exact
AH_PL,Hồ Ayun Hạ,phytoplankton,2022-11,M1,Oocystis sp.,40.0,,Oocystis sp.,2641454.0,exact
AH_PL,Hồ Ayun Hạ,phytoplankton,2022-11,M2,Oocystis sp.,136.0,,Oocystis sp.,2641454.0,exact
AH_PL,Hồ Ayun Hạ,phytoplankton,2022-11,M3,Oocystis sp.,360.0,,Oocystis sp.,2641454.0,exact
AH_PL,Hồ Ayun Hạ,phytoplankton,2022-11,M4,Oocystis sp.,212.0,,Oocystis sp.,2641454.0,exact
AH_PL,Hồ Ayun Hạ,phytoplankton,2022-11,M5,Oocystis sp.,132.0,,Oocystis sp.,2641454.0,exact
AH_PL,Hồ Ayun Hạ,phytoplankton,2022-11,M6,Oocystis sp.,84.0,,Oocystis sp.,2641454.0,exact
AH_PL,Hồ Ayun Hạ,phytoplankton,2022-11,M7,Oocystis sp.,200.0,,Oocystis sp.,2641454.0,exact
AH_PL,Hồ Ayun Hạ,phytoplankton,2022-11,M9,Oocystis sp.,-1.0,,Oocystis sp.,2641454.0,exact
AH_PL,Hồ Ayun Hạ,phytoplankton,2022-11,M1,"Crucigenia fenestrata (Schmidle) Schmidle, 1900",160.0,,Crucigenia fenestrata,2641022.0,exact
AH_PL,Hồ Ayun Hạ,phytoplankton,2022-11,M4,"Crucigenia fenestrata (Schmidle) Schmidle, 1900",48.0,,Crucigenia fenestrata,2641022.0,exact
AH_PL,Hồ Ayun Hạ,phytoplankton,2022-11,M5,"Crucigenia fenestrata (Schmidle) Schmidle, 1900",192.0,,Crucigenia fenestrata,2641022.0,exact
AH_PL,Hồ Ayun Hạ,phytoplankton,2022-11,M7,"Crucigenia fenestrata (Schmidle) Schmidle, 1900",32.0,,Crucigenia fenestrata,2641022.0,exact
AH_PL,Hồ Ayun Hạ,phytoplankton,2022-11,M8,"Crucigenia fenestrata (Schmidle) Schmidle, 1900",240.0,,Crucigenia fenestrata,2641022.0,exact
AH_PL,Hồ Ayun Hạ,phytoplankton,2022-11,M9,"Crucigenia fenestrata (Schmidle) Schmidle, 1900",48.0,,Crucigenia fenestrata,2641022.0,exact
AH_PL,Hồ Ayun Hạ,phytoplankton,2022-11,M1,"Ulothrix fimbriata Bold, 1958",149500.0,,Ulothrix fimbriata,2646309.0,exact
AH_PL,Hồ Ayun Hạ,phytoplankton,2022-11,M2,"Ulothrix fimbriata Bold, 1958",166520.0,,Ulothrix fimbriata,2646309.0,exact
AH_PL,Hồ Ayun Hạ,phytoplankton,2022-11,M3,"Ulothrix fimbriata Bold, 1958",78660.0,,Ulothrix fimbriata,2646309.0,exact
AH_PL,Hồ Ayun Hạ,phytoplankton,2022-11,M4,"Ulothrix fimbriata Bold, 1958",84180.0,,Ulothrix fimbriata,2646309.0,exact
AH_PL,Hồ Ayun Hạ,phytoplankton,2022-11,M5,"Ulothrix fimbriata Bold, 1958",109940.0,,Ulothrix fimbriata,2646309.0,exact
AH_PL,Hồ Ayun Hạ,phytoplankton,2022-11,M6,"Ulothrix fimbriata Bold, 1958",52900.0,,Ulothrix fimbriata,2646309.0,exact
AH_PL,Hồ Ayun Hạ,phytoplankton,2022-11,M7,"Ulothrix fimbriata Bold, 1958",38640.0,,Ulothrix fimbriata,2646309.0,exact
AH_PL,Hồ Ayun Hạ,phytoplankton,2022-11,M8,"Ulothrix fimbriata Bold, 1958",103500.0,,Ulothrix fimbriata,2646309.0,exact
AH_PL,Hồ Ayun Hạ,phytoplankton,2022-11,M9,"Ulothrix fimbriata Bold, 1958",32660.0,,Ulothrix fimbriata,2646309.0,exact
AH_PL,Hồ Ayun Hạ,phytoplankton,2022-11,M10,"Ulothrix fimbriata Bold, 1958",22080.0,,Ulothrix fimbriata,2646309.0,exact
AH_PL,Hồ Ayun Hạ,phytoplankton,2022-11,M10,"Closterium gracile Brébisson ex Ralfs, 1848",4.0,,Closterium gracile,2646362.0,exact
AH_PL,Hồ Ayun Hạ,phytoplankton,2022-11,M1,"Cosmarium contractum Kirchner, 1878",23.0,,Cosmarium contractum,5274443.0,exact
AH_PL,Hồ Ayun Hạ,phytoplankton,2022-11,M2,"Cosmarium contractum Kirchner, 1878",5.0,,Cosmarium contractum,5274443.0,exact
AH_PL,Hồ Ayun Hạ,phytoplankton,2022-11,M3,"Cosmarium contractum Kirchner, 1878",42.0,,Cosmarium contractum,5274443.0,exact
AH_PL,Hồ Ayun Hạ,phytoplankton,2022-11,M4,"Cosmarium contractum Kirchner, 1878",10.0,,Cosmarium contractum,5274443.0,exact
AH_PL,Hồ Ayun Hạ,phytoplankton,2022-11,M9,"Cosmarium contractum Kirchner, 1878",52.0,,Cosmarium contractum,5274443.0,exact
AH_PL,Hồ Ayun Hạ,phytoplankton,2022-11,M1,"Cosmarium lundellii Delponte, 1877",2.0,,Cosmarium lundellii,5274185.0,exact
AH_PL,Hồ Ayun Hạ,phytoplankton,2022-11,M2,"Cosmarium lundellii Delponte, 1877",1.0,,Cosmarium lundellii,5274185.0,exact
AH_PL,Hồ Ayun Hạ,phytoplankton,2022-11,M3,"Cosmarium lundellii Delponte, 1877",1.0,,Cosmarium lundellii,5274185.0,exact
AH_PL,Hồ Ayun Hạ,phytoplankton,2022-11,M4,"Cosmarium lundellii Delponte, 1877",5.0,,Cosmarium lundellii,5274185.0,exact
AH_PL,Hồ Ayun Hạ,phytoplankton,2022-11,M5,"Cosmarium lundellii Delponte, 1877",4.0,,Cosmarium lundellii,5274185.0,exact
AH_PL,Hồ Ayun Hạ,phytoplankton,2022-11,M6,"Cosmarium lundellii Delponte, 1877",30.0,,Cosmarium lundellii,5274185.0,exact
AH_PL,Hồ Ayun Hạ,phytoplankton,2022-11,M7,"Cosmarium lundellii Delponte, 1877",-1.0,,Cosmarium lundellii,5274185.0,exact
AH_PL,Hồ Ayun Hạ,phytoplankton,2022-11,M1,"Cosmarium margaritatum (P.Lundell) J.Roy & Bisset, 1886",1.0,,Cosmarium margaritatum,5273970.0,exact
AH_PL,Hồ Ayun Hạ,phytoplankton,2022-11,M3,"Cosmarium margaritatum (P.Lundell) J.Roy & Bisset, 1886",7.0,,Cosmarium margaritatum,5273970.0,exact
AH_PL,Hồ Ayun Hạ,phytoplankton,2022-11,M4,"Cosmarium margaritatum (P.Lundell) J.Roy & Bisset, 1886",6.0,,Cosmarium margaritatum,5273970.0,exact
AH_PL,Hồ Ayun Hạ,phytoplankton,2022-11,M5,"Cosmarium margaritatum (P.Lundell) J.Roy & Bisset, 1886",4.0,,Cosmarium margaritatum,5273970.0,exact
AH_PL,Hồ Ayun Hạ,phytoplankton,2022-11,M6,"Cosmarium margaritatum (P.Lundell) J.Roy & Bisset, 1886",10.0,,Cosmarium margaritatum,5273970.0,exact
AH_PL,Hồ Ayun Hạ,phytoplankton,2022-11,M7,"Cosmarium margaritatum (P.Lundell) J.Roy & Bisset, 1886",4.0,,Cosmarium margaritatum,5273970.0,exact
AH_PL,Hồ Ayun Hạ,phytoplankton,2022-11,M8,"Cosmarium margaritatum (P.Lundell) J.Roy & Bisset, 1886",-1.0,,Cosmarium margaritatum,5273970.0,exact
AH_PL,Hồ Ayun Hạ,phytoplankton,2022-11,M9,"Cosmarium margaritatum (P.Lundell) J.Roy & Bisset, 1886",-1.0,,Cosmarium margaritatum,5273970.0,exact
AH_PL,Hồ Ayun Hạ,phytoplankton,2022-11,M10,"Cosmarium margaritatum (P.Lundell) J.Roy & Bisset, 1886",-1.0,,Cosmarium margaritatum,5273970.0,exact
AH_PL,Hồ Ayun Hạ,phytoplankton,2022-11,M1,"Cosmarium obtusatum (Schmidle) Schmidle, 1898",3.0,,Cosmarium obtusatum,5274561.0,exact
AH_PL,Hồ Ayun Hạ,phytoplankton,2022-11,M1,"Cosmarium perfissum G.S.West, 1909",32.0,,Cosmarium perfissum,6.0,higherrank
AH_PL,Hồ Ayun Hạ,phytoplankton,2022-11,M2,"Cosmarium perfissum G.S.West, 1909",32.0,,Cosmarium perfissum,6.0,higherrank
AH_PL,Hồ Ayun Hạ,phytoplankton,2022-11,M3,"Cosmarium perfissum G.S.West, 1909",4.0,,Cosmarium perfissum,6.0,higherrank
AH_PL,Hồ Ayun Hạ,phytoplankton,2022-11,M4,"Cosmarium perfissum G.S.West, 1909",6.0,,Cosmarium perfissum,6.0,higherrank
AH_PL,Hồ Ayun Hạ,phytoplankton,2022-11,M5,"Cosmarium perfissum G.S.West, 1909",18.0,,Cosmarium perfissum,6.0,higherrank
AH_PL,Hồ Ayun Hạ,phytoplankton,2022-11,M6,"Cosmarium perfissum G.S.West, 1909",11.0,,Cosmarium perfissum,6.0,higherrank
AH_PL,Hồ Ayun Hạ,phytoplankton,2022-11,M7,"Cosmarium perfissum G.S.West, 1909",6.0,,Cosmarium perfissum,6.0,higherrank
AH_PL,Hồ Ayun Hạ,phytoplankton,2022-11,M8,"Cosmarium perfissum G.S.West, 1909",7.0,,Cosmarium perfissum,6.0,higherrank
AH_PL,Hồ Ayun Hạ,phytoplankton,2022-11,M9,"Cosmarium perfissum G.S.West, 1909",15.0,,Cosmarium perfissum,6.0,higherrank
AH_PL,Hồ Ayun Hạ,phytoplankton,2022-11,M1,Cosmarium sp.,60.0,,Cosmarium sp.,2648709.0,exact
AH_PL,Hồ Ayun Hạ,phytoplankton,2022-11,M1,Euastrum sp.,60.0,,Euastrum sp.,6.0,higherrank
AH_PL,Hồ Ayun Hạ,phytoplankton,2022-11,M3,"Euastrum spinulosum Delponte, 1876",6.0,,Euastrum spinulosum,2648424.0,exact
AH_PL,Hồ Ayun Hạ,phytoplankton,2022-11,M2,"Staurastrum megacanthum P.Lundell, 1871",14.0,,Staurastrum megacanthum,2647386.0,synonym
AH_PL,Hồ Ayun Hạ,phytoplankton,2022-11,M4,"Staurastrum megacanthum P.Lundell, 1871",20.0,,Staurastrum megacanthum,2647386.0,synonym
AH_PL,Hồ Ayun Hạ,phytoplankton,2022-11,M7,"Staurastrum megacanthum P.Lundell, 1871",-1.0,,Staurastrum megacanthum,2647386.0,synonym
AH_PL,Hồ Ayun Hạ,phytoplankton,2022-11,M8,"Staurastrum megacanthum P.Lundell, 1871",12.0,,Staurastrum megacanthum,2647386.0,synonym
AH_PL,Hồ Ayun Hạ,phytoplankton,2022-11,M1,"Staurastrum natator West, 1892",154.0,,Staurastrum natator,2648127.0,exact
AH_PL,Hồ Ayun Hạ,phytoplankton,2022-11,M2,"Staurastrum natator West, 1892",656.0,,Staurastrum natator,2648127.0,exact
AH_PL,Hồ Ayun Hạ,phytoplankton,2022-11,M3,"Staurastrum natator West, 1892",300.0,,Staurastrum natator,2648127.0,exact
AH_PL,Hồ Ayun Hạ,phytoplankton,2022-11,M4,"Staurastrum natator West, 1892",130.0,,Staurastrum natator,2648127.0,exact
AH_PL,Hồ Ayun Hạ,phytoplankton,2022-11,M5,"Staurastrum natator West, 1892",420.0,,Staurastrum natator,2648127.0,exact
AH_PL,Hồ Ayun Hạ,phytoplankton,2022-11,M6,"Staurastrum natator West, 1892",600.0,,Staurastrum natator,2648127.0,exact
AH_PL,Hồ Ayun Hạ,phytoplankton,2022-11,M7,"Staurastrum natator West, 1892",360.0,,Staurastrum natator,2648127.0,exact
AH_PL,Hồ Ayun Hạ,phytoplankton,2022-11,M8,"Staurastrum natator West, 1892",390.0,,Staurastrum natator,2648127.0,exact
AH_PL,Hồ Ayun Hạ,phytoplankton,2022-11,M9,"Staurastrum natator West, 1892",240.0,,Staurastrum natator,2648127.0,exact
AH_PL,Hồ Ayun Hạ,phytoplankton,2022-11,M10,"Staurastrum natator West, 1892",400.0,,Staurastrum natator,2648127.0,exact
AH_PL,Hồ Ayun Hạ,phytoplankton,2022-11,M7,"Staurastrum ophiura P.Lundell, 1871",4.0,,Staurastrum ophiura,2647965.0,exact
AH_PL,Hồ Ayun Hạ,phytoplankton,2022-11,M9,"Staurastrum ophiura P.Lundell, 1871",6.0,,Staurastrum ophiura,2647965.0,exact
AH_PL,Hồ Ayun Hạ,phytoplankton,2022-11,M10,"Staurastrum ophiura P.Lundell, 1871",-1.0,,Staurastrum ophiura,2647965.0,exact
AH_PL,Hồ Ayun Hạ,phytoplankton,2022-11,M2,"Staurastrum protectum West & G.S.West, 1908",6.0,,Staurastrum protectum,2647840.0,exact
AH_PL,Hồ Ayun Hạ,phytoplankton,2022-11,M3,"Staurastrum protectum West & G.S.West, 1908",12.0,,Staurastrum protectum,2647840.0,exact
AH_PL,Hồ Ayun Hạ,phytoplankton,2022-11,M4,"Staurastrum protectum West & G.S.West, 1908",4.0,,Staurastrum protectum,2647840.0,exact
AH_PL,Hồ Ayun Hạ,phytoplankton,2022-11,M5,"Staurastrum protectum West & G.S.West, 1908",30.0,,Staurastrum protectum,2647840.0,exact
AH_PL,Hồ Ayun Hạ,phytoplankton,2022-11,M6,"Staurastrum protectum West & G.S.West, 1908",40.0,,Staurastrum protectum,2647840.0,exact
AH_PL,Hồ Ayun Hạ,phytoplankton,2022-11,M7,"Staurastrum protectum West & G.S.West, 1908",-1.0,,Staurastrum protectum,2647840.0,exact
AH_PL,Hồ Ayun Hạ,phytoplankton,2022-11,M8,"Staurastrum protectum West & G.S.West, 1908",12.0,,Staurastrum protectum,2647840.0,exact
AH_PL,Hồ Ayun Hạ,phytoplankton,2022-11,M1,Staurastrum sp.,256.0,,Staurastrum sp.,2647648.0,exact
AH_PL,Hồ Ayun Hạ,phytoplankton,2022-11,M2,Staurastrum sp.,420.0,,Staurastrum sp.,2647648.0,exact
AH_PL,Hồ Ayun Hạ,phytoplankton,2022-11,M3,Staurastrum sp.,420.0,,Staurastrum sp.,2647648.0,exact
AH_PL,Hồ Ayun Hạ,phytoplankton,2022-11,M4,Staurastrum sp.,180.0,,Staurastrum sp.,2647648.0,exact
AH_PL,Hồ Ayun Hạ,phytoplankton,2022-11,M5,Staurastrum sp.,190.0,,Staurastrum sp.,2647648.0,exact
AH_PL,Hồ Ayun Hạ,phytoplankton,2022-11,M6,Staurastrum sp.,180.0,,Staurastrum sp.,2647648.0,exact
AH_PL,Hồ Ayun Hạ,phytoplankton,2022-11,M7,Staurastrum sp.,120.0,,Staurastrum sp.,2647648.0,exact
AH_PL,Hồ Ayun Hạ,phytoplankton,2022-11,M8,Staurastrum sp.,300.0,,Staurastrum sp.,2647648.0,exact
AH_PL,Hồ Ayun Hạ,phytoplankton,2022-11,M9,Staurastrum sp.,320.0,,Staurastrum sp.,2647648.0,exact
AH_PL,Hồ Ayun Hạ,phytoplankton,2022-11,M10,Staurastrum sp.,400.0,,Staurastrum sp.,2647648.0,exact
AH_PL,Hồ Ayun Hạ,phytoplankton,2022-11,M1,"Staurastrum vaasii A.M.Scott & Prescott, 1961",462.0,,Staurastrum vaasii,2647648.0,higherrank
AH_PL,Hồ Ayun Hạ,phytoplankton,2022-11,M2,"Staurastrum vaasii A.M.Scott & Prescott, 1961",2080.0,,Staurastrum vaasii,2647648.0,higherrank
AH_PL,Hồ Ayun Hạ,phytoplankton,2022-11,M3,"Staurastrum vaasii A.M.Scott & Prescott, 1961",300.0,,Staurastrum vaasii,2647648.0,higherrank
AH_PL,Hồ Ayun Hạ,phytoplankton,2022-11,M4,"Staurastrum vaasii A.M.Scott & Prescott, 1961",420.0,,Staurastrum vaasii,2647648.0,higherrank
AH_PL,Hồ Ayun Hạ,phytoplankton,2022-11,M5,"Staurastrum vaasii A.M.Scott & Prescott, 1961",520.0,,Staurastrum vaasii,2647648.0,higherrank
AH_PL,Hồ Ayun Hạ,phytoplankton,2022-11,M6,"Staurastrum vaasii A.M.Scott & Prescott, 1961",540.0,,Staurastrum vaasii,2647648.0,higherrank
AH_PL,Hồ Ayun Hạ,phytoplankton,2022-11,M7,"Staurastrum vaasii A.M.Scott & Prescott, 1961",480.0,,Staurastrum vaasii,2647648.0,higherrank
AH_PL,Hồ Ayun Hạ,phytoplankton,2022-11,M8,"Staurastrum vaasii A.M.Scott & Prescott, 1961",930.0,,Staurastrum vaasii,2647648.0,higherrank
AH_PL,Hồ Ayun Hạ,phytoplankton,2022-11,M9,"Staurastrum vaasii A.M.Scott & Prescott, 1961",2324.0,,Staurastrum vaasii,2647648.0,higherrank
AH_PL,Hồ Ayun Hạ,phytoplankton,2022-11,M10,"Staurastrum vaasii A.M.Scott & Prescott, 1961",1336.0,,Staurastrum vaasii,2647648.0,higherrank
AH_PL,Hồ Ayun Hạ,phytoplankton,2022-11,M3,"Euglena gracilis G.A.Klebs, 1883",3.0,,Euglena gracilis,7465722.0,exact
AH_PL,Hồ Ayun Hạ,phytoplankton,2022-11,M7,"Euglena gracilis G.A.Klebs, 1883",38.0,,Euglena gracilis,7465722.0,exact
AH_PL,Hồ Ayun Hạ,phytoplankton,2022-11,M10,"Euglena gracilis G.A.Klebs, 1883",8.0,,Euglena gracilis,7465722.0,exact
AH_PL,Hồ Ayun Hạ,phytoplankton,2022-11,M3,"Euglena oxyuris Schmarda, 1846",12.0,,Euglena oxyuris,3209849.0,synonym
AH_PL,Hồ Ayun Hạ,phytoplankton,2022-11,M7,"Euglena oxyuris Schmarda, 1846",2.0,,Euglena oxyuris,3209849.0,synonym
AH_PL,Hồ Ayun Hạ,phytoplankton,2022-11,M9,"Euglena oxyuris Schmarda, 1846",2.0,,Euglena oxyuris,3209849.0,synonym
AH_PL,Hồ Ayun Hạ,phytoplankton,2022-11,M7,"Euglena polymorpha P.A.Dangeard, 1902",2.0,,Euglena polymorpha,8280463.0,synonym
AH_PL,Hồ Ayun Hạ,phytoplankton,2022-11,M10,Strombomonas sp.,8.0,,Strombomonas sp.,3208654.0,exact
AH_PL,Hồ Ayun Hạ,phytoplankton,2022-11,M7,"Trachelomonas armata (Ehrenberg) F.Stein, 1878",8.0,,Trachelomonas armata,3208921.0,exact
AH_PL,Hồ Ayun Hạ,phytoplankton,2022-11,M10,"Trachelomonas armata (Ehrenberg) F.Stein, 1878",20.0,,Trachelomonas armata,3208921.0,exact
AH_PL,Hồ Ayun Hạ,phytoplankton,2022-11,M10,"Phacus pleuronectes (O.F.Müller) Nitzsch ex Dujardin, 1841",-1.0,,Phacus pleuronectes,5425077.0,exact
AH_PL,Hồ Ayun Hạ,phytoplankton,2022-11,M5,Phacus sp.,2.0,,Phacus sp.,6761067.0,exact
AH_PL,Hồ Ayun Hạ,phytoplankton,2022-11,M7,Phacus sp.,2.0,,Phacus sp.,6761067.0,exact
AH_PL,Hồ Ayun Hạ,phytoplankton,2022-11,M8,Phacus sp.,6.0,,Phacus sp.,6761067.0,exact
AH_PL,Hồ Ayun Hạ,phytoplankton,2022-11,M9,Phacus sp.,3.0,,Phacus sp.,6761067.0,exact
AH_PL,Hồ Ayun Hạ,phytoplankton,2022-11,M10,Phacus sp.,20.0,,Phacus sp.,6761067.0,exact
AH_PL,Hồ Ayun Hạ,phytoplankton,2022-11,M4,"Ceratium hirundinella (O.F.Müller) Dujardin, 1841",5.0,,Ceratium hirundinella,7598904.0,exact
AH_PL,Hồ Ayun Hạ,phytoplankton,2022-11,M5,"Ceratium hirundinella (O.F.Müller) Dujardin, 1841",7.0,,Ceratium hirundinella,7598904.0,exact
AH_PL,Hồ Ayun Hạ,phytoplankton,2022-11,M7,"Ceratium hirundinella (O.F.Müller) Dujardin, 1841",2.0,,Ceratium hirundinella,7598904.0,exact
AH_PL,Hồ Ayun Hạ,phytoplankton,2022-11,M8,"Ceratium hirundinella (O.F.Müller) Dujardin, 1841",3.0,,Ceratium hirundinella,7598904.0,exact
AH_PL,Hồ Ayun Hạ,phytoplankton,2022-11,M9,"Ceratium hirundinella (O.F.Müller) Dujardin, 1841",12.0,,Ceratium hirundinella,7598904.0,exact
AH_PL,Hồ Ayun Hạ,phytoplankton,2022-11,M3,Peridinium sp.,15.0,,Peridinium sp.,7536081.0,exact
AH_PL,Hồ Ayun Hạ,phytoplankton,2022-11,M4,Peridinium sp.,1.0,,Peridinium sp.,7536081.0,exact
AH_PL,Hồ Ayun Hạ,phytoplankton,2022-11,M1,Peridinium sp1,4.0,,Peridinium sp.1,7536081.0,exact
AH_PL,Hồ Ayun Hạ,phytoplankton,2022-11,M2,Peridinium sp1,3.0,,Peridinium sp.1,7536081.0,exact
AH_PL,Hồ Ayun Hạ,phytoplankton,2022-11,M3,Peridinium sp1,18.0,,Peridinium sp.1,7536081.0,exact
AH_PL,Hồ Ayun Hạ,phytoplankton,2022-11,M4,Peridinium sp1,1.0,,Peridinium sp.1,7536081.0,exact
AH_PL,Hồ Ayun Hạ,phytoplankton,2022-11,M5,Peridinium sp1,14.0,,Peridinium sp.1,7536081.0,exact
AH_PL,Hồ Ayun Hạ,phytoplankton,2022-11,M6,Peridinium sp1,3.0,,Peridinium sp.1,7536081.0,exact
AH_PL,Hồ Ayun Hạ,phytoplankton,2022-11,M7,Peridinium sp1,30.0,,Peridinium sp.1,7536081.0,exact
AH_PL,Hồ Ayun Hạ,phytoplankton,2022-11,M8,Peridinium sp1,117.0,,Peridinium sp.1,7536081.0,exact
AH_PL,Hồ Ayun Hạ,phytoplankton,2022-11,M9,Peridinium sp1,76.0,,Peridinium sp.1,7536081.0,exact
AH_PL,Hồ Ayun Hạ,phytoplankton,2022-11,M10,Peridinium sp1,104.0,,Peridinium sp.1,7536081.0,exact
AH_PL,Hồ Ayun Hạ,zooplankton,2021-03,M3,Difflugia corona Wallich,-1.0,,Difflugia corona,5425228.0,exact
AH_PL,Hồ Ayun Hạ,zooplankton,2021-03,M11,Difflugia corona Wallich,1500.0,,Difflugia corona,5425228.0,exact
AH_PL,Hồ Ayun Hạ,zooplankton,2021-03,M4,Hexathra mira (Hudson),500.0,,Hexathra mira,1000447.0,fuzzy
AH_PL,Hồ Ayun Hạ,zooplankton,2021-03,M1,Pompholyx complanata Gosse,2500.0,,Pompholyx complanata,1000700.0,exact
AH_PL,Hồ Ayun Hạ,zooplankton,2021-03,M3,Filinia longiseta Ehrenberg,500.0,,Filinia longiseta,1000461.0,exact
AH_PL,Hồ Ayun Hạ,zooplankton,2021-03,M4,Brachionus angularis Gosse,500.0,,Brachionus angularis,4984131.0,exact
AH_PL,Hồ Ayun Hạ,zooplankton,2021-03,M4,Brachionus calyciflorus calyciflorus Pallas,500.0,,Brachionus calyciflorus,4984102.0,exact
AH_PL,Hồ Ayun Hạ,zooplankton,2021-03,M11,Brachionus calyciflorus calyciflorus Pallas,1500.0,,Brachionus calyciflorus,4984102.0,exact
AH_PL,Hồ Ayun Hạ,zooplankton,2021-03,M1,Brachionus falcatus Zacharias,500.0,,Brachionus falcatus,4984079.0,exact
AH_PL,Hồ Ayun Hạ,zooplankton,2021-03,M1,Keratella tropica (Apstein),500.0,,Keratella tropica,1002621.0,exact
AH_PL,Hồ Ayun Hạ,zooplankton,2021-03,M5,Polyarthra vulgaris Carlin,500.0,,Polyarthra vulgaris,1003112.0,exact
AH_PL,Hồ Ayun Hạ,zooplankton,2021-03,M11,Trichocerca rattus (Müller),1500.0,,Trichocerca rattus,1002070.0,exact
AH_PL,Hồ Ayun Hạ,zooplankton,2021-03,M7,Trichocerca similis Wierzejski,500.0,,Trichocerca similis,1002086.0,exact
AH_PL,Hồ Ayun Hạ,zooplankton,2021-03,M8,Trichocerca similis Wierzejski,1000.0,,Trichocerca similis,1002086.0,exact
AH_PL,Hồ Ayun Hạ,zooplankton,2021-03,M9,Bosminopsis deitersi Richard,1000.0,,Bosminopsis deitersi,2234688.0,exact
AH_PL,Hồ Ayun Hạ,zooplankton,2021-03,M10,Bosminopsis deitersi Richard,1000.0,,Bosminopsis deitersi,2234688.0,exact
AH_PL,Hồ Ayun Hạ,zooplankton,2021-03,M11,Bosminopsis deitersi Richard,3000.0,,Bosminopsis deitersi,2234688.0,exact
AH_PL,Hồ Ayun Hạ,zooplankton,2021-03,M4,Bosmina longirostris (O.F. Müller),500.0,,Bosmina longirostris,2234694.0,exact
AH_PL,Hồ Ayun Hạ,zooplankton,2021-03,M9,Bosmina longirostris (O.F. Müller),1000.0,,Bosmina longirostris,2234694.0,exact
AH_PL,Hồ Ayun Hạ,zooplankton,2021-03,M11,Bosmina longirostris (O.F. Müller),4500.0,,Bosmina longirostris,2234694.0,exact
AH_PL,Hồ Ayun Hạ,zooplankton,2021-03,M4,Ceriodaphnia rigaudii Richard,500.0,,Ceriodaphnia rigaudii,2234856.0,fuzzy
AH_PL,Hồ Ayun Hạ,zooplankton,2021-03,M9,Ceriodaphnia rigaudii Richard,2000.0,,Ceriodaphnia rigaudii,2234856.0,fuzzy
AH_PL,Hồ Ayun Hạ,zooplankton,2021-03,M11,Ceriodaphnia rigaudii Richard,3000.0,,Ceriodaphnia rigaudii,2234856.0,fuzzy
AH_PL,Hồ Ayun Hạ,zooplankton,2021-03,M1,Pseudodiaptomus sp.,1500.0,,Pseudodiaptomus sp.,2114761.0,exact
AH_PL,Hồ Ayun Hạ,zooplankton,2021-03,M2,Pseudodiaptomus sp.,-1.0,,Pseudodiaptomus sp.,2114761.0,exact
AH_PL,Hồ Ayun Hạ,zooplankton,2021-03,M3,Pseudodiaptomus sp.,500.0,,Pseudodiaptomus sp.,2114761.0,exact
AH_PL,Hồ Ayun Hạ,zooplankton,2021-03,M4,Pseudodiaptomus sp.,1000.0,,Pseudodiaptomus sp.,2114761.0,exact
AH_PL,Hồ Ayun Hạ,zooplankton,2021-03,M5,Pseudodiaptomus sp.,500.0,,Pseudodiaptomus sp.,2114761.0,exact
AH_PL,Hồ Ayun Hạ,zooplankton,2021-03,M6,Pseudodiaptomus sp.,39000.0,,Pseudodiaptomus sp.,2114761.0,exact
AH_PL,Hồ Ayun Hạ,zooplankton,2021-03,M9,Pseudodiaptomus sp.,1000.0,,Pseudodiaptomus sp.,2114761.0,exact
AH_PL,Hồ Ayun Hạ,zooplankton,2021-03,M10,Pseudodiaptomus sp.,2000.0,,Pseudodiaptomus sp.,2114761.0,exact
AH_PL,Hồ Ayun Hạ,zooplankton,2021-03,M1,Microcyclops varicans Sars,500.0,,Microcyclops varicans,2116917.0,exact
AH_PL,Hồ Ayun Hạ,zooplankton,2021-03,M2,Microcyclops varicans Sars,500.0,,Microcyclops varicans,2116917.0,exact
AH_PL,Hồ Ayun Hạ,zooplankton,2021-03,M3,Microcyclops varicans Sars,-1.0,,Microcyclops varicans,2116917.0,exact
AH_PL,Hồ Ayun Hạ,zooplankton,2021-03,M4,Microcyclops varicans Sars,2000.0,,Microcyclops varicans,2116917.0,exact
AH_PL,Hồ Ayun Hạ,zooplankton,2021-03,M5,Microcyclops varicans Sars,5500.0,,Microcyclops varicans,2116917.0,exact
AH_PL,Hồ Ayun Hạ,zooplankton,2021-03,M6,Microcyclops varicans Sars,36000.0,,Microcyclops varicans,2116917.0,exact
AH_PL,Hồ Ayun Hạ,zooplankton,2021-03,M7,Microcyclops varicans Sars,2000.0,,Microcyclops varicans,2116917.0,exact
AH_PL,Hồ Ayun Hạ,zooplankton,2021-03,M8,Microcyclops varicans Sars,16000.0,,Microcyclops varicans,2116917.0,exact
AH_PL,Hồ Ayun Hạ,zooplankton,2021-03,M9,Microcyclops varicans Sars,13000.0,,Microcyclops varicans,2116917.0,exact
AH_PL,Hồ Ayun Hạ,zooplankton,2021-03,M10,Microcyclops varicans Sars,6000.0,,Microcyclops varicans,2116917.0,exact
AH_PL,Hồ Ayun Hạ,zooplankton,2021-03,M11,Microcyclops varicans Sars,46500.0,,Microcyclops varicans,2116917.0,exact
AH_PL,Hồ Ayun Hạ,zooplankton,2021-03,M1,Bivalvia,500.0,,Bivalvia,137.0,exact
AH_PL,Hồ Ayun Hạ,zooplankton,2021-03,M2,Bivalvia,500.0,,Bivalvia,137.0,exact
AH_PL,Hồ Ayun Hạ,zooplankton,2021-03,M3,Bivalvia,2000.0,,Bivalvia,137.0,exact
AH_PL,Hồ Ayun Hạ,zooplankton,2021-03,M4,Bivalvia,6000.0,,Bivalvia,137.0,exact
AH_PL,Hồ Ayun Hạ,zooplankton,2021-03,M5,Bivalvia,2500.0,,Bivalvia,137.0,exact
AH_PL,Hồ Ayun Hạ,zooplankton,2021-03,M6,Bivalvia,1000.0,,Bivalvia,137.0,exact
AH_PL,Hồ Ayun Hạ,zooplankton,2021-03,M8,Bivalvia,4000.0,,Bivalvia,137.0,exact
AH_PL,Hồ Ayun Hạ,zooplankton,2021-03,M9,Bivalvia,1000.0,,Bivalvia,137.0,exact
AH_PL,Hồ Ayun Hạ,zooplankton,2021-03,M10,Bivalvia,2000.0,,Bivalvia,137.0,exact
AH_PL,Hồ Ayun Hạ,zooplankton,2021-03,M1,Copepoda nauplius,12000.0,,Copepoda,11545536.0,exact
AH_PL,Hồ Ayun Hạ,zooplankton,2021-03,M2,Copepoda nauplius,1000.0,,Copepoda,11545536.0,exact
AH_PL,Hồ Ayun Hạ,zooplankton,2021-03,M3,Copepoda nauplius,1000.0,,Copepoda,11545536.0,exact
AH_PL,Hồ Ayun Hạ,zooplankton,2021-03,M4,Copepoda nauplius,4500.0,,Copepoda,11545536.0,exact
AH_PL,Hồ Ayun Hạ,zooplankton,2021-03,M5,Copepoda nauplius,11500.0,,Copepoda,11545536.0,exact
AH_PL,Hồ Ayun Hạ,zooplankton,2021-03,M6,Copepoda nauplius,8000.0,,Copepoda,11545536.0,exact
AH_PL,Hồ Ayun Hạ,zooplankton,2021-03,M7,Copepoda nauplius,5000.0,,Copepoda,11545536.0,exact
AH_PL,Hồ Ayun Hạ,zooplankton,2021-03,M8,Copepoda nauplius,19000.0,,Copepoda,11545536.0,exact
AH_PL,Hồ Ayun Hạ,zooplankton,2021-03,M9,Copepoda nauplius,14000.0,,Copepoda,11545536.0,exact
AH_PL,Hồ Ayun Hạ,zooplankton,2021-03,M10,Copepoda nauplius,16000.0,,Copepoda,11545536.0,exact
AH_PL,Hồ Ayun Hạ,zooplankton,2021-03,M11,Copepoda nauplius,19500.0,,Copepoda,11545536.0,exact
AH_PL,Hồ Ayun Hạ,zooplankton,2021-05,M4,Difflugia corona Wallich,300.0,,Difflugia corona,5425228.0,exact
AH_PL,Hồ Ayun Hạ,zooplankton,2021-05,M5,Difflugia corona Wallich,1200.0,,Difflugia corona,5425228.0,exact
AH_PL,Hồ Ayun Hạ,zooplankton,2021-05,M6,Difflugia corona Wallich,700.0,,Difflugia corona,5425228.0,exact
AH_PL,Hồ Ayun Hạ,zooplankton,2021-05,M7,Difflugia corona Wallich,650.0,,Difflugia corona,5425228.0,exact
AH_PL,Hồ Ayun Hạ,zooplankton,2021-05,M8,Difflugia corona Wallich,800.0,,Difflugia corona,5425228.0,exact
AH_PL,Hồ Ayun Hạ,zooplankton,2021-05,M9,Difflugia corona Wallich,800.0,,Difflugia corona,5425228.0,exact
AH_PL,Hồ Ayun Hạ,zooplankton,2021-05,M10,Difflugia corona Wallich,19200.0,,Difflugia corona,5425228.0,exact
AH_PL,Hồ Ayun Hạ,zooplankton,2021-05,M1,Difflugia urceolata Carter,1100.0,,Difflugia urceolata,5425233.0,exact
AH_PL,Hồ Ayun Hạ,zooplankton,2021-05,M2,Difflugia urceolata Carter,4200.0,,Difflugia urceolata,5425233.0,exact
AH_PL,Hồ Ayun Hạ,zooplankton,2021-05,M3,Difflugia urceolata Carter,1800.0,,Difflugia urceolata,5425233.0,exact
AH_PL,Hồ Ayun Hạ,zooplankton,2021-05,M4,Difflugia urceolata Carter,5400.0,,Difflugia urceolata,5425233.0,exact
AH_PL,Hồ Ayun Hạ,zooplankton,2021-05,M5,Difflugia urceolata Carter,20800.0,,Difflugia urceolata,5425233.0,exact
AH_PL,Hồ Ayun Hạ,zooplankton,2021-05,M6,Difflugia urceolata Carter,19200.0,,Difflugia urceolata,5425233.0,exact
AH_PL,Hồ Ayun Hạ,zooplankton,2021-05,M7,Difflugia urceolata Carter,6400.0,,Difflugia urceolata,5425233.0,exact
AH_PL,Hồ Ayun Hạ,zooplankton,2021-05,M8,Difflugia urceolata Carter,15000.0,,Difflugia urceolata,5425233.0,exact
AH_PL,Hồ Ayun Hạ,zooplankton,2021-05,M9,Difflugia urceolata Carter,12800.0,,Difflugia urceolata,5425233.0,exact
AH_PL,Hồ Ayun Hạ,zooplankton,2021-05,M10,Difflugia urceolata Carter,19800.0,,Difflugia urceolata,5425233.0,exact
AH_PL,Hồ Ayun Hạ,zooplankton,2021-05,M11,Difflugia urceolata Carter,42000.0,,Difflugia urceolata,5425233.0,exact
AH_PL,Hồ Ayun Hạ,zooplankton,2021-05,M3,Difflugia sp.,700.0,,Difflugia sp.,5428692.0,exact
AH_PL,Hồ Ayun Hạ,zooplankton,2021-05,M4,Difflugia sp.,300.0,,Difflugia sp.,5428692.0,exact
AH_PL,Hồ Ayun Hạ,zooplankton,2021-05,M5,Difflugia sp.,800.0,,Difflugia sp.,5428692.0,exact
AH_PL,Hồ Ayun Hạ,zooplankton,2021-05,M7,Difflugia sp.,900.0,,Difflugia sp.,5428692.0,exact
AH_PL,Hồ Ayun Hạ,zooplankton,2021-05,M8,Difflugia sp.,600.0,,Difflugia sp.,5428692.0,exact
AH_PL,Hồ Ayun Hạ,zooplankton,2021-05,M9,Difflugia sp.,800.0,,Difflugia sp.,5428692.0,exact
AH_PL,Hồ Ayun Hạ,zooplankton,2021-05,M10,Difflugia sp.,7200.0,,Difflugia sp.,5428692.0,exact
AH_PL,Hồ Ayun Hạ,zooplankton,2021-05,M5,Hexathra mira (Hudson),1200.0,,Hexathra mira,1000447.0,fuzzy
AH_PL,Hồ Ayun Hạ,zooplankton,2021-05,M6,Hexathra mira (Hudson),2100.0,,Hexathra mira,1000447.0,fuzzy
AH_PL,Hồ Ayun Hạ,zooplankton,2021-05,M7,Hexathra mira (Hudson),700.0,,Hexathra mira,1000447.0,fuzzy
AH_PL,Hồ Ayun Hạ,zooplankton,2021-05,M8,Hexathra mira (Hudson),3200.0,,Hexathra mira,1000447.0,fuzzy
AH_PL,Hồ Ayun Hạ,zooplankton,2021-05,M9,Hexathra mira (Hudson),2800.0,,Hexathra mira,1000447.0,fuzzy
AH_PL,Hồ Ayun Hạ,zooplankton,2021-05,M10,Hexathra mira (Hudson),4800.0,,Hexathra mira,1000447.0,fuzzy
AH_PL,Hồ Ayun Hạ,zooplankton,2021-05,M1,Pompholyx complanata Gosse,1200.0,,Pompholyx complanata,1000700.0,exact
AH_PL,Hồ Ayun Hạ,zooplankton,2021-05,M2,Pompholyx complanata Gosse,600.0,,Pompholyx complanata,1000700.0,exact
AH_PL,Hồ Ayun Hạ,zooplankton,2021-05,M4,Pompholyx complanata Gosse,1200.0,,Pompholyx complanata,1000700.0,exact
AH_PL,Hồ Ayun Hạ,zooplankton,2021-05,M5,Pompholyx complanata Gosse,3200.0,,Pompholyx complanata,1000700.0,exact
AH_PL,Hồ Ayun Hạ,zooplankton,2021-05,M6,Pompholyx complanata Gosse,600.0,,Pompholyx complanata,1000700.0,exact
AH_PL,Hồ Ayun Hạ,zooplankton,2021-05,M8,Pompholyx complanata Gosse,2400.0,,Pompholyx complanata,1000700.0,exact
AH_PL,Hồ Ayun Hạ,zooplankton,2021-05,M9,Pompholyx complanata Gosse,2400.0,,Pompholyx complanata,1000700.0,exact
AH_PL,Hồ Ayun Hạ,zooplankton,2021-05,M10,Pompholyx complanata Gosse,5400.0,,Pompholyx complanata,1000700.0,exact
AH_PL,Hồ Ayun Hạ,zooplankton,2021-05,M11,Pompholyx complanata Gosse,1800.0,,Pompholyx complanata,1000700.0,exact
AH_PL,Hồ Ayun Hạ,zooplankton,2021-05,M4,Filinia camasecla Myers,600.0,,Filinia camasecla,1000458.0,exact
AH_PL,Hồ Ayun Hạ,zooplankton,2021-05,M6,Filinia camasecla Myers,600.0,,Filinia camasecla,1000458.0,exact
AH_PL,Hồ Ayun Hạ,zooplankton,2021-05,M7,Filinia camasecla Myers,800.0,,Filinia camasecla,1000458.0,exact
AH_PL,Hồ Ayun Hạ,zooplankton,2021-05,M9,Filinia camasecla Myers,1300.0,,Filinia camasecla,1000458.0,exact
AH_PL,Hồ Ayun Hạ,zooplankton,2021-05,M10,Filinia camasecla Myers,600.0,,Filinia camasecla,1000458.0,exact
AH_PL,Hồ Ayun Hạ,zooplankton,2021-05,M1,Filinia longiseta Ehrenberg,500.0,,Filinia longiseta,1000461.0,exact
AH_PL,Hồ Ayun Hạ,zooplankton,2021-05,M2,Filinia longiseta Ehrenberg,800.0,,Filinia longiseta,1000461.0,exact
AH_PL,Hồ Ayun Hạ,zooplankton,2021-05,M3,Filinia longiseta Ehrenberg,300.0,,Filinia longiseta,1000461.0,exact
AH_PL,Hồ Ayun Hạ,zooplankton,2021-05,M4,Filinia longiseta Ehrenberg,1500.0,,Filinia longiseta,1000461.0,exact
AH_PL,Hồ Ayun Hạ,zooplankton,2021-05,M5,Filinia longiseta Ehrenberg,1600.0,,Filinia longiseta,1000461.0,exact
AH_PL,Hồ Ayun Hạ,zooplankton,2021-05,M8,Filinia longiseta Ehrenberg,600.0,,Filinia longiseta,1000461.0,exact
AH_PL,Hồ Ayun Hạ,zooplankton,2021-05,M9,Filinia longiseta Ehrenberg,800.0,,Filinia longiseta,1000461.0,exact
AH_PL,Hồ Ayun Hạ,zooplankton,2021-05,M10,Filinia longiseta Ehrenberg,6600.0,,Filinia longiseta,1000461.0,exact
AH_PL,Hồ Ayun Hạ,zooplankton,2021-05,M11,Filinia longiseta Ehrenberg,600.0,,Filinia longiseta,1000461.0,exact
AH_PL,Hồ Ayun Hạ,zooplankton,2021-05,M3,Filinia opoliensis (Zacharias),600.0,,Filinia opoliensis,1000464.0,exact
AH_PL,Hồ Ayun Hạ,zooplankton,2021-05,M11,Filinia opoliensis (Zacharias),1200.0,,Filinia opoliensis,1000464.0,exact
AH_PL,Hồ Ayun Hạ,zooplankton,2021-05,M7,Asplanchna priodonta Gosse,1200.0,,Asplanchna priodonta,1001922.0,exact
AH_PL,Hồ Ayun Hạ,zooplankton,2021-05,M8,Asplanchna priodonta Gosse,1600.0,,Asplanchna priodonta,1001922.0,exact
AH_PL,Hồ Ayun Hạ,zooplankton,2021-05,M10,Asplanchna priodonta Gosse,6200.0,,Asplanchna priodonta,1001922.0,exact
AH_PL,Hồ Ayun Hạ,zooplankton,2021-05,M11,Asplanchna priodonta Gosse,1200.0,,Asplanchna priodonta,1001922.0,exact
AH_PL,Hồ Ayun Hạ,zooplankton,2021-05,M10,Asplanchna sieboldi (Leydig),800.0,,Asplanchna sieboldi,1001924.0,fuzzy
AH_PL,Hồ Ayun Hạ,zooplankton,2021-05,M11,Asplanchna sieboldi (Leydig),1000.0,,Asplanchna sieboldi,1001924.0,fuzzy
AH_PL,Hồ Ayun Hạ,zooplankton,2021-05,M1,Brachionus angularis Gosse,300.0,,Brachionus angularis,4984131.0,exact
AH_PL,Hồ Ayun Hạ,zooplankton,2021-05,M2,Brachionus angularis Gosse,650.0,,Brachionus angularis,4984131.0,exact
AH_PL,Hồ Ayun Hạ,zooplankton,2021-05,M3,Brachionus angularis Gosse,700.0,,Brachionus angularis,4984131.0,exact
AH_PL,Hồ Ayun Hạ,zooplankton,2021-05,M4,Brachionus angularis Gosse,840.0,,Brachionus angularis,4984131.0,exact
AH_PL,Hồ Ayun Hạ,zooplankton,2021-05,M5,Brachionus angularis Gosse,-1.0,,Brachionus angularis,4984131.0,exact
AH_PL,Hồ Ayun Hạ,zooplankton,2021-05,M7,Brachionus angularis Gosse,1600.0,,Brachionus angularis,4984131.0,exact
AH_PL,Hồ Ayun Hạ,zooplankton,2021-05,M8,Brachionus angularis Gosse,1800.0,,Brachionus angularis,4984131.0,exact
AH_PL,Hồ Ayun Hạ,zooplankton,2021-05,M9,Brachionus angularis Gosse,24000.0,,Brachionus angularis,4984131.0,exact
AH_PL,Hồ Ayun Hạ,zooplankton,2021-05,M10,Brachionus angularis Gosse,21600.0,,Brachionus angularis,4984131.0,exact
AH_PL,Hồ Ayun Hạ,zooplankton,2021-05,M11,Brachionus angularis Gosse,18600.0,,Brachionus angularis,4984131.0,exact
AH_PL,Hồ Ayun Hạ,zooplankton,2021-05,M6,Brachionus calyciflorus calyciflorus Pallas,-1.0,,Brachionus calyciflorus,4984102.0,exact
AH_PL,Hồ Ayun Hạ,zooplankton,2021-05,M8,Brachionus calyciflorus calyciflorus Pallas,1400.0,,Brachionus calyciflorus,4984102.0,exact
AH_PL,Hồ Ayun Hạ,zooplankton,2021-05,M9,Brachionus calyciflorus calyciflorus Pallas,-1.0,,Brachionus calyciflorus,4984102.0,exact
AH_PL,Hồ Ayun Hạ,zooplankton,2021-05,M10,Brachionus calyciflorus calyciflorus Pallas,1600.0,,Brachionus calyciflorus,4984102.0,exact
AH_PL,Hồ Ayun Hạ,zooplankton,2021-05,M11,Brachionus calyciflorus calyciflorus Pallas,2100.0,,Brachionus calyciflorus,4984102.0,exact
AH_PL,Hồ Ayun Hạ,zooplankton,2021-05,M2,Brachionus caudatus (Apstein),1100.0,,Brachionus caudatus,4984110.0,exact
AH_PL,Hồ Ayun Hạ,zooplankton,2021-05,M3,Brachionus caudatus (Apstein),1400.0,,Brachionus caudatus,4984110.0,exact
AH_PL,Hồ Ayun Hạ,zooplankton,2021-05,M4,Brachionus caudatus (Apstein),600.0,,Brachionus caudatus,4984110.0,exact
AH_PL,Hồ Ayun Hạ,zooplankton,2021-05,M5,Brachionus caudatus (Apstein),900.0,,Brachionus caudatus,4984110.0,exact
AH_PL,Hồ Ayun Hạ,zooplankton,2021-05,M8,Brachionus caudatus (Apstein),500.0,,Brachionus caudatus,4984110.0,exact
AH_PL,Hồ Ayun Hạ,zooplankton,2021-05,M9,Brachionus caudatus (Apstein),800.0,,Brachionus caudatus,4984110.0,exact
AH_PL,Hồ Ayun Hạ,zooplankton,2021-05,M10,Brachionus caudatus (Apstein),600.0,,Brachionus caudatus,4984110.0,exact
AH_PL,Hồ Ayun Hạ,zooplankton,2021-05,M1,Brachionus diversicornis (Daday),1300.0,,Brachionus diversicornis,4984207.0,exact
AH_PL,Hồ Ayun Hạ,zooplankton,2021-05,M2,Brachionus diversicornis (Daday),1500.0,,Brachionus diversicornis,4984207.0,exact
AH_PL,Hồ Ayun Hạ,zooplankton,2021-05,M10,Brachionus diversicornis (Daday),2400.0,,Brachionus diversicornis,4984207.0,exact
AH_PL,Hồ Ayun Hạ,zooplankton,2021-05,M1,Brachionus falcatus Zacharias,1200.0,,Brachionus falcatus,4984079.0,exact
AH_PL,Hồ Ayun Hạ,zooplankton,2021-05,M3,Brachionus falcatus Zacharias,800.0,,Brachionus falcatus,4984079.0,exact
AH_PL,Hồ Ayun Hạ,zooplankton,2021-05,M4,Brachionus falcatus Zacharias,13200.0,,Brachionus falcatus,4984079.0,exact
AH_PL,Hồ Ayun Hạ,zooplankton,2021-05,M6,Brachionus falcatus Zacharias,1200.0,,Brachionus falcatus,4984079.0,exact
AH_PL,Hồ Ayun Hạ,zooplankton,2021-05,M7,Brachionus falcatus Zacharias,800.0,,Brachionus falcatus,4984079.0,exact
AH_PL,Hồ Ayun Hạ,zooplankton,2021-05,M8,Brachionus falcatus Zacharias,-1.0,,Brachionus falcatus,4984079.0,exact
AH_PL,Hồ Ayun Hạ,zooplankton,2021-05,M9,Brachionus falcatus Zacharias,14400.0,,Brachionus falcatus,4984079.0,exact
AH_PL,Hồ Ayun Hạ,zooplankton,2021-05,M10,Brachionus falcatus Zacharias,12000.0,,Brachionus falcatus,4984079.0,exact
AH_PL,Hồ Ayun Hạ,zooplankton,2021-05,M11,Brachionus falcatus Zacharias,2400.0,,Brachionus falcatus,4984079.0,exact
AH_PL,Hồ Ayun Hạ,zooplankton,2021-05,M2,Brachionus forficula Wierzejski,3600.0,,Brachionus forficula,4984093.0,exact
AH_PL,Hồ Ayun Hạ,zooplankton,2021-05,M3,Brachionus forficula Wierzejski,1800.0,,Brachionus forficula,4984093.0,exact
AH_PL,Hồ Ayun Hạ,zooplankton,2021-05,M4,Brachionus forficula Wierzejski,1100.0,,Brachionus forficula,4984093.0,exact
AH_PL,Hồ Ayun Hạ,zooplankton,2021-05,M5,Brachionus forficula Wierzejski,3200.0,,Brachionus forficula,4984093.0,exact
AH_PL,Hồ Ayun Hạ,zooplankton,2021-05,M10,Brachionus forficula Wierzejski,5400.0,,Brachionus forficula,4984093.0,exact
AH_PL,Hồ Ayun Hạ,zooplankton,2021-05,M6,Brachionus urceolaris Muller,600.0,,Brachionus urceolaris,4984202.0,exact
AH_PL,Hồ Ayun Hạ,zooplankton,2021-05,M1,Keratella cochlearis Gosse,6200.0,,Keratella cochlearis,1002590.0,exact
AH_PL,Hồ Ayun Hạ,zooplankton,2021-05,M2,Keratella cochlearis Gosse,4400.0,,Keratella cochlearis,1002590.0,exact
AH_PL,Hồ Ayun Hạ,zooplankton,2021-05,M3,Keratella cochlearis Gosse,2400.0,,Keratella cochlearis,1002590.0,exact
AH_PL,Hồ Ayun Hạ,zooplankton,2021-05,M5,Keratella cochlearis Gosse,5600.0,,Keratella cochlearis,1002590.0,exact
AH_PL,Hồ Ayun Hạ,zooplankton,2021-05,M6,Keratella cochlearis Gosse,14200.0,,Keratella cochlearis,1002590.0,exact
AH_PL,Hồ Ayun Hạ,zooplankton,2021-05,M7,Keratella cochlearis Gosse,7600.0,,Keratella cochlearis,1002590.0,exact
AH_PL,Hồ Ayun Hạ,zooplankton,2021-05,M8,Keratella cochlearis Gosse,6600.0,,Keratella cochlearis,1002590.0,exact
AH_PL,Hồ Ayun Hạ,zooplankton,2021-05,M9,Keratella cochlearis Gosse,8800.0,,Keratella cochlearis,1002590.0,exact
AH_PL,Hồ Ayun Hạ,zooplankton,2021-05,M10,Keratella cochlearis Gosse,6600.0,,Keratella cochlearis,1002590.0,exact
AH_PL,Hồ Ayun Hạ,zooplankton,2021-05,M11,Keratella cochlearis Gosse,6600.0,,Keratella cochlearis,1002590.0,exact
AH_PL,Hồ Ayun Hạ,zooplankton,2021-05,M3,Dipleuchlanis propatula  (Gosse),800.0,,Dipleuchlanis propatula,1002517.0,exact
AH_PL,Hồ Ayun Hạ,zooplankton,2021-05,M4,Euchlanis dilatata Ehrenberg,600.0,,Euchlanis dilatata,1002550.0,exact
AH_PL,Hồ Ayun Hạ,zooplankton,2021-05,M8,Lecane bulla (Gosse),1100.0,,Lecane bulla,1002248.0,exact
AH_PL,Hồ Ayun Hạ,zooplankton,2021-05,M9,Lecane bulla (Gosse),800.0,,Lecane bulla,1002248.0,exact
AH_PL,Hồ Ayun Hạ,zooplankton,2021-05,M10,Lecane bulla (Gosse),1600.0,,Lecane bulla,1002248.0,exact
AH_PL,Hồ Ayun Hạ,zooplankton,2021-05,M11,Lecane bulla (Gosse),600.0,,Lecane bulla,1002248.0,exact
AH_PL,Hồ Ayun Hạ,zooplankton,2021-05,M9,Lecane curvicornis (Murray),1500.0,,Lecane curvicornis,1002391.0,exact
AH_PL,Hồ Ayun Hạ,zooplankton,2021-05,M10,Lecane curvicornis (Murray),2100.0,,Lecane curvicornis,1002391.0,exact
AH_PL,Hồ Ayun Hạ,zooplankton,2021-05,M11,Lecane curvicornis (Murray),600.0,,Lecane curvicornis,1002391.0,exact
AH_PL,Hồ Ayun Hạ,zooplankton,2021-05,M3,Lecane furcata (Murray),1200.0,,Lecane furcata,1002358.0,exact
AH_PL,Hồ Ayun Hạ,zooplankton,2021-05,M10,Lecane furcata (Murray),600.0,,Lecane furcata,1002358.0,exact
AH_PL,Hồ Ayun Hạ,zooplankton,2021-05,M11,Lecane furcata (Murray),600.0,,Lecane furcata,1002358.0,exact
AH_PL,Hồ Ayun Hạ,zooplankton,2021-05,M11,Lecane hastata (Murray),600.0,,Lecane hastata,1002220.0,exact
AH_PL,Hồ Ayun Hạ,zooplankton,2021-05,M1,Polyarthra vulgaris Carlin,12400.0,,Polyarthra vulgaris,1003112.0,exact
AH_PL,Hồ Ayun Hạ,zooplankton,2021-05,M2,Polyarthra vulgaris Carlin,15600.0,,Polyarthra vulgaris,1003112.0,exact
AH_PL,Hồ Ayun Hạ,zooplankton,2021-05,M3,Polyarthra vulgaris Carlin,13000.0,,Polyarthra vulgaris,1003112.0,exact
AH_PL,Hồ Ayun Hạ,zooplankton,2021-05,M4,Polyarthra vulgaris Carlin,11500.0,,Polyarthra vulgaris,1003112.0,exact
AH_PL,Hồ Ayun Hạ,zooplankton,2021-05,M5,Polyarthra vulgaris Carlin,18900.0,,Polyarthra vulgaris,1003112.0,exact
AH_PL,Hồ Ayun Hạ,zooplankton,2021-05,M6,Polyarthra vulgaris Carlin,4500.0,,Polyarthra vulgaris,1003112.0,exact
AH_PL,Hồ Ayun Hạ,zooplankton,2021-05,M7,Polyarthra vulgaris Carlin,2800.0,,Polyarthra vulgaris,1003112.0,exact
AH_PL,Hồ Ayun Hạ,zooplankton,2021-05,M8,Polyarthra vulgaris Carlin,25700.0,,Polyarthra vulgaris,1003112.0,exact
AH_PL,Hồ Ayun Hạ,zooplankton,2021-05,M9,Polyarthra vulgaris Carlin,18300.0,,Polyarthra vulgaris,1003112.0,exact
AH_PL,Hồ Ayun Hạ,zooplankton,2021-05,M10,Polyarthra vulgaris Carlin,32100.0,,Polyarthra vulgaris,1003112.0,exact
AH_PL,Hồ Ayun Hạ,zooplankton,2021-05,M11,Polyarthra vulgaris Carlin,6800.0,,Polyarthra vulgaris,1003112.0,exact
AH_PL,Hồ Ayun Hạ,zooplankton,2021-05,M1,Trichocerca capucina (Wierzejski & Zacharias),700.0,,Trichocerca capucina,1002008.0,exact
AH_PL,Hồ Ayun Hạ,zooplankton,2021-05,M2,Trichocerca capucina (Wierzejski & Zacharias),1200.0,,Trichocerca capucina,1002008.0,exact
AH_PL,Hồ Ayun Hạ,zooplankton,2021-05,M3,Trichocerca capucina (Wierzejski & Zacharias),2500.0,,Trichocerca capucina,1002008.0,exact
AH_PL,Hồ Ayun Hạ,zooplankton,2021-05,M4,Trichocerca capucina (Wierzejski & Zacharias),-1.0,,Trichocerca capucina,1002008.0,exact
AH_PL,Hồ Ayun Hạ,zooplankton,2021-05,M5,Trichocerca capucina (Wierzejski & Zacharias),600.0,,Trichocerca capucina,1002008.0,exact
AH_PL,Hồ Ayun Hạ,zooplankton,2021-05,M7,Trichocerca capucina (Wierzejski & Zacharias),900.0,,Trichocerca capucina,1002008.0,exact
AH_PL,Hồ Ayun Hạ,zooplankton,2021-05,M8,Trichocerca capucina (Wierzejski & Zacharias),1200.0,,Trichocerca capucina,1002008.0,exact
AH_PL,Hồ Ayun Hạ,zooplankton,2021-05,M9,Trichocerca capucina (Wierzejski & Zacharias),-1.0,,Trichocerca capucina,1002008.0,exact
AH_PL,Hồ Ayun Hạ,zooplankton,2021-05,M10,Trichocerca capucina (Wierzejski & Zacharias),1200.0,,Trichocerca capucina,1002008.0,exact
AH_PL,Hồ Ayun Hạ,zooplankton,2021-05,M1,Trichocerca cylindrica Lamark,600.0,,Trichocerca cylindrica,1002016.0,exact
AH_PL,Hồ Ayun Hạ,zooplankton,2021-05,M2,Trichocerca cylindrica Lamark,800.0,,Trichocerca cylindrica,1002016.0,exact
AH_PL,Hồ Ayun Hạ,zooplankton,2021-05,M3,Trichocerca cylindrica Lamark,1100.0,,Trichocerca cylindrica,1002016.0,exact
AH_PL,Hồ Ayun Hạ,zooplankton,2021-05,M5,Trichocerca cylindrica Lamark,2200.0,,Trichocerca cylindrica,1002016.0,exact
AH_PL,Hồ Ayun Hạ,zooplankton,2021-05,M6,Trichocerca cylindrica Lamark,600.0,,Trichocerca cylindrica,1002016.0,exact
AH_PL,Hồ Ayun Hạ,zooplankton,2021-05,M7,Trichocerca cylindrica Lamark,1600.0,,Trichocerca cylindrica,1002016.0,exact
AH_PL,Hồ Ayun Hạ,zooplankton,2021-05,M8,Trichocerca cylindrica Lamark,2400.0,,Trichocerca cylindrica,1002016.0,exact
AH_PL,Hồ Ayun Hạ,zooplankton,2021-05,M9,Trichocerca cylindrica Lamark,1600.0,,Trichocerca cylindrica,1002016.0,exact
AH_PL,Hồ Ayun Hạ,zooplankton,2021-05,M10,Trichocerca cylindrica Lamark,600.0,,Trichocerca cylindrica,1002016.0,exact
AH_PL,Hồ Ayun Hạ,zooplankton,2021-05,M1,Trichocerca similis Wierzejski,360.0,,Trichocerca similis,1002086.0,exact
AH_PL,Hồ Ayun Hạ,zooplankton,2021-05,M2,Trichocerca similis Wierzejski,350.0,,Trichocerca similis,1002086.0,exact
AH_PL,Hồ Ayun Hạ,zooplankton,2021-05,M3,Trichocerca similis Wierzejski,650.0,,Trichocerca similis,1002086.0,exact
AH_PL,Hồ Ayun Hạ,zooplankton,2021-05,M4,Trichocerca similis Wierzejski,900.0,,Trichocerca similis,1002086.0,exact
AH_PL,Hồ Ayun Hạ,zooplankton,2021-05,M5,Trichocerca similis Wierzejski,2400.0,,Trichocerca similis,1002086.0,exact
AH_PL,Hồ Ayun Hạ,zooplankton,2021-05,M6,Trichocerca similis Wierzejski,1100.0,,Trichocerca similis,1002086.0,exact
AH_PL,Hồ Ayun Hạ,zooplankton,2021-05,M7,Trichocerca similis Wierzejski,700.0,,Trichocerca similis,1002086.0,exact
AH_PL,Hồ Ayun Hạ,zooplankton,2021-05,M8,Trichocerca similis Wierzejski,900.0,,Trichocerca similis,1002086.0,exact
AH_PL,Hồ Ayun Hạ,zooplankton,2021-05,M9,Trichocerca similis Wierzejski,800.0,,Trichocerca similis,1002086.0,exact
AH_PL,Hồ Ayun Hạ,zooplankton,2021-05,M10,Trichocerca similis Wierzejski,3200.0,,Trichocerca similis,1002086.0,exact
AH_PL,Hồ Ayun Hạ,zooplankton,2021-05,M11,Trichocerca similis Wierzejski,1200.0,,Trichocerca similis,1002086.0,exact
AH_PL,Hồ Ayun Hạ,zooplankton,2021-05,M4,Bosminopsis deitersi Richard,-1.0,,Bosminopsis deitersi,2234688.0,exact
AH_PL,Hồ Ayun Hạ,zooplankton,2021-05,M5,Bosminopsis deitersi Richard,5400.0,,Bosminopsis deitersi,2234688.0,exact
AH_PL,Hồ Ayun Hạ,zooplankton,2021-05,M6,Bosminopsis deitersi Richard,22400.0,,Bosminopsis deitersi,2234688.0,exact
AH_PL,Hồ Ayun Hạ,zooplankton,2021-05,M7,Bosminopsis deitersi Richard,13600.0,,Bosminopsis deitersi,2234688.0,exact
AH_PL,Hồ Ayun Hạ,zooplankton,2021-05,M8,Bosminopsis deitersi Richard,2800.0,,Bosminopsis deitersi,2234688.0,exact
AH_PL,Hồ Ayun Hạ,zooplankton,2021-05,M9,Bosminopsis deitersi Richard,3600.0,,Bosminopsis deitersi,2234688.0,exact
AH_PL,Hồ Ayun Hạ,zooplankton,2021-05,M10,Bosminopsis deitersi Richard,1200.0,,Bosminopsis deitersi,2234688.0,exact
AH_PL,Hồ Ayun Hạ,zooplankton,2021-05,M11,Bosminopsis deitersi Richard,1400.0,,Bosminopsis deitersi,2234688.0,exact
AH_PL,Hồ Ayun Hạ,zooplankton,2021-05,M1,Bosmina longirostris (O.F. Müller),-1.0,,Bosmina longirostris,2234694.0,exact
AH_PL,Hồ Ayun Hạ,zooplankton,2021-05,M2,Bosmina longirostris (O.F. Müller),-1.0,,Bosmina longirostris,2234694.0,exact
AH_PL,Hồ Ayun Hạ,zooplankton,2021-05,M3,Bosmina longirostris (O.F. Müller),-1.0,,Bosmina longirostris,2234694.0,exact
AH_PL,Hồ Ayun Hạ,zooplankton,2021-05,M4,Bosmina longirostris (O.F. Müller),-1.0,,Bosmina longirostris,2234694.0,exact
AH_PL,Hồ Ayun Hạ,zooplankton,2021-05,M5,Bosmina longirostris (O.F. Müller),12000.0,,Bosmina longirostris,2234694.0,exact
AH_PL,Hồ Ayun Hạ,zooplankton,2021-05,M6,Bosmina longirostris (O.F. Müller),3000.0,,Bosmina longirostris,2234694.0,exact
AH_PL,Hồ Ayun Hạ,zooplankton,2021-05,M7,Bosmina longirostris (O.F. Müller),3200.0,,Bosmina longirostris,2234694.0,exact
AH_PL,Hồ Ayun Hạ,zooplankton,2021-05,M8,Bosmina longirostris (O.F. Müller),19200.0,,Bosmina longirostris,2234694.0,exact
AH_PL,Hồ Ayun Hạ,zooplankton,2021-05,M9,Bosmina longirostris (O.F. Müller),8800.0,,Bosmina longirostris,2234694.0,exact
AH_PL,Hồ Ayun Hạ,zooplankton,2021-05,M10,Bosmina longirostris (O.F. Müller),600.0,,Bosmina longirostris,2234694.0,exact
AH_PL,Hồ Ayun Hạ,zooplankton,2021-05,M11,Bosmina longirostris (O.F. Müller),600.0,,Bosmina longirostris,2234694.0,exact
AH_PL,Hồ Ayun Hạ,zooplankton,2021-05,M4,Heliodiaptomus sp.,-1.0,,Heliodiaptomus sp.,4332324.0,exact
AH_PL,Hồ Ayun Hạ,zooplankton,2021-05,M5,Heliodiaptomus sp.,-1.0,,Heliodiaptomus sp.,4332324.0,exact
AH_PL,Hồ Ayun Hạ,zooplankton,2021-05,M6,Heliodiaptomus sp.,1200.0,,Heliodiaptomus sp.,4332324.0,exact
AH_PL,Hồ Ayun Hạ,zooplankton,2021-05,M7,Heliodiaptomus sp.,1600.0,,Heliodiaptomus sp.,4332324.0,exact
AH_PL,Hồ Ayun Hạ,zooplankton,2021-05,M9,Heliodiaptomus sp.,800.0,,Heliodiaptomus sp.,4332324.0,exact
AH_PL,Hồ Ayun Hạ,zooplankton,2021-05,M10,Mesocyclops leukarti (Claus),-1.0,,Mesocyclops leukarti,2116955.0,exact
AH_PL,Hồ Ayun Hạ,zooplankton,2021-05,M1,Microcyclops varicans Sars,-1.0,,Microcyclops varicans,2116917.0,exact
AH_PL,Hồ Ayun Hạ,zooplankton,2021-05,M2,Microcyclops varicans Sars,2400.0,,Microcyclops varicans,2116917.0,exact
AH_PL,Hồ Ayun Hạ,zooplankton,2021-05,M3,Microcyclops varicans Sars,1300.0,,Microcyclops varicans,2116917.0,exact
AH_PL,Hồ Ayun Hạ,zooplankton,2021-05,M4,Microcyclops varicans Sars,700.0,,Microcyclops varicans,2116917.0,exact
AH_PL,Hồ Ayun Hạ,zooplankton,2021-05,M5,Microcyclops varicans Sars,2500.0,,Microcyclops varicans,2116917.0,exact
AH_PL,Hồ Ayun Hạ,zooplankton,2021-05,M6,Microcyclops varicans Sars,2900.0,,Microcyclops varicans,2116917.0,exact
AH_PL,Hồ Ayun Hạ,zooplankton,2021-05,M7,Microcyclops varicans Sars,4600.0,,Microcyclops varicans,2116917.0,exact
AH_PL,Hồ Ayun Hạ,zooplankton,2021-05,M8,Microcyclops varicans Sars,3200.0,,Microcyclops varicans,2116917.0,exact
AH_PL,Hồ Ayun Hạ,zooplankton,2021-05,M9,Microcyclops varicans Sars,6700.0,,Microcyclops varicans,2116917.0,exact
AH_PL,Hồ Ayun Hạ,zooplankton,2021-05,M10,Microcyclops varicans Sars,7500.0,,Microcyclops varicans,2116917.0,exact
AH_PL,Hồ Ayun Hạ,zooplankton,2021-05,M11,Microcyclops varicans Sars,1200.0,,Microcyclops varicans,2116917.0,exact
AH_PL,Hồ Ayun Hạ,zooplankton,2021-05,M10,Heterocypris anomala Klie,-1.0,,Heterocypris anomala,1029111.0,higherrank
AH_PL,Hồ Ayun Hạ,zooplankton,2021-05,M11,Heterocypris anomala Klie,-1.0,,Heterocypris anomala,1029111.0,higherrank
AH_PL,Hồ Ayun Hạ,zooplankton,2021-05,M2,Bivalvia,600.0,,Bivalvia,137.0,exact
AH_PL,Hồ Ayun Hạ,zooplankton,2021-05,M4,Bivalvia,-1.0,,Bivalvia,137.0,exact
AH_PL,Hồ Ayun Hạ,zooplankton,2021-05,M5,Bivalvia,800.0,,Bivalvia,137.0,exact
AH_PL,Hồ Ayun Hạ,zooplankton,2021-05,M7,Bivalvia,-1.0,,Bivalvia,137.0,exact
AH_PL,Hồ Ayun Hạ,zooplankton,2021-05,M8,Bivalvia,600.0,,Bivalvia,137.0,exact
AH_PL,Hồ Ayun Hạ,zooplankton,2021-05,M9,Bivalvia,1600.0,,Bivalvia,137.0,exact
AH_PL,Hồ Ayun Hạ,zooplankton,2021-05,M10,Bivalvia,-1.0,,Bivalvia,137.0,exact
AH_PL,Hồ Ayun Hạ,zooplankton,2021-05,M11,Bivalvia,600.0,,Bivalvia,137.0,exact
AH_PL,Hồ Ayun Hạ,zooplankton,2021-05,M1,Copepoda nauplius,2200.0,,Copepoda,11545536.0,exact
AH_PL,Hồ Ayun Hạ,zooplankton,2021-05,M2,Copepoda nauplius,6800.0,,Copepoda,11545536.0,exact
AH_PL,Hồ Ayun Hạ,zooplankton,2021-05,M3,Copepoda nauplius,2400.0,,Copepoda,11545536.0,exact
AH_PL,Hồ Ayun Hạ,zooplankton,2021-05,M4,Copepoda nauplius,12000.0,,Copepoda,11545536.0,exact
AH_PL,Hồ Ayun Hạ,zooplankton,2021-05,M5,Copepoda nauplius,49400.0,,Copepoda,11545536.0,exact
AH_PL,Hồ Ayun Hạ,zooplankton,2021-05,M6,Copepoda nauplius,33800.0,,Copepoda,11545536.0,exact
AH_PL,Hồ Ayun Hạ,zooplankton,2021-05,M7,Copepoda nauplius,12600.0,,Copepoda,11545536.0,exact
AH_PL,Hồ Ayun Hạ,zooplankton,2021-05,M8,Copepoda nauplius,59600.0,,Copepoda,11545536.0,exact
AH_PL,Hồ Ayun Hạ,zooplankton,2021-05,M9,Copepoda nauplius,78400.0,,Copepoda,11545536.0,exact
AH_PL,Hồ Ayun Hạ,zooplankton,2021-05,M10,Copepoda nauplius,50600.0,,Copepoda,11545536.0,exact
AH_PL,Hồ Ayun Hạ,zooplankton,2021-05,M11,Copepoda nauplius,60200.0,,Copepoda,11545536.0,exact
AH_PL,Hồ Ayun Hạ,zooplankton,2021-09,M10,Arcella vulgaris Ehrenberg,-1.0,,Arcella vulgaris,3210406.0,exact
AH_PL,Hồ Ayun Hạ,zooplankton,2021-09,M1,Difflugia corona Wallich,600.0,,Difflugia corona,5425228.0,exact
AH_PL,Hồ Ayun Hạ,zooplankton,2021-09,M2,Difflugia corona Wallich,3000.0,,Difflugia corona,5425228.0,exact
AH_PL,Hồ Ayun Hạ,zooplankton,2021-09,M3,Difflugia corona Wallich,1200.0,,Difflugia corona,5425228.0,exact
AH_PL,Hồ Ayun Hạ,zooplankton,2021-09,M4,Difflugia corona Wallich,3000.0,,Difflugia corona,5425228.0,exact
AH_PL,Hồ Ayun Hạ,zooplankton,2021-09,M5,Difflugia corona Wallich,1500.0,,Difflugia corona,5425228.0,exact
AH_PL,Hồ Ayun Hạ,zooplankton,2021-09,M6,Difflugia corona Wallich,3000.0,,Difflugia corona,5425228.0,exact
AH_PL,Hồ Ayun Hạ,zooplankton,2021-09,M9,Difflugia corona Wallich,600.0,,Difflugia corona,5425228.0,exact
AH_PL,Hồ Ayun Hạ,zooplankton,2021-09,M1,Difflugia urceolata Carter,1800.0,,Difflugia urceolata,5425233.0,exact
AH_PL,Hồ Ayun Hạ,zooplankton,2021-09,M2,Difflugia urceolata Carter,11000.0,,Difflugia urceolata,5425233.0,exact
AH_PL,Hồ Ayun Hạ,zooplankton,2021-09,M3,Difflugia urceolata Carter,1100.0,,Difflugia urceolata,5425233.0,exact
AH_PL,Hồ Ayun Hạ,zooplankton,2021-09,M4,Difflugia urceolata Carter,19000.0,,Difflugia urceolata,5425233.0,exact
AH_PL,Hồ Ayun Hạ,zooplankton,2021-09,M5,Difflugia urceolata Carter,3400.0,,Difflugia urceolata,5425233.0,exact
AH_PL,Hồ Ayun Hạ,zooplankton,2021-09,M6,Difflugia urceolata Carter,16500.0,,Difflugia urceolata,5425233.0,exact
AH_PL,Hồ Ayun Hạ,zooplankton,2021-09,M7,Difflugia urceolata Carter,7600.0,,Difflugia urceolata,5425233.0,exact
AH_PL,Hồ Ayun Hạ,zooplankton,2021-09,M8,Difflugia urceolata Carter,2300.0,,Difflugia urceolata,5425233.0,exact
AH_PL,Hồ Ayun Hạ,zooplankton,2021-09,M9,Difflugia urceolata Carter,4700.0,,Difflugia urceolata,5425233.0,exact
AH_PL,Hồ Ayun Hạ,zooplankton,2021-09,M10,Difflugia urceolata Carter,70000.0,,Difflugia urceolata,5425233.0,exact
AH_PL,Hồ Ayun Hạ,zooplankton,2021-09,M11,Difflugia urceolata Carter,13000.0,,Difflugia urceolata,5425233.0,exact
AH_PL,Hồ Ayun Hạ,zooplankton,2021-09,M4,Rotaria rotatoria Pallas,1200.0,,Rotaria rotatoria,1000850.0,exact
AH_PL,Hồ Ayun Hạ,zooplankton,2021-09,M4,Hexathra mira (Hudson),12500.0,,Hexathra mira,1000447.0,fuzzy
AH_PL,Hồ Ayun Hạ,zooplankton,2021-09,M5,Hexathra mira (Hudson),3600.0,,Hexathra mira,1000447.0,fuzzy
AH_PL,Hồ Ayun Hạ,zooplankton,2021-09,M6,Hexathra mira (Hudson),7200.0,,Hexathra mira,1000447.0,fuzzy
AH_PL,Hồ Ayun Hạ,zooplankton,2021-09,M7,Hexathra mira (Hudson),8500.0,,Hexathra mira,1000447.0,fuzzy
AH_PL,Hồ Ayun Hạ,zooplankton,2021-09,M8,Hexathra mira (Hudson),2000.0,,Hexathra mira,1000447.0,fuzzy
AH_PL,Hồ Ayun Hạ,zooplankton,2021-09,M1,Filinia camasecla Myers,22000.0,,Filinia camasecla,1000458.0,exact
AH_PL,Hồ Ayun Hạ,zooplankton,2021-09,M2,Filinia camasecla Myers,38000.0,,Filinia camasecla,1000458.0,exact
AH_PL,Hồ Ayun Hạ,zooplankton,2021-09,M3,Filinia camasecla Myers,5600.0,,Filinia camasecla,1000458.0,exact
AH_PL,Hồ Ayun Hạ,zooplankton,2021-09,M4,Filinia camasecla Myers,45000.0,,Filinia camasecla,1000458.0,exact
AH_PL,Hồ Ayun Hạ,zooplankton,2021-09,M5,Filinia camasecla Myers,7500.0,,Filinia camasecla,1000458.0,exact
AH_PL,Hồ Ayun Hạ,zooplankton,2021-09,M6,Filinia camasecla Myers,11000.0,,Filinia camasecla,1000458.0,exact
AH_PL,Hồ Ayun Hạ,zooplankton,2021-09,M7,Filinia camasecla Myers,16000.0,,Filinia camasecla,1000458.0,exact
AH_PL,Hồ Ayun Hạ,zooplankton,2021-09,M8,Filinia camasecla Myers,2000.0,,Filinia camasecla,1000458.0,exact
AH_PL,Hồ Ayun Hạ,zooplankton,2021-09,M9,Filinia camasecla Myers,12000.0,,Filinia camasecla,1000458.0,exact
AH_PL,Hồ Ayun Hạ,zooplankton,2021-09,M10,Filinia camasecla Myers,4000.0,,Filinia camasecla,1000458.0,exact
AH_PL,Hồ Ayun Hạ,zooplankton,2021-09,M11,Filinia camasecla Myers,18000.0,,Filinia camasecla,1000458.0,exact
AH_PL,Hồ Ayun Hạ,zooplankton,2021-09,M1,Filinia longiseta Ehrenberg,6000.0,,Filinia longiseta,1000461.0,exact
AH_PL,Hồ Ayun Hạ,zooplankton,2021-09,M3,Filinia longiseta Ehrenberg,2400.0,,Filinia longiseta,1000461.0,exact
AH_PL,Hồ Ayun Hạ,zooplankton,2021-09,M4,Filinia longiseta Ehrenberg,1800.0,,Filinia longiseta,1000461.0,exact
AH_PL,Hồ Ayun Hạ,zooplankton,2021-09,M5,Filinia longiseta Ehrenberg,2500.0,,Filinia longiseta,1000461.0,exact
AH_PL,Hồ Ayun Hạ,zooplankton,2021-09,M6,Filinia longiseta Ehrenberg,9000.0,,Filinia longiseta,1000461.0,exact
AH_PL,Hồ Ayun Hạ,zooplankton,2021-09,M7,Filinia longiseta Ehrenberg,15000.0,,Filinia longiseta,1000461.0,exact
AH_PL,Hồ Ayun Hạ,zooplankton,2021-09,M10,Filinia longiseta Ehrenberg,4000.0,,Filinia longiseta,1000461.0,exact
AH_PL,Hồ Ayun Hạ,zooplankton,2021-09,M11,Filinia longiseta Ehrenberg,18000.0,,Filinia longiseta,1000461.0,exact
AH_PL,Hồ Ayun Hạ,zooplankton,2021-09,M1,Filinia opoliensis (Zacharias),1000.0,,Filinia opoliensis,1000464.0,exact
AH_PL,Hồ Ayun Hạ,zooplankton,2021-09,M3,Filinia opoliensis (Zacharias),2200.0,,Filinia opoliensis,1000464.0,exact
AH_PL,Hồ Ayun Hạ,zooplankton,2021-09,M4,Filinia opoliensis (Zacharias),35000.0,,Filinia opoliensis,1000464.0,exact
AH_PL,Hồ Ayun Hạ,zooplankton,2021-09,M5,Filinia opoliensis (Zacharias),27500.0,,Filinia opoliensis,1000464.0,exact
AH_PL,Hồ Ayun Hạ,zooplankton,2021-09,M6,Filinia opoliensis (Zacharias),16400.0,,Filinia opoliensis,1000464.0,exact
AH_PL,Hồ Ayun Hạ,zooplankton,2021-09,M7,Filinia opoliensis (Zacharias),31500.0,,Filinia opoliensis,1000464.0,exact
AH_PL,Hồ Ayun Hạ,zooplankton,2021-09,M8,Filinia opoliensis (Zacharias),4000.0,,Filinia opoliensis,1000464.0,exact
AH_PL,Hồ Ayun Hạ,zooplankton,2021-09,M9,Filinia opoliensis (Zacharias),61000.0,,Filinia opoliensis,1000464.0,exact
AH_PL,Hồ Ayun Hạ,zooplankton,2021-09,M10,Filinia opoliensis (Zacharias),22000.0,,Filinia opoliensis,1000464.0,exact
AH_PL,Hồ Ayun Hạ,zooplankton,2021-09,M11,Filinia opoliensis (Zacharias),35000.0,,Filinia opoliensis,1000464.0,exact
AH_PL,Hồ Ayun Hạ,zooplankton,2021-09,M1,Brachionus angularis Gosse,15000.0,,Brachionus angularis,4984131.0,exact
AH_PL,Hồ Ayun Hạ,zooplankton,2021-09,M2,Brachionus angularis Gosse,21000.0,,Brachionus angularis,4984131.0,exact
AH_PL,Hồ Ayun Hạ,zooplankton,2021-09,M3,Brachionus angularis Gosse,12000.0,,Brachionus angularis,4984131.0,exact
AH_PL,Hồ Ayun Hạ,zooplankton,2021-09,M4,Brachionus angularis Gosse,12000.0,,Brachionus angularis,4984131.0,exact
AH_PL,Hồ Ayun Hạ,zooplankton,2021-09,M5,Brachionus angularis Gosse,15000.0,,Brachionus angularis,4984131.0,exact
AH_PL,Hồ Ayun Hạ,zooplankton,2021-09,M6,Brachionus angularis Gosse,27000.0,,Brachionus angularis,4984131.0,exact
AH_PL,Hồ Ayun Hạ,zooplankton,2021-09,M7,Brachionus angularis Gosse,95000.0,,Brachionus angularis,4984131.0,exact
AH_PL,Hồ Ayun Hạ,zooplankton,2021-09,M8,Brachionus angularis Gosse,10000.0,,Brachionus angularis,4984131.0,exact
AH_PL,Hồ Ayun Hạ,zooplankton,2021-09,M9,Brachionus angularis Gosse,66000.0,,Brachionus angularis,4984131.0,exact
AH_PL,Hồ Ayun Hạ,zooplankton,2021-09,M10,Brachionus angularis Gosse,4000.0,,Brachionus angularis,4984131.0,exact
AH_PL,Hồ Ayun Hạ,zooplankton,2021-09,M11,Brachionus angularis Gosse,75000.0,,Brachionus angularis,4984131.0,exact
AH_PL,Hồ Ayun Hạ,zooplankton,2021-09,M9,Brachionus calyciflorus calyciflorus Pallas,3000.0,,Brachionus calyciflorus,4984102.0,exact
AH_PL,Hồ Ayun Hạ,zooplankton,2021-09,M2,Brachionus caudatus (Apstein),3000.0,,Brachionus caudatus,4984110.0,exact
AH_PL,Hồ Ayun Hạ,zooplankton,2021-09,M4,Brachionus caudatus (Apstein),600.0,,Brachionus caudatus,4984110.0,exact
AH_PL,Hồ Ayun Hạ,zooplankton,2021-09,M5,Brachionus caudatus (Apstein),500.0,,Brachionus caudatus,4984110.0,exact
AH_PL,Hồ Ayun Hạ,zooplankton,2021-09,M6,Brachionus caudatus (Apstein),6000.0,,Brachionus caudatus,4984110.0,exact
AH_PL,Hồ Ayun Hạ,zooplankton,2021-09,M7,Brachionus caudatus (Apstein),12500.0,,Brachionus caudatus,4984110.0,exact
AH_PL,Hồ Ayun Hạ,zooplankton,2021-09,M8,Brachionus caudatus (Apstein),-1.0,,Brachionus caudatus,4984110.0,exact
AH_PL,Hồ Ayun Hạ,zooplankton,2021-09,M10,Brachionus caudatus (Apstein),2000.0,,Brachionus caudatus,4984110.0,exact
AH_PL,Hồ Ayun Hạ,zooplankton,2021-09,M11,Brachionus caudatus (Apstein),30000.0,,Brachionus caudatus,4984110.0,exact
AH_PL,Hồ Ayun Hạ,zooplankton,2021-09,M1,Brachionus diversicornis (Daday),3000.0,,Brachionus diversicornis,4984207.0,exact
AH_PL,Hồ Ayun Hạ,zooplankton,2021-09,M2,Brachionus diversicornis (Daday),1200.0,,Brachionus diversicornis,4984207.0,exact
AH_PL,Hồ Ayun Hạ,zooplankton,2021-09,M6,Brachionus diversicornis (Daday),42000.0,,Brachionus diversicornis,4984207.0,exact
AH_PL,Hồ Ayun Hạ,zooplankton,2021-09,M7,Brachionus diversicornis (Daday),17500.0,,Brachionus diversicornis,4984207.0,exact
AH_PL,Hồ Ayun Hạ,zooplankton,2021-09,M9,Brachionus diversicornis (Daday),12000.0,,Brachionus diversicornis,4984207.0,exact
AH_PL,Hồ Ayun Hạ,zooplankton,2021-09,M11,Brachionus diversicornis (Daday),24000.0,,Brachionus diversicornis,4984207.0,exact
AH_PL,Hồ Ayun Hạ,zooplankton,2021-09,M1,Brachionus falcatus Zacharias,9000.0,,Brachionus falcatus,4984079.0,exact
AH_PL,Hồ Ayun Hạ,zooplankton,2021-09,M2,Brachionus falcatus Zacharias,48000.0,,Brachionus falcatus,4984079.0,exact
AH_PL,Hồ Ayun Hạ,zooplankton,2021-09,M3,Brachionus falcatus Zacharias,3000.0,,Brachionus falcatus,4984079.0,exact
AH_PL,Hồ Ayun Hạ,zooplankton,2021-09,M4,Brachionus falcatus Zacharias,27000.0,,Brachionus falcatus,4984079.0,exact
AH_PL,Hồ Ayun Hạ,zooplankton,2021-09,M5,Brachionus falcatus Zacharias,15000.0,,Brachionus falcatus,4984079.0,exact
AH_PL,Hồ Ayun Hạ,zooplankton,2021-09,M6,Brachionus falcatus Zacharias,96000.0,,Brachionus falcatus,4984079.0,exact
AH_PL,Hồ Ayun Hạ,zooplankton,2021-09,M7,Brachionus falcatus Zacharias,50000.0,,Brachionus falcatus,4984079.0,exact
AH_PL,Hồ Ayun Hạ,zooplankton,2021-09,M8,Brachionus falcatus Zacharias,2000.0,,Brachionus falcatus,4984079.0,exact
AH_PL,Hồ Ayun Hạ,zooplankton,2021-09,M9,Brachionus falcatus Zacharias,48000.0,,Brachionus falcatus,4984079.0,exact
AH_PL,Hồ Ayun Hạ,zooplankton,2021-09,M10,Brachionus falcatus Zacharias,8000.0,,Brachionus falcatus,4984079.0,exact
AH_PL,Hồ Ayun Hạ,zooplankton,2021-09,M11,Brachionus falcatus Zacharias,93000.0,,Brachionus falcatus,4984079.0,exact
AH_PL,Hồ Ayun Hạ,zooplankton,2021-09,M1,Brachionus forficula Wierzejski,36000.0,,Brachionus forficula,4984093.0,exact
AH_PL,Hồ Ayun Hạ,zooplankton,2021-09,M2,Brachionus forficula Wierzejski,29000.0,,Brachionus forficula,4984093.0,exact
AH_PL,Hồ Ayun Hạ,zooplankton,2021-09,M3,Brachionus forficula Wierzejski,21800.0,,Brachionus forficula,4984093.0,exact
AH_PL,Hồ Ayun Hạ,zooplankton,2021-09,M4,Brachionus forficula Wierzejski,15600.0,,Brachionus forficula,4984093.0,exact
AH_PL,Hồ Ayun Hạ,zooplankton,2021-09,M5,Brachionus forficula Wierzejski,25300.0,,Brachionus forficula,4984093.0,exact
AH_PL,Hồ Ayun Hạ,zooplankton,2021-09,M6,Brachionus forficula Wierzejski,28000.0,,Brachionus forficula,4984093.0,exact
AH_PL,Hồ Ayun Hạ,zooplankton,2021-09,M7,Brachionus forficula Wierzejski,2570.0,,Brachionus forficula,4984093.0,exact
AH_PL,Hồ Ayun Hạ,zooplankton,2021-09,M8,Brachionus forficula Wierzejski,-1.0,,Brachionus forficula,4984093.0,exact
AH_PL,Hồ Ayun Hạ,zooplankton,2021-09,M9,Brachionus forficula Wierzejski,39600.0,,Brachionus forficula,4984093.0,exact
AH_PL,Hồ Ayun Hạ,zooplankton,2021-09,M11,Brachionus forficula Wierzejski,18000.0,,Brachionus forficula,4984093.0,exact
AH_PL,Hồ Ayun Hạ,zooplankton,2021-09,M11,Brachionus quadridentatus Hermann,600.0,,Brachionus quadridentatus,4984191.0,exact
AH_PL,Hồ Ayun Hạ,zooplankton,2021-09,M1,Keratella cochlearis Gosse,33000.0,,Keratella cochlearis,1002590.0,exact
AH_PL,Hồ Ayun Hạ,zooplankton,2021-09,M2,Keratella cochlearis Gosse,32000.0,,Keratella cochlearis,1002590.0,exact
AH_PL,Hồ Ayun Hạ,zooplankton,2021-09,M3,Keratella cochlearis Gosse,10800.0,,Keratella cochlearis,1002590.0,exact
AH_PL,Hồ Ayun Hạ,zooplankton,2021-09,M4,Keratella cochlearis Gosse,26000.0,,Keratella cochlearis,1002590.0,exact
AH_PL,Hồ Ayun Hạ,zooplankton,2021-09,M6,Keratella cochlearis Gosse,37000.0,,Keratella cochlearis,1002590.0,exact
AH_PL,Hồ Ayun Hạ,zooplankton,2021-09,M7,Keratella cochlearis Gosse,38000.0,,Keratella cochlearis,1002590.0,exact
AH_PL,Hồ Ayun Hạ,zooplankton,2021-09,M8,Keratella cochlearis Gosse,12000.0,,Keratella cochlearis,1002590.0,exact
AH_PL,Hồ Ayun Hạ,zooplankton,2021-09,M10,Keratella cochlearis Gosse,17200.0,,Keratella cochlearis,1002590.0,exact
AH_PL,Hồ Ayun Hạ,zooplankton,2021-09,M7,Keratella lenzi (Hauer),500.0,,Keratella lenzi,1002633.0,exact
AH_PL,Hồ Ayun Hạ,zooplankton,2021-09,M1,Keratella tropica (Apstein),12000.0,,Keratella tropica,1002621.0,exact
AH_PL,Hồ Ayun Hạ,zooplankton,2021-09,M2,Keratella tropica (Apstein),36000.0,,Keratella tropica,1002621.0,exact
AH_PL,Hồ Ayun Hạ,zooplankton,2021-09,M3,Keratella tropica (Apstein),9000.0,,Keratella tropica,1002621.0,exact
AH_PL,Hồ Ayun Hạ,zooplankton,2021-09,M4,Keratella tropica (Apstein),72000.0,,Keratella tropica,1002621.0,exact
AH_PL,Hồ Ayun Hạ,zooplankton,2021-09,M5,Keratella tropica (Apstein),15000.0,,Keratella tropica,1002621.0,exact
AH_PL,Hồ Ayun Hạ,zooplankton,2021-09,M6,Keratella tropica (Apstein),99000.0,,Keratella tropica,1002621.0,exact
AH_PL,Hồ Ayun Hạ,zooplankton,2021-09,M7,Keratella tropica (Apstein),115000.0,,Keratella tropica,1002621.0,exact
AH_PL,Hồ Ayun Hạ,zooplankton,2021-09,M8,Keratella tropica (Apstein),4000.0,,Keratella tropica,1002621.0,exact
AH_PL,Hồ Ayun Hạ,zooplankton,2021-09,M9,Keratella tropica (Apstein),33000.0,,Keratella tropica,1002621.0,exact
AH_PL,Hồ Ayun Hạ,zooplankton,2021-09,M10,Keratella tropica (Apstein),2000.0,,Keratella tropica,1002621.0,exact
AH_PL,Hồ Ayun Hạ,zooplankton,2021-09,M11,Keratella tropica (Apstein),15000.0,,Keratella tropica,1002621.0,exact
AH_PL,Hồ Ayun Hạ,zooplankton,2021-09,M1,Trichocerca capucina (Wierzejski & Zacharias),11000.0,,Trichocerca capucina,1002008.0,exact
AH_PL,Hồ Ayun Hạ,zooplankton,2021-09,M2,Trichocerca capucina (Wierzejski & Zacharias),4700.0,,Trichocerca capucina,1002008.0,exact
AH_PL,Hồ Ayun Hạ,zooplankton,2021-09,M4,Trichocerca capucina (Wierzejski & Zacharias),5100.0,,Trichocerca capucina,1002008.0,exact
AH_PL,Hồ Ayun Hạ,zooplankton,2021-09,M5,Trichocerca capucina (Wierzejski & Zacharias),2000.0,,Trichocerca capucina,1002008.0,exact
AH_PL,Hồ Ayun Hạ,zooplankton,2021-09,M6,Trichocerca capucina (Wierzejski & Zacharias),3800.0,,Trichocerca capucina,1002008.0,exact
AH_PL,Hồ Ayun Hạ,zooplankton,2021-09,M7,Trichocerca capucina (Wierzejski & Zacharias),5400.0,,Trichocerca capucina,1002008.0,exact
AH_PL,Hồ Ayun Hạ,zooplankton,2021-09,M8,Trichocerca capucina (Wierzejski & Zacharias),2400.0,,Trichocerca capucina,1002008.0,exact
AH_PL,Hồ Ayun Hạ,zooplankton,2021-09,M9,Trichocerca capucina (Wierzejski & Zacharias),3700.0,,Trichocerca capucina,1002008.0,exact
AH_PL,Hồ Ayun Hạ,zooplankton,2021-09,M10,Trichocerca capucina (Wierzejski & Zacharias),1800.0,,Trichocerca capucina,1002008.0,exact
AH_PL,Hồ Ayun Hạ,zooplankton,2021-09,M11,Trichocerca capucina (Wierzejski & Zacharias),3300.0,,Trichocerca capucina,1002008.0,exact
AH_PL,Hồ Ayun Hạ,zooplankton,2021-09,M2,Trichocerca cylindrica Lamark,6300.0,,Trichocerca cylindrica,1002016.0,exact
AH_PL,Hồ Ayun Hạ,zooplankton,2021-09,M3,Trichocerca cylindrica Lamark,1600.0,,Trichocerca cylindrica,1002016.0,exact
AH_PL,Hồ Ayun Hạ,zooplankton,2021-09,M4,Trichocerca cylindrica Lamark,2300.0,,Trichocerca cylindrica,1002016.0,exact
AH_PL,Hồ Ayun Hạ,zooplankton,2021-09,M6,Trichocerca cylindrica Lamark,3100.0,,Trichocerca cylindrica,1002016.0,exact
AH_PL,Hồ Ayun Hạ,zooplankton,2021-09,M9,Trichocerca cylindrica Lamark,4800.0,,Trichocerca cylindrica,1002016.0,exact
AH_PL,Hồ Ayun Hạ,zooplankton,2021-09,M3,Trichocerca pusilla (Jennings),600.0,,Trichocerca pusilla,1001955.0,exact
AH_PL,Hồ Ayun Hạ,zooplankton,2021-09,M6,Trichocerca pusilla (Jennings),600.0,,Trichocerca pusilla,1001955.0,exact
AH_PL,Hồ Ayun Hạ,zooplankton,2021-09,M7,Trichocerca pusilla (Jennings),2500.0,,Trichocerca pusilla,1001955.0,exact
AH_PL,Hồ Ayun Hạ,zooplankton,2021-09,M1,Trichocerca similis Wierzejski,3000.0,,Trichocerca similis,1002086.0,exact
AH_PL,Hồ Ayun Hạ,zooplankton,2021-09,M3,Trichocerca similis Wierzejski,3200.0,,Trichocerca similis,1002086.0,exact
AH_PL,Hồ Ayun Hạ,zooplankton,2021-09,M4,Trichocerca similis Wierzejski,5100.0,,Trichocerca similis,1002086.0,exact
AH_PL,Hồ Ayun Hạ,zooplankton,2021-09,M7,Trichocerca similis Wierzejski,1500.0,,Trichocerca similis,1002086.0,exact
AH_PL,Hồ Ayun Hạ,zooplankton,2021-09,M8,Trichocerca similis Wierzejski,4400.0,,Trichocerca similis,1002086.0,exact
AH_PL,Hồ Ayun Hạ,zooplankton,2021-09,M9,Trichocerca similis Wierzejski,6800.0,,Trichocerca similis,1002086.0,exact
AH_PL,Hồ Ayun Hạ,zooplankton,2021-09,M10,Trichocerca similis Wierzejski,2000.0,,Trichocerca similis,1002086.0,exact
AH_PL,Hồ Ayun Hạ,zooplankton,2021-09,M11,Trichocerca similis Wierzejski,12000.0,,Trichocerca similis,1002086.0,exact
AH_PL,Hồ Ayun Hạ,zooplankton,2021-09,M1,Bosminopsis deitersi Richard,5400.0,,Bosminopsis deitersi,2234688.0,exact
AH_PL,Hồ Ayun Hạ,zooplankton,2021-09,M2,Bosminopsis deitersi Richard,19000.0,,Bosminopsis deitersi,2234688.0,exact
AH_PL,Hồ Ayun Hạ,zooplankton,2021-09,M3,Bosminopsis deitersi Richard,13400.0,,Bosminopsis deitersi,2234688.0,exact
AH_PL,Hồ Ayun Hạ,zooplankton,2021-09,M4,Bosminopsis deitersi Richard,21000.0,,Bosminopsis deitersi,2234688.0,exact
AH_PL,Hồ Ayun Hạ,zooplankton,2021-09,M5,Bosminopsis deitersi Richard,12500.0,,Bosminopsis deitersi,2234688.0,exact
AH_PL,Hồ Ayun Hạ,zooplankton,2021-09,M6,Bosminopsis deitersi Richard,27000.0,,Bosminopsis deitersi,2234688.0,exact
AH_PL,Hồ Ayun Hạ,zooplankton,2021-09,M7,Bosminopsis deitersi Richard,14500.0,,Bosminopsis deitersi,2234688.0,exact
AH_PL,Hồ Ayun Hạ,zooplankton,2021-09,M8,Bosminopsis deitersi Richard,4000.0,,Bosminopsis deitersi,2234688.0,exact
AH_PL,Hồ Ayun Hạ,zooplankton,2021-09,M9,Bosminopsis deitersi Richard,14000.0,,Bosminopsis deitersi,2234688.0,exact
AH_PL,Hồ Ayun Hạ,zooplankton,2021-09,M10,Bosminopsis deitersi Richard,3200.0,,Bosminopsis deitersi,2234688.0,exact
AH_PL,Hồ Ayun Hạ,zooplankton,2021-09,M11,Bosminopsis deitersi Richard,23000.0,,Bosminopsis deitersi,2234688.0,exact
AH_PL,Hồ Ayun Hạ,zooplankton,2021-09,M1,Bosmina longirostris (O.F. Müller),35000.0,,Bosmina longirostris,2234694.0,exact
AH_PL,Hồ Ayun Hạ,zooplankton,2021-09,M2,Bosmina longirostris (O.F. Müller),11000.0,,Bosmina longirostris,2234694.0,exact
AH_PL,Hồ Ayun Hạ,zooplankton,2021-09,M3,Bosmina longirostris (O.F. Müller),8200.0,,Bosmina longirostris,2234694.0,exact
AH_PL,Hồ Ayun Hạ,zooplankton,2021-09,M4,Bosmina longirostris (O.F. Müller),56000.0,,Bosmina longirostris,2234694.0,exact
AH_PL,Hồ Ayun Hạ,zooplankton,2021-09,M5,Bosmina longirostris (O.F. Müller),6000.0,,Bosmina longirostris,2234694.0,exact
AH_PL,Hồ Ayun Hạ,zooplankton,2021-09,M7,Bosmina longirostris (O.F. Müller),15500.0,,Bosmina longirostris,2234694.0,exact
AH_PL,Hồ Ayun Hạ,zooplankton,2021-09,M8,Bosmina longirostris (O.F. Müller),9000.0,,Bosmina longirostris,2234694.0,exact
AH_PL,Hồ Ayun Hạ,zooplankton,2021-09,M9,Bosmina longirostris (O.F. Müller),10000.0,,Bosmina longirostris,2234694.0,exact
AH_PL,Hồ Ayun Hạ,zooplankton,2021-09,M10,Bosmina longirostris (O.F. Müller),2600.0,,Bosmina longirostris,2234694.0,exact
AH_PL,Hồ Ayun Hạ,zooplankton,2021-09,M11,Bosmina longirostris (O.F. Müller),-1.0,,Bosmina longirostris,2234694.0,exact
AH_PL,Hồ Ayun Hạ,zooplankton,2021-09,M1,Ceriodaphnia rigaudii Richard,12600.0,,Ceriodaphnia rigaudii,2234856.0,fuzzy
AH_PL,Hồ Ayun Hạ,zooplankton,2021-09,M2,Ceriodaphnia rigaudii Richard,61000.0,,Ceriodaphnia rigaudii,2234856.0,fuzzy
AH_PL,Hồ Ayun Hạ,zooplankton,2021-09,M3,Ceriodaphnia rigaudii Richard,6000.0,,Ceriodaphnia rigaudii,2234856.0,fuzzy
AH_PL,Hồ Ayun Hạ,zooplankton,2021-09,M4,Ceriodaphnia rigaudii Richard,32000.0,,Ceriodaphnia rigaudii,2234856.0,fuzzy
AH_PL,Hồ Ayun Hạ,zooplankton,2021-09,M6,Ceriodaphnia rigaudii Richard,6000.0,,Ceriodaphnia rigaudii,2234856.0,fuzzy
AH_PL,Hồ Ayun Hạ,zooplankton,2021-09,M7,Ceriodaphnia rigaudii Richard,8500.0,,Ceriodaphnia rigaudii,2234856.0,fuzzy
AH_PL,Hồ Ayun Hạ,zooplankton,2021-09,M8,Ceriodaphnia rigaudii Richard,2500.0,,Ceriodaphnia rigaudii,2234856.0,fuzzy
AH_PL,Hồ Ayun Hạ,zooplankton,2021-09,M10,Ceriodaphnia rigaudii Richard,11000.0,,Ceriodaphnia rigaudii,2234856.0,fuzzy
AH_PL,Hồ Ayun Hạ,zooplankton,2021-09,M9,Macrothrix triserialis Brady,-1.0,,Macrothrix triserialis,4667984.0,exact
AH_PL,Hồ Ayun Hạ,zooplankton,2021-09,M1,Moina macrocopa (Straus),3200.0,,Moina macrocopa,2234757.0,exact
AH_PL,Hồ Ayun Hạ,zooplankton,2021-09,M2,Moina macrocopa (Straus),6100.0,,Moina macrocopa,2234757.0,exact
AH_PL,Hồ Ayun Hạ,zooplankton,2021-09,M3,Moina macrocopa (Straus),-1.0,,Moina macrocopa,2234757.0,exact
AH_PL,Hồ Ayun Hạ,zooplankton,2021-09,M4,Moina macrocopa (Straus),12200.0,,Moina macrocopa,2234757.0,exact
AH_PL,Hồ Ayun Hạ,zooplankton,2021-09,M8,Moina macrocopa (Straus),2300.0,,Moina macrocopa,2234757.0,exact
AH_PL,Hồ Ayun Hạ,zooplankton,2021-09,M9,Moina macrocopa (Straus),6800.0,,Moina macrocopa,2234757.0,exact
AH_PL,Hồ Ayun Hạ,zooplankton,2021-09,M10,Moina macrocopa (Straus),900.0,,Moina macrocopa,2234757.0,exact
AH_PL,Hồ Ayun Hạ,zooplankton,2021-09,M11,Moina macrocopa (Straus),-1.0,,Moina macrocopa,2234757.0,exact
AH_PL,Hồ Ayun Hạ,zooplankton,2021-09,M2,Heliodiaptomus sp.,-1.0,,Heliodiaptomus sp.,4332324.0,exact
AH_PL,Hồ Ayun Hạ,zooplankton,2021-09,M3,Heliodiaptomus sp.,-1.0,,Heliodiaptomus sp.,4332324.0,exact
AH_PL,Hồ Ayun Hạ,zooplankton,2021-09,M7,Heliodiaptomus sp.,-1.0,,Heliodiaptomus sp.,4332324.0,exact
AH_PL,Hồ Ayun Hạ,zooplankton,2021-09,M8,Heliodiaptomus sp.,-1.0,,Heliodiaptomus sp.,4332324.0,exact
AH_PL,Hồ Ayun Hạ,zooplankton,2021-09,M9,Heliodiaptomus sp.,6000.0,,Heliodiaptomus sp.,4332324.0,exact
AH_PL,Hồ Ayun Hạ,zooplankton,2021-09,M11,Heliodiaptomus sp.,-1.0,,Heliodiaptomus sp.,4332324.0,exact
AH_PL,Hồ Ayun Hạ,zooplankton,2021-09,M4,Pseudodiaptomus sp.,1200.0,,Pseudodiaptomus sp.,2114761.0,exact
AH_PL,Hồ Ayun Hạ,zooplankton,2021-09,M5,Pseudodiaptomus sp.,1600.0,,Pseudodiaptomus sp.,2114761.0,exact
AH_PL,Hồ Ayun Hạ,zooplankton,2021-09,M10,Pseudodiaptomus sp.,2700.0,,Pseudodiaptomus sp.,2114761.0,exact
AH_PL,Hồ Ayun Hạ,zooplankton,2021-09,M11,Pseudodiaptomus sp.,1300.0,,Pseudodiaptomus sp.,2114761.0,exact
AH_PL,Hồ Ayun Hạ,zooplankton,2021-09,M1,Microcyclops varicans Sars,37000.0,,Microcyclops varicans,2116917.0,exact
AH_PL,Hồ Ayun Hạ,zooplankton,2021-09,M2,Microcyclops varicans Sars,220000.0,,Microcyclops varicans,2116917.0,exact
AH_PL,Hồ Ayun Hạ,zooplankton,2021-09,M3,Microcyclops varicans Sars,35200.0,,Microcyclops varicans,2116917.0,exact
AH_PL,Hồ Ayun Hạ,zooplankton,2021-09,M4,Microcyclops varicans Sars,145000.0,,Microcyclops varicans,2116917.0,exact
AH_PL,Hồ Ayun Hạ,zooplankton,2021-09,M5,Microcyclops varicans Sars,27000.0,,Microcyclops varicans,2116917.0,exact
AH_PL,Hồ Ayun Hạ,zooplankton,2021-09,M6,Microcyclops varicans Sars,58000.0,,Microcyclops varicans,2116917.0,exact
AH_PL,Hồ Ayun Hạ,zooplankton,2021-09,M7,Microcyclops varicans Sars,12000.0,,Microcyclops varicans,2116917.0,exact
AH_PL,Hồ Ayun Hạ,zooplankton,2021-09,M8,Microcyclops varicans Sars,4600.0,,Microcyclops varicans,2116917.0,exact
AH_PL,Hồ Ayun Hạ,zooplankton,2021-09,M9,Microcyclops varicans Sars,51000.0,,Microcyclops varicans,2116917.0,exact
AH_PL,Hồ Ayun Hạ,zooplankton,2021-09,M10,Microcyclops varicans Sars,8900.0,,Microcyclops varicans,2116917.0,exact
AH_PL,Hồ Ayun Hạ,zooplankton,2021-09,M11,Microcyclops varicans Sars,18000.0,,Microcyclops varicans,2116917.0,exact
AH_PL,Hồ Ayun Hạ,zooplankton,2021-09,M7,Heterocypris anomala Klie,-1.0,,Heterocypris anomala,1029111.0,higherrank
AH_PL,Hồ Ayun Hạ,zooplankton,2021-09,M8,Heterocypris anomala Klie,600.0,,Heterocypris anomala,1029111.0,higherrank
AH_PL,Hồ Ayun Hạ,zooplankton,2021-09,M9,Heterocypris anomala Klie,-1.0,,Heterocypris anomala,1029111.0,higherrank
AH_PL,Hồ Ayun Hạ,zooplankton,2021-09,M1,Bivalvia,4000.0,,Bivalvia,137.0,exact
AH_PL,Hồ Ayun Hạ,zooplankton,2021-09,M2,Bivalvia,11600.0,,Bivalvia,137.0,exact
AH_PL,Hồ Ayun Hạ,zooplankton,2021-09,M3,Bivalvia,6800.0,,Bivalvia,137.0,exact
AH_PL,Hồ Ayun Hạ,zooplankton,2021-09,M4,Bivalvia,9700.0,,Bivalvia,137.0,exact
AH_PL,Hồ Ayun Hạ,zooplankton,2021-09,M5,Bivalvia,8500.0,,Bivalvia,137.0,exact
AH_PL,Hồ Ayun Hạ,zooplankton,2021-09,M6,Bivalvia,3200.0,,Bivalvia,137.0,exact
AH_PL,Hồ Ayun Hạ,zooplankton,2021-09,M7,Bivalvia,-1.0,,Bivalvia,137.0,exact
AH_PL,Hồ Ayun Hạ,zooplankton,2021-09,M8,Bivalvia,8400.0,,Bivalvia,137.0,exact
AH_PL,Hồ Ayun Hạ,zooplankton,2021-09,M9,Bivalvia,650.0,,Bivalvia,137.0,exact
AH_PL,Hồ Ayun Hạ,zooplankton,2021-09,M10,Bivalvia,14000.0,,Bivalvia,137.0,exact
AH_PL,Hồ Ayun Hạ,zooplankton,2021-09,M11,Bivalvia,3800.0,,Bivalvia,137.0,exact
AH_PL,Hồ Ayun Hạ,zooplankton,2021-09,M1,Copepoda nauplius,12500.0,,Copepoda,11545536.0,exact
AH_PL,Hồ Ayun Hạ,zooplankton,2021-09,M2,Copepoda nauplius,114000.0,,Copepoda,11545536.0,exact
AH_PL,Hồ Ayun Hạ,zooplankton,2021-09,M3,Copepoda nauplius,6400.0,,Copepoda,11545536.0,exact
AH_PL,Hồ Ayun Hạ,zooplankton,2021-09,M4,Copepoda nauplius,79000.0,,Copepoda,11545536.0,exact
AH_PL,Hồ Ayun Hạ,zooplankton,2021-09,M5,Copepoda nauplius,12200.0,,Copepoda,11545536.0,exact
AH_PL,Hồ Ayun Hạ,zooplankton,2021-09,M6,Copepoda nauplius,121000.0,,Copepoda,11545536.0,exact
AH_PL,Hồ Ayun Hạ,zooplankton,2021-09,M7,Copepoda nauplius,45000.0,,Copepoda,11545536.0,exact
AH_PL,Hồ Ayun Hạ,zooplankton,2021-09,M8,Copepoda nauplius,12000.0,,Copepoda,11545536.0,exact
AH_PL,Hồ Ayun Hạ,zooplankton,2021-09,M9,Copepoda nauplius,126000.0,,Copepoda,11545536.0,exact
AH_PL,Hồ Ayun Hạ,zooplankton,2021-09,M10,Copepoda nauplius,18400.0,,Copepoda,11545536.0,exact
AH_PL,Hồ Ayun Hạ,zooplankton,2021-09,M11,Copepoda nauplius,34000.0,,Copepoda,11545536.0,exact
AH_PL,Hồ Ayun Hạ,zooplankton,2021-12,M6,Difflugia corona Wallich,-1.0,,Difflugia corona,5425228.0,exact
AH_PL,Hồ Ayun Hạ,zooplankton,2021-12,M8,Difflugia corona Wallich,1200.0,,Difflugia corona,5425228.0,exact
AH_PL,Hồ Ayun Hạ,zooplankton,2021-12,M9,Difflugia corona Wallich,800.0,,Difflugia corona,5425228.0,exact
AH_PL,Hồ Ayun Hạ,zooplankton,2021-12,M10,Difflugia corona Wallich,5400.0,,Difflugia corona,5425228.0,exact
AH_PL,Hồ Ayun Hạ,zooplankton,2021-12,M1,Difflugia urceolata Carter,1200.0,,Difflugia urceolata,5425233.0,exact
AH_PL,Hồ Ayun Hạ,zooplankton,2021-12,M2,Difflugia urceolata Carter,1200.0,,Difflugia urceolata,5425233.0,exact
AH_PL,Hồ Ayun Hạ,zooplankton,2021-12,M3,Difflugia urceolata Carter,1200.0,,Difflugia urceolata,5425233.0,exact
AH_PL,Hồ Ayun Hạ,zooplankton,2021-12,M4,Difflugia urceolata Carter,5400.0,,Difflugia urceolata,5425233.0,exact
AH_PL,Hồ Ayun Hạ,zooplankton,2021-12,M5,Difflugia urceolata Carter,25600.0,,Difflugia urceolata,5425233.0,exact
AH_PL,Hồ Ayun Hạ,zooplankton,2021-12,M6,Difflugia urceolata Carter,5400.0,,Difflugia urceolata,5425233.0,exact
AH_PL,Hồ Ayun Hạ,zooplankton,2021-12,M7,Difflugia urceolata Carter,4800.0,,Difflugia urceolata,5425233.0,exact
AH_PL,Hồ Ayun Hạ,zooplankton,2021-12,M8,Difflugia urceolata Carter,18000.0,,Difflugia urceolata,5425233.0,exact
AH_PL,Hồ Ayun Hạ,zooplankton,2021-12,M9,Difflugia urceolata Carter,1600.0,,Difflugia urceolata,5425233.0,exact
AH_PL,Hồ Ayun Hạ,zooplankton,2021-12,M10,Difflugia urceolata Carter,10800.0,,Difflugia urceolata,5425233.0,exact
AH_PL,Hồ Ayun Hạ,zooplankton,2021-12,M11,Difflugia urceolata Carter,18600.0,,Difflugia urceolata,5425233.0,exact
AH_PL,Hồ Ayun Hạ,zooplankton,2021-12,M3,Difflugia sp.,600.0,,Difflugia sp.,5428692.0,exact
AH_PL,Hồ Ayun Hạ,zooplankton,2021-12,M11,Difflugia sp.,600.0,,Difflugia sp.,5428692.0,exact
AH_PL,Hồ Ayun Hạ,zooplankton,2021-12,M2,Philodina roseola Ehrenberg,1800.0,,Philodina roseola,1001125.0,exact
AH_PL,Hồ Ayun Hạ,zooplankton,2021-12,M9,Philodina roseola Ehrenberg,800.0,,Philodina roseola,1001125.0,exact
AH_PL,Hồ Ayun Hạ,zooplankton,2021-12,M5,Hexathra mira (Hudson),1600.0,,Hexathra mira,1000447.0,fuzzy
AH_PL,Hồ Ayun Hạ,zooplankton,2021-12,M6,Hexathra mira (Hudson),1800.0,,Hexathra mira,1000447.0,fuzzy
AH_PL,Hồ Ayun Hạ,zooplankton,2021-12,M7,Hexathra mira (Hudson),600.0,,Hexathra mira,1000447.0,fuzzy
AH_PL,Hồ Ayun Hạ,zooplankton,2021-12,M8,Hexathra mira (Hudson),20400.0,,Hexathra mira,1000447.0,fuzzy
AH_PL,Hồ Ayun Hạ,zooplankton,2021-12,M10,Hexathra mira (Hudson),1800.0,,Hexathra mira,1000447.0,fuzzy
AH_PL,Hồ Ayun Hạ,zooplankton,2021-12,M2,Pompholyx complanata Gosse,600.0,,Pompholyx complanata,1000700.0,exact
AH_PL,Hồ Ayun Hạ,zooplankton,2021-12,M4,Pompholyx complanata Gosse,600.0,,Pompholyx complanata,1000700.0,exact
AH_PL,Hồ Ayun Hạ,zooplankton,2021-12,M5,Pompholyx complanata Gosse,-1.0,,Pompholyx complanata,1000700.0,exact
AH_PL,Hồ Ayun Hạ,zooplankton,2021-12,M7,Pompholyx complanata Gosse,9000.0,,Pompholyx complanata,1000700.0,exact
AH_PL,Hồ Ayun Hạ,zooplankton,2021-12,M8,Pompholyx complanata Gosse,1800.0,,Pompholyx complanata,1000700.0,exact
AH_PL,Hồ Ayun Hạ,zooplankton,2021-12,M1,Filinia camasecla Myers,600.0,,Filinia camasecla,1000458.0,exact
AH_PL,Hồ Ayun Hạ,zooplankton,2021-12,M3,Filinia camasecla Myers,600.0,,Filinia camasecla,1000458.0,exact
AH_PL,Hồ Ayun Hạ,zooplankton,2021-12,M7,Filinia camasecla Myers,7200.0,,Filinia camasecla,1000458.0,exact
AH_PL,Hồ Ayun Hạ,zooplankton,2021-12,M8,Filinia camasecla Myers,600.0,,Filinia camasecla,1000458.0,exact
AH_PL,Hồ Ayun Hạ,zooplankton,2021-12,M9,Filinia camasecla Myers,800.0,,Filinia camasecla,1000458.0,exact
AH_PL,Hồ Ayun Hạ,zooplankton,2021-12,M11,Filinia camasecla Myers,1200.0,,Filinia camasecla,1000458.0,exact
AH_PL,Hồ Ayun Hạ,zooplankton,2021-12,M4,Filinia longiseta Ehrenberg,-1.0,,Filinia longiseta,1000461.0,exact
AH_PL,Hồ Ayun Hạ,zooplankton,2021-12,M5,Filinia longiseta Ehrenberg,-1.0,,Filinia longiseta,1000461.0,exact
AH_PL,Hồ Ayun Hạ,zooplankton,2021-12,M7,Filinia longiseta Ehrenberg,1800.0,,Filinia longiseta,1000461.0,exact
AH_PL,Hồ Ayun Hạ,zooplankton,2021-12,M8,Asplanchna priodonta Gosse,1800.0,,Asplanchna priodonta,1001922.0,exact
AH_PL,Hồ Ayun Hạ,zooplankton,2021-12,M10,Asplanchna priodonta Gosse,3600.0,,Asplanchna priodonta,1001922.0,exact
AH_PL,Hồ Ayun Hạ,zooplankton,2021-12,M11,Asplanchna priodonta Gosse,600.0,,Asplanchna priodonta,1001922.0,exact
AH_PL,Hồ Ayun Hạ,zooplankton,2021-12,M7,Asplanchna sieboldi (Leydig),-1.0,,Asplanchna sieboldi,1001924.0,fuzzy
AH_PL,Hồ Ayun Hạ,zooplankton,2021-12,M3,Brachionus angularis Gosse,600.0,,Brachionus angularis,4984131.0,exact
AH_PL,Hồ Ayun Hạ,zooplankton,2021-12,M4,Brachionus angularis Gosse,1200.0,,Brachionus angularis,4984131.0,exact
AH_PL,Hồ Ayun Hạ,zooplankton,2021-12,M5,Brachionus angularis Gosse,4000.0,,Brachionus angularis,4984131.0,exact
AH_PL,Hồ Ayun Hạ,zooplankton,2021-12,M6,Brachionus angularis Gosse,1200.0,,Brachionus angularis,4984131.0,exact
AH_PL,Hồ Ayun Hạ,zooplankton,2021-12,M7,Brachionus angularis Gosse,6000.0,,Brachionus angularis,4984131.0,exact
AH_PL,Hồ Ayun Hạ,zooplankton,2021-12,M8,Brachionus angularis Gosse,3600.0,,Brachionus angularis,4984131.0,exact
AH_PL,Hồ Ayun Hạ,zooplankton,2021-12,M9,Brachionus angularis Gosse,56000.0,,Brachionus angularis,4984131.0,exact
AH_PL,Hồ Ayun Hạ,zooplankton,2021-12,M10,Brachionus angularis Gosse,30600.0,,Brachionus angularis,4984131.0,exact
AH_PL,Hồ Ayun Hạ,zooplankton,2021-12,M11,Brachionus angularis Gosse,10200.0,,Brachionus angularis,4984131.0,exact
AH_PL,Hồ Ayun Hạ,zooplankton,2021-12,M6,Brachionus calyciflorus anuraeiformis Brehm,1200.0,,Brachionus calyciflorus,4984102.0,exact
AH_PL,Hồ Ayun Hạ,zooplankton,2021-12,M8,Brachionus calyciflorus anuraeiformis Brehm,600.0,,Brachionus calyciflorus,4984102.0,exact
AH_PL,Hồ Ayun Hạ,zooplankton,2021-12,M7,Brachionus calyciflorus calyciflorus Pallas,-1.0,,Brachionus calyciflorus,4984102.0,exact
AH_PL,Hồ Ayun Hạ,zooplankton,2021-12,M4,Brachionus caudatus (Apstein),-1.0,,Brachionus caudatus,4984110.0,exact
AH_PL,Hồ Ayun Hạ,zooplankton,2021-12,M10,Brachionus diversicornis (Daday),600.0,,Brachionus diversicornis,4984207.0,exact
AH_PL,Hồ Ayun Hạ,zooplankton,2021-12,M7,Brachionus falcatus Zacharias,1200.0,,Brachionus falcatus,4984079.0,exact
AH_PL,Hồ Ayun Hạ,zooplankton,2021-12,M8,Brachionus falcatus Zacharias,-1.0,,Brachionus falcatus,4984079.0,exact
AH_PL,Hồ Ayun Hạ,zooplankton,2021-12,M9,Brachionus falcatus Zacharias,12800.0,,Brachionus falcatus,4984079.0,exact
AH_PL,Hồ Ayun Hạ,zooplankton,2021-12,M10,Brachionus falcatus Zacharias,5400.0,,Brachionus falcatus,4984079.0,exact
AH_PL,Hồ Ayun Hạ,zooplankton,2021-12,M11,Brachionus falcatus Zacharias,600.0,,Brachionus falcatus,4984079.0,exact
AH_PL,Hồ Ayun Hạ,zooplankton,2021-12,M9,Brachionus forficula Wierzejski,-1.0,,Brachionus forficula,4984093.0,exact
AH_PL,Hồ Ayun Hạ,zooplankton,2021-12,M10,Brachionus forficula Wierzejski,3600.0,,Brachionus forficula,4984093.0,exact
AH_PL,Hồ Ayun Hạ,zooplankton,2021-12,M1,Keratella cochlearis Gosse,5400.0,,Keratella cochlearis,1002590.0,exact
AH_PL,Hồ Ayun Hạ,zooplankton,2021-12,M2,Keratella cochlearis Gosse,4200.0,,Keratella cochlearis,1002590.0,exact
AH_PL,Hồ Ayun Hạ,zooplankton,2021-12,M3,Keratella cochlearis Gosse,1200.0,,Keratella cochlearis,1002590.0,exact
AH_PL,Hồ Ayun Hạ,zooplankton,2021-12,M4,Keratella cochlearis Gosse,2400.0,,Keratella cochlearis,1002590.0,exact
AH_PL,Hồ Ayun Hạ,zooplankton,2021-12,M5,Keratella cochlearis Gosse,7200.0,,Keratella cochlearis,1002590.0,exact
AH_PL,Hồ Ayun Hạ,zooplankton,2021-12,M6,Keratella cochlearis Gosse,5400.0,,Keratella cochlearis,1002590.0,exact
AH_PL,Hồ Ayun Hạ,zooplankton,2021-12,M7,Keratella cochlearis Gosse,5400.0,,Keratella cochlearis,1002590.0,exact
AH_PL,Hồ Ayun Hạ,zooplankton,2021-12,M8,Keratella cochlearis Gosse,24600.0,,Keratella cochlearis,1002590.0,exact
AH_PL,Hồ Ayun Hạ,zooplankton,2021-12,M9,Keratella cochlearis Gosse,6400.0,,Keratella cochlearis,1002590.0,exact
AH_PL,Hồ Ayun Hạ,zooplankton,2021-12,M10,Keratella cochlearis Gosse,1200.0,,Keratella cochlearis,1002590.0,exact
AH_PL,Hồ Ayun Hạ,zooplankton,2021-12,M5,Keratella tecta (Gosse),-1.0,,Keratella tecta,1002639.0,exact
AH_PL,Hồ Ayun Hạ,zooplankton,2021-12,M1,Keratella tropica (Apstein),600.0,,Keratella tropica,1002621.0,exact
AH_PL,Hồ Ayun Hạ,zooplankton,2021-12,M2,Keratella tropica (Apstein),600.0,,Keratella tropica,1002621.0,exact
AH_PL,Hồ Ayun Hạ,zooplankton,2021-12,M3,Keratella tropica (Apstein),-1.0,,Keratella tropica,1002621.0,exact
AH_PL,Hồ Ayun Hạ,zooplankton,2021-12,M4,Keratella tropica (Apstein),1200.0,,Keratella tropica,1002621.0,exact
AH_PL,Hồ Ayun Hạ,zooplankton,2021-12,M5,Keratella tropica (Apstein),3200.0,,Keratella tropica,1002621.0,exact
AH_PL,Hồ Ayun Hạ,zooplankton,2021-12,M6,Keratella tropica (Apstein),2400.0,,Keratella tropica,1002621.0,exact
AH_PL,Hồ Ayun Hạ,zooplankton,2021-12,M7,Keratella tropica (Apstein),10800.0,,Keratella tropica,1002621.0,exact
AH_PL,Hồ Ayun Hạ,zooplankton,2021-12,M8,Keratella tropica (Apstein),16800.0,,Keratella tropica,1002621.0,exact
AH_PL,Hồ Ayun Hạ,zooplankton,2021-12,M9,Keratella tropica (Apstein),14400.0,,Keratella tropica,1002621.0,exact
AH_PL,Hồ Ayun Hạ,zooplankton,2021-12,M10,Keratella tropica (Apstein),4800.0,,Keratella tropica,1002621.0,exact
AH_PL,Hồ Ayun Hạ,zooplankton,2021-12,M11,Keratella tropica (Apstein),10800.0,,Keratella tropica,1002621.0,exact
AH_PL,Hồ Ayun Hạ,zooplankton,2021-12,M6,Lecane bulla (Gosse),600.0,,Lecane bulla,1002248.0,exact
AH_PL,Hồ Ayun Hạ,zooplankton,2021-12,M5,Lecane furcata (Murray),800.0,,Lecane furcata,1002358.0,exact
AH_PL,Hồ Ayun Hạ,zooplankton,2021-12,M8,Lecane furcata (Murray),600.0,,Lecane furcata,1002358.0,exact
AH_PL,Hồ Ayun Hạ,zooplankton,2021-12,M10,Lecane furcata (Murray),600.0,,Lecane furcata,1002358.0,exact
AH_PL,Hồ Ayun Hạ,zooplankton,2021-12,M11,Lecane furcata (Murray),600.0,,Lecane furcata,1002358.0,exact
AH_PL,Hồ Ayun Hạ,zooplankton,2021-12,M1,Lecane inermis (Bryce),600.0,,Lecane inermis,1002486.0,exact
AH_PL,Hồ Ayun Hạ,zooplankton,2021-12,M11,Lecane luna (Müller),-1.0,,Lecane luna,1002436.0,exact
AH_PL,Hồ Ayun Hạ,zooplankton,2021-12,M7,Lecane ungulata (Gosse),600.0,,Lecane ungulata,1002473.0,exact
AH_PL,Hồ Ayun Hạ,zooplankton,2021-12,M10,Ploesoma truncatum (Levander),600.0,,Ploesoma truncatum,1003127.0,exact
AH_PL,Hồ Ayun Hạ,zooplankton,2021-12,M1,Polyarthra vulgaris Carlin,14400.0,,Polyarthra vulgaris,1003112.0,exact
AH_PL,Hồ Ayun Hạ,zooplankton,2021-12,M2,Polyarthra vulgaris Carlin,16200.0,,Polyarthra vulgaris,1003112.0,exact
AH_PL,Hồ Ayun Hạ,zooplankton,2021-12,M3,Polyarthra vulgaris Carlin,3000.0,,Polyarthra vulgaris,1003112.0,exact
AH_PL,Hồ Ayun Hạ,zooplankton,2021-12,M4,Polyarthra vulgaris Carlin,34200.0,,Polyarthra vulgaris,1003112.0,exact
AH_PL,Hồ Ayun Hạ,zooplankton,2021-12,M5,Polyarthra vulgaris Carlin,48000.0,,Polyarthra vulgaris,1003112.0,exact
AH_PL,Hồ Ayun Hạ,zooplankton,2021-12,M6,Polyarthra vulgaris Carlin,4200.0,,Polyarthra vulgaris,1003112.0,exact
AH_PL,Hồ Ayun Hạ,zooplankton,2021-12,M7,Polyarthra vulgaris Carlin,19200.0,,Polyarthra vulgaris,1003112.0,exact
AH_PL,Hồ Ayun Hạ,zooplankton,2021-12,M8,Polyarthra vulgaris Carlin,191400.0,,Polyarthra vulgaris,1003112.0,exact
AH_PL,Hồ Ayun Hạ,zooplankton,2021-12,M9,Polyarthra vulgaris Carlin,3200.0,,Polyarthra vulgaris,1003112.0,exact
AH_PL,Hồ Ayun Hạ,zooplankton,2021-12,M10,Polyarthra vulgaris Carlin,10800.0,,Polyarthra vulgaris,1003112.0,exact
AH_PL,Hồ Ayun Hạ,zooplankton,2021-12,M11,Polyarthra vulgaris Carlin,4200.0,,Polyarthra vulgaris,1003112.0,exact
AH_PL,Hồ Ayun Hạ,zooplankton,2021-12,M3,Trichocerca capucina (Wierzejski & Zacharias),600.0,,Trichocerca capucina,1002008.0,exact
AH_PL,Hồ Ayun Hạ,zooplankton,2021-12,M4,Trichocerca capucina (Wierzejski & Zacharias),-1.0,,Trichocerca capucina,1002008.0,exact
AH_PL,Hồ Ayun Hạ,zooplankton,2021-12,M7,Trichocerca capucina (Wierzejski & Zacharias),2400.0,,Trichocerca capucina,1002008.0,exact
AH_PL,Hồ Ayun Hạ,zooplankton,2021-12,M8,Trichocerca capucina (Wierzejski & Zacharias),1800.0,,Trichocerca capucina,1002008.0,exact
AH_PL,Hồ Ayun Hạ,zooplankton,2021-12,M11,Trichocerca capucina (Wierzejski & Zacharias),600.0,,Trichocerca capucina,1002008.0,exact
AH_PL,Hồ Ayun Hạ,zooplankton,2021-12,M1,Trichocerca cylindrica Lamark,1800.0,,Trichocerca cylindrica,1002016.0,exact
AH_PL,Hồ Ayun Hạ,zooplankton,2021-12,M2,Trichocerca cylindrica Lamark,600.0,,Trichocerca cylindrica,1002016.0,exact
AH_PL,Hồ Ayun Hạ,zooplankton,2021-12,M4,Trichocerca cylindrica Lamark,600.0,,Trichocerca cylindrica,1002016.0,exact
AH_PL,Hồ Ayun Hạ,zooplankton,2021-12,M5,Trichocerca cylindrica Lamark,-1.0,,Trichocerca cylindrica,1002016.0,exact
AH_PL,Hồ Ayun Hạ,zooplankton,2021-12,M7,Trichocerca cylindrica Lamark,3000.0,,Trichocerca cylindrica,1002016.0,exact
AH_PL,Hồ Ayun Hạ,zooplankton,2021-12,M8,Trichocerca cylindrica Lamark,1800.0,,Trichocerca cylindrica,1002016.0,exact
AH_PL,Hồ Ayun Hạ,zooplankton,2021-12,M9,Trichocerca cylindrica Lamark,800.0,,Trichocerca cylindrica,1002016.0,exact
AH_PL,Hồ Ayun Hạ,zooplankton,2021-12,M2,Trichocerca similis Wierzejski,1200.0,,Trichocerca similis,1002086.0,exact
AH_PL,Hồ Ayun Hạ,zooplankton,2021-12,M3,Trichocerca similis Wierzejski,600.0,,Trichocerca similis,1002086.0,exact
AH_PL,Hồ Ayun Hạ,zooplankton,2021-12,M5,Trichocerca similis Wierzejski,4800.0,,Trichocerca similis,1002086.0,exact
AH_PL,Hồ Ayun Hạ,zooplankton,2021-12,M6,Trichocerca similis Wierzejski,600.0,,Trichocerca similis,1002086.0,exact
AH_PL,Hồ Ayun Hạ,zooplankton,2021-12,M7,Trichocerca similis Wierzejski,600.0,,Trichocerca similis,1002086.0,exact
AH_PL,Hồ Ayun Hạ,zooplankton,2021-12,M8,Trichocerca similis Wierzejski,1800.0,,Trichocerca similis,1002086.0,exact
AH_PL,Hồ Ayun Hạ,zooplankton,2021-12,M9,Trichocerca similis Wierzejski,-1.0,,Trichocerca similis,1002086.0,exact
AH_PL,Hồ Ayun Hạ,zooplankton,2021-12,M10,Trichocerca similis Wierzejski,600.0,,Trichocerca similis,1002086.0,exact
AH_PL,Hồ Ayun Hạ,zooplankton,2021-12,M11,Trichocerca similis Wierzejski,600.0,,Trichocerca similis,1002086.0,exact
AH_PL,Hồ Ayun Hạ,zooplankton,2021-12,M4,Bosminopsis deitersi Richard,-1.0,,Bosminopsis deitersi,2234688.0,exact
AH_PL,Hồ Ayun Hạ,zooplankton,2021-12,M5,Bosminopsis deitersi Richard,6400.0,,Bosminopsis deitersi,2234688.0,exact
AH_PL,Hồ Ayun Hạ,zooplankton,2021-12,M6,Bosminopsis deitersi Richard,12000.0,,Bosminopsis deitersi,2234688.0,exact
AH_PL,Hồ Ayun Hạ,zooplankton,2021-12,M7,Bosminopsis deitersi Richard,1200.0,,Bosminopsis deitersi,2234688.0,exact
AH_PL,Hồ Ayun Hạ,zooplankton,2021-12,M8,Bosminopsis deitersi Richard,1200.0,,Bosminopsis deitersi,2234688.0,exact
AH_PL,Hồ Ayun Hạ,zooplankton,2021-12,M9,Bosminopsis deitersi Richard,-1.0,,Bosminopsis deitersi,2234688.0,exact
AH_PL,Hồ Ayun Hạ,zooplankton,2021-12,M10,Bosminopsis deitersi Richard,1800.0,,Bosminopsis deitersi,2234688.0,exact
AH_PL,Hồ Ayun Hạ,zooplankton,2021-12,M4,Bosmina longirostris (O.F. Müller),-1.0,,Bosmina longirostris,2234694.0,exact
AH_PL,Hồ Ayun Hạ,zooplankton,2021-12,M5,Bosmina longirostris (O.F. Müller),9600.0,,Bosmina longirostris,2234694.0,exact
AH_PL,Hồ Ayun Hạ,zooplankton,2021-12,M6,Bosmina longirostris (O.F. Müller),1800.0,,Bosmina longirostris,2234694.0,exact
AH_PL,Hồ Ayun Hạ,zooplankton,2021-12,M7,Bosmina longirostris (O.F. Müller),3600.0,,Bosmina longirostris,2234694.0,exact
AH_PL,Hồ Ayun Hạ,zooplankton,2021-12,M8,Bosmina longirostris (O.F. Müller),19800.0,,Bosmina longirostris,2234694.0,exact
AH_PL,Hồ Ayun Hạ,zooplankton,2021-12,M9,Bosmina longirostris (O.F. Müller),5600.0,,Bosmina longirostris,2234694.0,exact
AH_PL,Hồ Ayun Hạ,zooplankton,2021-12,M10,Bosmina longirostris (O.F. Müller),600.0,,Bosmina longirostris,2234694.0,exact
AH_PL,Hồ Ayun Hạ,zooplankton,2021-12,M11,Bosmina longirostris (O.F. Müller),600.0,,Bosmina longirostris,2234694.0,exact
AH_PL,Hồ Ayun Hạ,zooplankton,2021-12,M10,Alona monacantha Sars,600.0,,Alona monacantha,5180051.0,exact
AH_PL,Hồ Ayun Hạ,zooplankton,2021-12,M11,Alona monacantha Sars,600.0,,Alona monacantha,5180051.0,exact
AH_PL,Hồ Ayun Hạ,zooplankton,2021-12,M5,Disparalona rostrata (Koch),-1.0,,Disparalona rostrata,2235025.0,exact
AH_PL,Hồ Ayun Hạ,zooplankton,2021-12,M6,Ilyocryptus halyi Brady,1200.0,,Ilyocryptus halyi,8087750.0,synonym
AH_PL,Hồ Ayun Hạ,zooplankton,2021-12,M9,Ilyocryptus halyi Brady,800.0,,Ilyocryptus halyi,8087750.0,synonym
AH_PL,Hồ Ayun Hạ,zooplankton,2021-12,M4,Moina macrocopa (Straus),-1.0,,Moina macrocopa,2234757.0,exact
AH_PL,Hồ Ayun Hạ,zooplankton,2021-12,M7,Moina macrocopa (Straus),-1.0,,Moina macrocopa,2234757.0,exact
AH_PL,Hồ Ayun Hạ,zooplankton,2021-12,M2,Heliodiaptomus sp.,600.0,,Heliodiaptomus sp.,4332324.0,exact
AH_PL,Hồ Ayun Hạ,zooplankton,2021-12,M4,Heliodiaptomus sp.,1800.0,,Heliodiaptomus sp.,4332324.0,exact
AH_PL,Hồ Ayun Hạ,zooplankton,2021-12,M5,Heliodiaptomus sp.,1600.0,,Heliodiaptomus sp.,4332324.0,exact
AH_PL,Hồ Ayun Hạ,zooplankton,2021-12,M10,Heliodiaptomus sp.,600.0,,Heliodiaptomus sp.,4332324.0,exact
AH_PL,Hồ Ayun Hạ,zooplankton,2021-12,M11,Heliodiaptomus sp.,600.0,,Heliodiaptomus sp.,4332324.0,exact
AH_PL,Hồ Ayun Hạ,zooplankton,2021-12,M1,Pseudodiaptomus sp.,600.0,,Pseudodiaptomus sp.,2114761.0,exact
AH_PL,Hồ Ayun Hạ,zooplankton,2021-12,M2,Pseudodiaptomus sp.,-1.0,,Pseudodiaptomus sp.,2114761.0,exact
AH_PL,Hồ Ayun Hạ,zooplankton,2021-12,M3,Pseudodiaptomus sp.,600.0,,Pseudodiaptomus sp.,2114761.0,exact
AH_PL,Hồ Ayun Hạ,zooplankton,2021-12,M4,Pseudodiaptomus sp.,600.0,,Pseudodiaptomus sp.,2114761.0,exact
AH_PL,Hồ Ayun Hạ,zooplankton,2021-12,M7,Pseudodiaptomus sp.,-1.0,,Pseudodiaptomus sp.,2114761.0,exact
AH_PL,Hồ Ayun Hạ,zooplankton,2021-12,M1,Microcyclops varicans Sars,600.0,,Microcyclops varicans,2116917.0,exact
AH_PL,Hồ Ayun Hạ,zooplankton,2021-12,M2,Microcyclops varicans Sars,600.0,,Microcyclops varicans,2116917.0,exact
AH_PL,Hồ Ayun Hạ,zooplankton,2021-12,M3,Microcyclops varicans Sars,4800.0,,Microcyclops varicans,2116917.0,exact
AH_PL,Hồ Ayun Hạ,zooplankton,2021-12,M4,Microcyclops varicans Sars,1200.0,,Microcyclops varicans,2116917.0,exact
AH_PL,Hồ Ayun Hạ,zooplankton,2021-12,M5,Microcyclops varicans Sars,4000.0,,Microcyclops varicans,2116917.0,exact
AH_PL,Hồ Ayun Hạ,zooplankton,2021-12,M6,Microcyclops varicans Sars,1200.0,,Microcyclops varicans,2116917.0,exact
AH_PL,Hồ Ayun Hạ,zooplankton,2021-12,M7,Microcyclops varicans Sars,10800.0,,Microcyclops varicans,2116917.0,exact
AH_PL,Hồ Ayun Hạ,zooplankton,2021-12,M8,Microcyclops varicans Sars,3600.0,,Microcyclops varicans,2116917.0,exact
AH_PL,Hồ Ayun Hạ,zooplankton,2021-12,M9,Microcyclops varicans Sars,2400.0,,Microcyclops varicans,2116917.0,exact
AH_PL,Hồ Ayun Hạ,zooplankton,2021-12,M10,Microcyclops varicans Sars,6000.0,,Microcyclops varicans,2116917.0,exact
AH_PL,Hồ Ayun Hạ,zooplankton,2021-12,M11,Microcyclops varicans Sars,2400.0,,Microcyclops varicans,2116917.0,exact
AH_PL,Hồ Ayun Hạ,zooplankton,2021-12,M11,Heterocypris anomala Klie,-1.0,,Heterocypris anomala,1029111.0,higherrank
AH_PL,Hồ Ayun Hạ,zooplankton,2021-12,M4,Bivalvia,600.0,,Bivalvia,137.0,exact
AH_PL,Hồ Ayun Hạ,zooplankton,2021-12,M7,Bivalvia,7200.0,,Bivalvia,137.0,exact
AH_PL,Hồ Ayun Hạ,zooplankton,2021-12,M8,Bivalvia,4200.0,,Bivalvia,137.0,exact
AH_PL,Hồ Ayun Hạ,zooplankton,2021-12,M9,Bivalvia,1600.0,,Bivalvia,137.0,exact
AH_PL,Hồ Ayun Hạ,zooplankton,2021-12,M1,Copepoda nauplius,16800.0,,Copepoda,11545536.0,exact
AH_PL,Hồ Ayun Hạ,zooplankton,2021-12,M2,Copepoda nauplius,1800.0,,Copepoda,11545536.0,exact
AH_PL,Hồ Ayun Hạ,zooplankton,2021-12,M3,Copepoda nauplius,1800.0,,Copepoda,11545536.0,exact
AH_PL,Hồ Ayun Hạ,zooplankton,2021-12,M4,Copepoda nauplius,24000.0,,Copepoda,11545536.0,exact
AH_PL,Hồ Ayun Hạ,zooplankton,2021-12,M5,Copepoda nauplius,50400.0,,Copepoda,11545536.0,exact
AH_PL,Hồ Ayun Hạ,zooplankton,2021-12,M6,Copepoda nauplius,4800.0,,Copepoda,11545536.0,exact
AH_PL,Hồ Ayun Hạ,zooplankton,2021-12,M7,Copepoda nauplius,33600.0,,Copepoda,11545536.0,exact
AH_PL,Hồ Ayun Hạ,zooplankton,2021-12,M8,Copepoda nauplius,72600.0,,Copepoda,11545536.0,exact
AH_PL,Hồ Ayun Hạ,zooplankton,2021-12,M9,Copepoda nauplius,79200.0,,Copepoda,11545536.0,exact
AH_PL,Hồ Ayun Hạ,zooplankton,2021-12,M10,Copepoda nauplius,66000.0,,Copepoda,11545536.0,exact
AH_PL,Hồ Ayun Hạ,zooplankton,2021-12,M11,Copepoda nauplius,22800.0,,Copepoda,11545536.0,exact
AH_PL,Hồ Ayun Hạ,zooplankton,2022-03,M6,Difflugia corona Wallich,600.0,,Difflugia corona,5425228.0,exact
AH_PL,Hồ Ayun Hạ,zooplankton,2022-03,M7,Difflugia corona Wallich,-1.0,,Difflugia corona,5425228.0,exact
AH_PL,Hồ Ayun Hạ,zooplankton,2022-03,M9,Difflugia corona Wallich,800.0,,Difflugia corona,5425228.0,exact
AH_PL,Hồ Ayun Hạ,zooplankton,2022-03,M10,Difflugia corona Wallich,19200.0,,Difflugia corona,5425228.0,exact
AH_PL,Hồ Ayun Hạ,zooplankton,2022-03,M2,Difflugia urceolata Carter,4200.0,,Difflugia urceolata,5425233.0,exact
AH_PL,Hồ Ayun Hạ,zooplankton,2022-03,M3,Difflugia urceolata Carter,1800.0,,Difflugia urceolata,5425233.0,exact
AH_PL,Hồ Ayun Hạ,zooplankton,2022-03,M4,Difflugia urceolata Carter,5400.0,,Difflugia urceolata,5425233.0,exact
AH_PL,Hồ Ayun Hạ,zooplankton,2022-03,M5,Difflugia urceolata Carter,20800.0,,Difflugia urceolata,5425233.0,exact
AH_PL,Hồ Ayun Hạ,zooplankton,2022-03,M6,Difflugia urceolata Carter,19200.0,,Difflugia urceolata,5425233.0,exact
AH_PL,Hồ Ayun Hạ,zooplankton,2022-03,M7,Difflugia urceolata Carter,6400.0,,Difflugia urceolata,5425233.0,exact
AH_PL,Hồ Ayun Hạ,zooplankton,2022-03,M8,Difflugia urceolata Carter,15000.0,,Difflugia urceolata,5425233.0,exact
AH_PL,Hồ Ayun Hạ,zooplankton,2022-03,M9,Difflugia urceolata Carter,12800.0,,Difflugia urceolata,5425233.0,exact
AH_PL,Hồ Ayun Hạ,zooplankton,2022-03,M10,Difflugia urceolata Carter,19800.0,,Difflugia urceolata,5425233.0,exact
AH_PL,Hồ Ayun Hạ,zooplankton,2022-03,M11,Difflugia urceolata Carter,42000.0,,Difflugia urceolata,5425233.0,exact
AH_PL,Hồ Ayun Hạ,zooplankton,2022-03,M4,Difflugia sp.,-1.0,,Difflugia sp.,5428692.0,exact
AH_PL,Hồ Ayun Hạ,zooplankton,2022-03,M5,Difflugia sp.,800.0,,Difflugia sp.,5428692.0,exact
AH_PL,Hồ Ayun Hạ,zooplankton,2022-03,M8,Difflugia sp.,600.0,,Difflugia sp.,5428692.0,exact
AH_PL,Hồ Ayun Hạ,zooplankton,2022-03,M9,Difflugia sp.,800.0,,Difflugia sp.,5428692.0,exact
AH_PL,Hồ Ayun Hạ,zooplankton,2022-03,M10,Difflugia sp.,7200.0,,Difflugia sp.,5428692.0,exact
AH_PL,Hồ Ayun Hạ,zooplankton,2022-03,M5,Hexathra mira (Hudson),1600.0,,Hexathra mira,1000447.0,fuzzy
AH_PL,Hồ Ayun Hạ,zooplankton,2022-03,M6,Hexathra mira (Hudson),2400.0,,Hexathra mira,1000447.0,fuzzy
AH_PL,Hồ Ayun Hạ,zooplankton,2022-03,M7,Hexathra mira (Hudson),800.0,,Hexathra mira,1000447.0,fuzzy
AH_PL,Hồ Ayun Hạ,zooplankton,2022-03,M8,Hexathra mira (Hudson),3600.0,,Hexathra mira,1000447.0,fuzzy
AH_PL,Hồ Ayun Hạ,zooplankton,2022-03,M9,Hexathra mira (Hudson),3200.0,,Hexathra mira,1000447.0,fuzzy
AH_PL,Hồ Ayun Hạ,zooplankton,2022-03,M10,Hexathra mira (Hudson),5400.0,,Hexathra mira,1000447.0,fuzzy
AH_PL,Hồ Ayun Hạ,zooplankton,2022-03,M1,Pompholyx complanata Gosse,1200.0,,Pompholyx complanata,1000700.0,exact
AH_PL,Hồ Ayun Hạ,zooplankton,2022-03,M2,Pompholyx complanata Gosse,600.0,,Pompholyx complanata,1000700.0,exact
AH_PL,Hồ Ayun Hạ,zooplankton,2022-03,M5,Pompholyx complanata Gosse,3200.0,,Pompholyx complanata,1000700.0,exact
AH_PL,Hồ Ayun Hạ,zooplankton,2022-03,M6,Pompholyx complanata Gosse,600.0,,Pompholyx complanata,1000700.0,exact
AH_PL,Hồ Ayun Hạ,zooplankton,2022-03,M8,Pompholyx complanata Gosse,2400.0,,Pompholyx complanata,1000700.0,exact
AH_PL,Hồ Ayun Hạ,zooplankton,2022-03,M9,Pompholyx complanata Gosse,2400.0,,Pompholyx complanata,1000700.0,exact
AH_PL,Hồ Ayun Hạ,zooplankton,2022-03,M10,Pompholyx complanata Gosse,5400.0,,Pompholyx complanata,1000700.0,exact
AH_PL,Hồ Ayun Hạ,zooplankton,2022-03,M11,Pompholyx complanata Gosse,1800.0,,Pompholyx complanata,1000700.0,exact
AH_PL,Hồ Ayun Hạ,zooplankton,2022-03,M4,Filinia camasecla Myers,600.0,,Filinia camasecla,1000458.0,exact
AH_PL,Hồ Ayun Hạ,zooplankton,2022-03,M6,Filinia camasecla Myers,600.0,,Filinia camasecla,1000458.0,exact
AH_PL,Hồ Ayun Hạ,zooplankton,2022-03,M7,Filinia camasecla Myers,800.0,,Filinia camasecla,1000458.0,exact
AH_PL,Hồ Ayun Hạ,zooplankton,2022-03,M9,Filinia camasecla Myers,1600.0,,Filinia camasecla,1000458.0,exact
AH_PL,Hồ Ayun Hạ,zooplankton,2022-03,M10,Filinia camasecla Myers,600.0,,Filinia camasecla,1000458.0,exact
AH_PL,Hồ Ayun Hạ,zooplankton,2022-03,M4,Filinia longiseta Ehrenberg,600.0,,Filinia longiseta,1000461.0,exact
AH_PL,Hồ Ayun Hạ,zooplankton,2022-03,M5,Filinia longiseta Ehrenberg,1600.0,,Filinia longiseta,1000461.0,exact
AH_PL,Hồ Ayun Hạ,zooplankton,2022-03,M8,Filinia longiseta Ehrenberg,600.0,,Filinia longiseta,1000461.0,exact
AH_PL,Hồ Ayun Hạ,zooplankton,2022-03,M9,Filinia longiseta Ehrenberg,800.0,,Filinia longiseta,1000461.0,exact
AH_PL,Hồ Ayun Hạ,zooplankton,2022-03,M10,Filinia longiseta Ehrenberg,6600.0,,Filinia longiseta,1000461.0,exact
AH_PL,Hồ Ayun Hạ,zooplankton,2022-03,M11,Filinia longiseta Ehrenberg,600.0,,Filinia longiseta,1000461.0,exact
AH_PL,Hồ Ayun Hạ,zooplankton,2022-03,M3,Filinia opoliensis (Zacharias),600.0,,Filinia opoliensis,1000464.0,exact
AH_PL,Hồ Ayun Hạ,zooplankton,2022-03,M11,Filinia opoliensis (Zacharias),1200.0,,Filinia opoliensis,1000464.0,exact
AH_PL,Hồ Ayun Hạ,zooplankton,2022-03,M8,Asplanchna priodonta Gosse,2400.0,,Asplanchna priodonta,1001922.0,exact
AH_PL,Hồ Ayun Hạ,zooplankton,2022-03,M10,Asplanchna priodonta Gosse,7200.0,,Asplanchna priodonta,1001922.0,exact
AH_PL,Hồ Ayun Hạ,zooplankton,2022-03,M11,Asplanchna priodonta Gosse,1200.0,,Asplanchna priodonta,1001922.0,exact
AH_PL,Hồ Ayun Hạ,zooplankton,2022-03,M10,Asplanchna sieboldi (Leydig),-1.0,,Asplanchna sieboldi,1001924.0,fuzzy
AH_PL,Hồ Ayun Hạ,zooplankton,2022-03,M5,Brachionus angularis Gosse,-1.0,,Brachionus angularis,4984131.0,exact
AH_PL,Hồ Ayun Hạ,zooplankton,2022-03,M7,Brachionus angularis Gosse,1600.0,,Brachionus angularis,4984131.0,exact
AH_PL,Hồ Ayun Hạ,zooplankton,2022-03,M8,Brachionus angularis Gosse,1800.0,,Brachionus angularis,4984131.0,exact
AH_PL,Hồ Ayun Hạ,zooplankton,2022-03,M9,Brachionus angularis Gosse,40000.0,,Brachionus angularis,4984131.0,exact
AH_PL,Hồ Ayun Hạ,zooplankton,2022-03,M10,Brachionus angularis Gosse,21600.0,,Brachionus angularis,4984131.0,exact
AH_PL,Hồ Ayun Hạ,zooplankton,2022-03,M11,Brachionus angularis Gosse,18600.0,,Brachionus angularis,4984131.0,exact
AH_PL,Hồ Ayun Hạ,zooplankton,2022-03,M6,Brachionus calyciflorus calyciflorus Pallas,-1.0,,Brachionus calyciflorus,4984102.0,exact
AH_PL,Hồ Ayun Hạ,zooplankton,2022-03,M8,Brachionus calyciflorus calyciflorus Pallas,1200.0,,Brachionus calyciflorus,4984102.0,exact
AH_PL,Hồ Ayun Hạ,zooplankton,2022-03,M9,Brachionus calyciflorus calyciflorus Pallas,-1.0,,Brachionus calyciflorus,4984102.0,exact
AH_PL,Hồ Ayun Hạ,zooplankton,2022-03,M10,Brachionus calyciflorus calyciflorus Pallas,1800.0,,Brachionus calyciflorus,4984102.0,exact
AH_PL,Hồ Ayun Hạ,zooplankton,2022-03,M11,Brachionus calyciflorus calyciflorus Pallas,2400.0,,Brachionus calyciflorus,4984102.0,exact
AH_PL,Hồ Ayun Hạ,zooplankton,2022-03,M9,Brachionus caudatus (Apstein),800.0,,Brachionus caudatus,4984110.0,exact
AH_PL,Hồ Ayun Hạ,zooplankton,2022-03,M10,Brachionus caudatus (Apstein),600.0,,Brachionus caudatus,4984110.0,exact
AH_PL,Hồ Ayun Hạ,zooplankton,2022-03,M10,Brachionus diversicornis (Daday),2400.0,,Brachionus diversicornis,4984207.0,exact
AH_PL,Hồ Ayun Hạ,zooplankton,2022-03,M6,Brachionus falcatus Zacharias,1200.0,,Brachionus falcatus,4984079.0,exact
AH_PL,Hồ Ayun Hạ,zooplankton,2022-03,M7,Brachionus falcatus Zacharias,800.0,,Brachionus falcatus,4984079.0,exact
AH_PL,Hồ Ayun Hạ,zooplankton,2022-03,M8,Brachionus falcatus Zacharias,-1.0,,Brachionus falcatus,4984079.0,exact
AH_PL,Hồ Ayun Hạ,zooplankton,2022-03,M9,Brachionus falcatus Zacharias,14400.0,,Brachionus falcatus,4984079.0,exact
AH_PL,Hồ Ayun Hạ,zooplankton,2022-03,M10,Brachionus falcatus Zacharias,12000.0,,Brachionus falcatus,4984079.0,exact
AH_PL,Hồ Ayun Hạ,zooplankton,2022-03,M11,Brachionus falcatus Zacharias,2400.0,,Brachionus falcatus,4984079.0,exact
AH_PL,Hồ Ayun Hạ,zooplankton,2022-03,M10,Brachionus forficula Wierzejski,5400.0,,Brachionus forficula,4984093.0,exact
AH_PL,Hồ Ayun Hạ,zooplankton,2022-03,M6,Brachionus urceolaris Muller,600.0,,Brachionus urceolaris,4984202.0,exact
AH_PL,Hồ Ayun Hạ,zooplankton,2022-03,M1,Keratella cochlearis Gosse,6600.0,,Keratella cochlearis,1002590.0,exact
AH_PL,Hồ Ayun Hạ,zooplankton,2022-03,M2,Keratella cochlearis Gosse,4800.0,,Keratella cochlearis,1002590.0,exact
AH_PL,Hồ Ayun Hạ,zooplankton,2022-03,M3,Keratella cochlearis Gosse,2400.0,,Keratella cochlearis,1002590.0,exact
AH_PL,Hồ Ayun Hạ,zooplankton,2022-03,M5,Keratella cochlearis Gosse,5600.0,,Keratella cochlearis,1002590.0,exact
AH_PL,Hồ Ayun Hạ,zooplankton,2022-03,M6,Keratella cochlearis Gosse,16200.0,,Keratella cochlearis,1002590.0,exact
AH_PL,Hồ Ayun Hạ,zooplankton,2022-03,M7,Keratella cochlearis Gosse,9600.0,,Keratella cochlearis,1002590.0,exact
AH_PL,Hồ Ayun Hạ,zooplankton,2022-03,M8,Keratella cochlearis Gosse,12600.0,,Keratella cochlearis,1002590.0,exact
AH_PL,Hồ Ayun Hạ,zooplankton,2022-03,M9,Keratella cochlearis Gosse,8800.0,,Keratella cochlearis,1002590.0,exact
AH_PL,Hồ Ayun Hạ,zooplankton,2022-03,M10,Keratella cochlearis Gosse,6600.0,,Keratella cochlearis,1002590.0,exact
AH_PL,Hồ Ayun Hạ,zooplankton,2022-03,M11,Keratella cochlearis Gosse,6600.0,,Keratella cochlearis,1002590.0,exact
AH_PL,Hồ Ayun Hạ,zooplankton,2022-03,M10,Keratella lenzi (Hauer),600.0,,Keratella lenzi,1002633.0,exact
AH_PL,Hồ Ayun Hạ,zooplankton,2022-03,M1,Keratella tropica (Apstein),1200.0,,Keratella tropica,1002621.0,exact
AH_PL,Hồ Ayun Hạ,zooplankton,2022-03,M2,Keratella tropica (Apstein),1800.0,,Keratella tropica,1002621.0,exact
AH_PL,Hồ Ayun Hạ,zooplankton,2022-03,M3,Keratella tropica (Apstein),600.0,,Keratella tropica,1002621.0,exact
AH_PL,Hồ Ayun Hạ,zooplankton,2022-03,M4,Keratella tropica (Apstein),1800.0,,Keratella tropica,1002621.0,exact
AH_PL,Hồ Ayun Hạ,zooplankton,2022-03,M5,Keratella tropica (Apstein),4000.0,,Keratella tropica,1002621.0,exact
AH_PL,Hồ Ayun Hạ,zooplankton,2022-03,M6,Keratella tropica (Apstein),5400.0,,Keratella tropica,1002621.0,exact
AH_PL,Hồ Ayun Hạ,zooplankton,2022-03,M7,Keratella tropica (Apstein),5600.0,,Keratella tropica,1002621.0,exact
AH_PL,Hồ Ayun Hạ,zooplankton,2022-03,M8,Keratella tropica (Apstein),9600.0,,Keratella tropica,1002621.0,exact
AH_PL,Hồ Ayun Hạ,zooplankton,2022-03,M9,Keratella tropica (Apstein),11200.0,,Keratella tropica,1002621.0,exact
AH_PL,Hồ Ayun Hạ,zooplankton,2022-03,M10,Keratella tropica (Apstein),12600.0,,Keratella tropica,1002621.0,exact
AH_PL,Hồ Ayun Hạ,zooplankton,2022-03,M11,Keratella tropica (Apstein),9600.0,,Keratella tropica,1002621.0,exact
AH_PL,Hồ Ayun Hạ,zooplankton,2022-03,M3,Dipleuchlanis propatula  (Gosse),600.0,,Dipleuchlanis propatula,1002517.0,exact
AH_PL,Hồ Ayun Hạ,zooplankton,2022-03,M4,Euchlanis dilatata Ehrenberg,600.0,,Euchlanis dilatata,1002550.0,exact
AH_PL,Hồ Ayun Hạ,zooplankton,2022-03,M9,Lecane bulla (Gosse),800.0,,Lecane bulla,1002248.0,exact
AH_PL,Hồ Ayun Hạ,zooplankton,2022-03,M11,Lecane bulla (Gosse),600.0,,Lecane bulla,1002248.0,exact
AH_PL,Hồ Ayun Hạ,zooplankton,2022-03,M11,Lecane curvicornis (Murray),600.0,,Lecane curvicornis,1002391.0,exact
AH_PL,Hồ Ayun Hạ,zooplankton,2022-03,M3,Lecane furcata (Murray),1200.0,,Lecane furcata,1002358.0,exact
AH_PL,Hồ Ayun Hạ,zooplankton,2022-03,M10,Lecane furcata (Murray),600.0,,Lecane furcata,1002358.0,exact
AH_PL,Hồ Ayun Hạ,zooplankton,2022-03,M11,Lecane furcata (Murray),600.0,,Lecane furcata,1002358.0,exact
AH_PL,Hồ Ayun Hạ,zooplankton,2022-03,M11,Lecane hastata (Murray),600.0,,Lecane hastata,1002220.0,exact
AH_PL,Hồ Ayun Hạ,zooplankton,2022-03,M11,Lecane luna (Müller),600.0,,Lecane luna,1002436.0,exact
AH_PL,Hồ Ayun Hạ,zooplankton,2022-03,M7,Lecane ungulata (Gosse),800.0,,Lecane ungulata,1002473.0,exact
AH_PL,Hồ Ayun Hạ,zooplankton,2022-03,M5,Ploesoma hudsoni (Imhof),-1.0,,Ploesoma hudsoni,1003138.0,exact
AH_PL,Hồ Ayun Hạ,zooplankton,2022-03,M1,Polyarthra vulgaris Carlin,28800.0,,Polyarthra vulgaris,1003112.0,exact
AH_PL,Hồ Ayun Hạ,zooplankton,2022-03,M2,Polyarthra vulgaris Carlin,21600.0,,Polyarthra vulgaris,1003112.0,exact
AH_PL,Hồ Ayun Hạ,zooplankton,2022-03,M3,Polyarthra vulgaris Carlin,18000.0,,Polyarthra vulgaris,1003112.0,exact
AH_PL,Hồ Ayun Hạ,zooplankton,2022-03,M4,Polyarthra vulgaris Carlin,19800.0,,Polyarthra vulgaris,1003112.0,exact
AH_PL,Hồ Ayun Hạ,zooplankton,2022-03,M5,Polyarthra vulgaris Carlin,31200.0,,Polyarthra vulgaris,1003112.0,exact
AH_PL,Hồ Ayun Hạ,zooplankton,2022-03,M6,Polyarthra vulgaris Carlin,7200.0,,Polyarthra vulgaris,1003112.0,exact
AH_PL,Hồ Ayun Hạ,zooplankton,2022-03,M7,Polyarthra vulgaris Carlin,16000.0,,Polyarthra vulgaris,1003112.0,exact
AH_PL,Hồ Ayun Hạ,zooplankton,2022-03,M8,Polyarthra vulgaris Carlin,34200.0,,Polyarthra vulgaris,1003112.0,exact
AH_PL,Hồ Ayun Hạ,zooplankton,2022-03,M9,Polyarthra vulgaris Carlin,22400.0,,Polyarthra vulgaris,1003112.0,exact
AH_PL,Hồ Ayun Hạ,zooplankton,2022-03,M10,Polyarthra vulgaris Carlin,38400.0,,Polyarthra vulgaris,1003112.0,exact
AH_PL,Hồ Ayun Hạ,zooplankton,2022-03,M11,Polyarthra vulgaris Carlin,15600.0,,Polyarthra vulgaris,1003112.0,exact
AH_PL,Hồ Ayun Hạ,zooplankton,2022-03,M4,Trichocerca capucina (Wierzejski & Zacharias),-1.0,,Trichocerca capucina,1002008.0,exact
AH_PL,Hồ Ayun Hạ,zooplankton,2022-03,M5,Trichocerca capucina (Wierzejski & Zacharias),800.0,,Trichocerca capucina,1002008.0,exact
AH_PL,Hồ Ayun Hạ,zooplankton,2022-03,M7,Trichocerca capucina (Wierzejski & Zacharias),800.0,,Trichocerca capucina,1002008.0,exact
AH_PL,Hồ Ayun Hạ,zooplankton,2022-03,M8,Trichocerca capucina (Wierzejski & Zacharias),1200.0,,Trichocerca capucina,1002008.0,exact
AH_PL,Hồ Ayun Hạ,zooplankton,2022-03,M9,Trichocerca capucina (Wierzejski & Zacharias),-1.0,,Trichocerca capucina,1002008.0,exact
AH_PL,Hồ Ayun Hạ,zooplankton,2022-03,M10,Trichocerca capucina (Wierzejski & Zacharias),1200.0,,Trichocerca capucina,1002008.0,exact
AH_PL,Hồ Ayun Hạ,zooplankton,2022-03,M1,Trichocerca cylindrica Lamark,600.0,,Trichocerca cylindrica,1002016.0,exact
AH_PL,Hồ Ayun Hạ,zooplankton,2022-03,M5,Trichocerca cylindrica Lamark,3200.0,,Trichocerca cylindrica,1002016.0,exact
AH_PL,Hồ Ayun Hạ,zooplankton,2022-03,M6,Trichocerca cylindrica Lamark,600.0,,Trichocerca cylindrica,1002016.0,exact
AH_PL,Hồ Ayun Hạ,zooplankton,2022-03,M7,Trichocerca cylindrica Lamark,1600.0,,Trichocerca cylindrica,1002016.0,exact
AH_PL,Hồ Ayun Hạ,zooplankton,2022-03,M8,Trichocerca cylindrica Lamark,2400.0,,Trichocerca cylindrica,1002016.0,exact
AH_PL,Hồ Ayun Hạ,zooplankton,2022-03,M10,Trichocerca cylindrica Lamark,600.0,,Trichocerca cylindrica,1002016.0,exact
AH_PL,Hồ Ayun Hạ,zooplankton,2022-03,M5,Trichocerca pusilla (Jennings),800.0,,Trichocerca pusilla,1001955.0,exact
AH_PL,Hồ Ayun Hạ,zooplankton,2022-03,M8,Trichocerca pusilla (Jennings),600.0,,Trichocerca pusilla,1001955.0,exact
AH_PL,Hồ Ayun Hạ,zooplankton,2022-03,M4,Trichocerca similis Wierzejski,600.0,,Trichocerca similis,1002086.0,exact
AH_PL,Hồ Ayun Hạ,zooplankton,2022-03,M5,Trichocerca similis Wierzejski,2400.0,,Trichocerca similis,1002086.0,exact
AH_PL,Hồ Ayun Hạ,zooplankton,2022-03,M6,Trichocerca similis Wierzejski,1800.0,,Trichocerca similis,1002086.0,exact
AH_PL,Hồ Ayun Hạ,zooplankton,2022-03,M7,Trichocerca similis Wierzejski,3200.0,,Trichocerca similis,1002086.0,exact
AH_PL,Hồ Ayun Hạ,zooplankton,2022-03,M8,Trichocerca similis Wierzejski,1800.0,,Trichocerca similis,1002086.0,exact
AH_PL,Hồ Ayun Hạ,zooplankton,2022-03,M9,Trichocerca similis Wierzejski,800.0,,Trichocerca similis,1002086.0,exact
AH_PL,Hồ Ayun Hạ,zooplankton,2022-03,M10,Trichocerca similis Wierzejski,6600.0,,Trichocerca similis,1002086.0,exact
AH_PL,Hồ Ayun Hạ,zooplankton,2022-03,M11,Trichocerca similis Wierzejski,1200.0,,Trichocerca similis,1002086.0,exact
AH_PL,Hồ Ayun Hạ,zooplankton,2022-03,M5,Trichotria tetractis (Ehrenberg),800.0,,Trichotria tetractis,1003057.0,exact
AH_PL,Hồ Ayun Hạ,zooplankton,2022-03,M4,Bosminopsis deitersi Richard,-1.0,,Bosminopsis deitersi,2234688.0,exact
AH_PL,Hồ Ayun Hạ,zooplankton,2022-03,M5,Bosminopsis deitersi Richard,6400.0,,Bosminopsis deitersi,2234688.0,exact
AH_PL,Hồ Ayun Hạ,zooplankton,2022-03,M6,Bosminopsis deitersi Richard,32400.0,,Bosminopsis deitersi,2234688.0,exact
AH_PL,Hồ Ayun Hạ,zooplankton,2022-03,M7,Bosminopsis deitersi Richard,800.0,,Bosminopsis deitersi,2234688.0,exact
AH_PL,Hồ Ayun Hạ,zooplankton,2022-03,M8,Bosminopsis deitersi Richard,1800.0,,Bosminopsis deitersi,2234688.0,exact
AH_PL,Hồ Ayun Hạ,zooplankton,2022-03,M9,Bosminopsis deitersi Richard,1600.0,,Bosminopsis deitersi,2234688.0,exact
AH_PL,Hồ Ayun Hạ,zooplankton,2022-03,M10,Bosminopsis deitersi Richard,600.0,,Bosminopsis deitersi,2234688.0,exact
AH_PL,Hồ Ayun Hạ,zooplankton,2022-03,M11,Bosminopsis deitersi Richard,600.0,,Bosminopsis deitersi,2234688.0,exact
AH_PL,Hồ Ayun Hạ,zooplankton,2022-03,M1,Bosmina longirostris (O.F. Müller),-1.0,,Bosmina longirostris,2234694.0,exact
AH_PL,Hồ Ayun Hạ,zooplankton,2022-03,M2,Bosmina longirostris (O.F. Müller),-1.0,,Bosmina longirostris,2234694.0,exact
AH_PL,Hồ Ayun Hạ,zooplankton,2022-03,M3,Bosmina longirostris (O.F. Müller),-1.0,,Bosmina longirostris,2234694.0,exact
AH_PL,Hồ Ayun Hạ,zooplankton,2022-03,M4,Bosmina longirostris (O.F. Müller),-1.0,,Bosmina longirostris,2234694.0,exact
AH_PL,Hồ Ayun Hạ,zooplankton,2022-03,M5,Bosmina longirostris (O.F. Müller),12000.0,,Bosmina longirostris,2234694.0,exact
AH_PL,Hồ Ayun Hạ,zooplankton,2022-03,M6,Bosmina longirostris (O.F. Müller),3000.0,,Bosmina longirostris,2234694.0,exact
AH_PL,Hồ Ayun Hạ,zooplankton,2022-03,M7,Bosmina longirostris (O.F. Müller),3200.0,,Bosmina longirostris,2234694.0,exact
AH_PL,Hồ Ayun Hạ,zooplankton,2022-03,M8,Bosmina longirostris (O.F. Müller),19200.0,,Bosmina longirostris,2234694.0,exact
AH_PL,Hồ Ayun Hạ,zooplankton,2022-03,M9,Bosmina longirostris (O.F. Müller),8800.0,,Bosmina longirostris,2234694.0,exact
AH_PL,Hồ Ayun Hạ,zooplankton,2022-03,M10,Bosmina longirostris (O.F. Müller),600.0,,Bosmina longirostris,2234694.0,exact
AH_PL,Hồ Ayun Hạ,zooplankton,2022-03,M11,Bosmina longirostris (O.F. Müller),600.0,,Bosmina longirostris,2234694.0,exact
AH_PL,Hồ Ayun Hạ,zooplankton,2022-03,M10,Alona monacantha Sars,-1.0,,Alona monacantha,5180051.0,exact
AH_PL,Hồ Ayun Hạ,zooplankton,2022-03,M7,Ilyocryptus halyi Brady,-1.0,,Ilyocryptus halyi,8087750.0,synonym
AH_PL,Hồ Ayun Hạ,zooplankton,2022-03,M8,Moina macrocopa (Straus),-1.0,,Moina macrocopa,2234757.0,exact
AH_PL,Hồ Ayun Hạ,zooplankton,2022-03,M4,Heliodiaptomus sp.,-1.0,,Heliodiaptomus sp.,4332324.0,exact
AH_PL,Hồ Ayun Hạ,zooplankton,2022-03,M5,Heliodiaptomus sp.,-1.0,,Heliodiaptomus sp.,4332324.0,exact
AH_PL,Hồ Ayun Hạ,zooplankton,2022-03,M6,Heliodiaptomus sp.,1200.0,,Heliodiaptomus sp.,4332324.0,exact
AH_PL,Hồ Ayun Hạ,zooplankton,2022-03,M7,Heliodiaptomus sp.,1600.0,,Heliodiaptomus sp.,4332324.0,exact
AH_PL,Hồ Ayun Hạ,zooplankton,2022-03,M9,Heliodiaptomus sp.,800.0,,Heliodiaptomus sp.,4332324.0,exact
AH_PL,Hồ Ayun Hạ,zooplankton,2022-03,M1,Pseudodiaptomus sp.,-1.0,,Pseudodiaptomus sp.,2114761.0,exact
AH_PL,Hồ Ayun Hạ,zooplankton,2022-03,M2,Pseudodiaptomus sp.,600.0,,Pseudodiaptomus sp.,2114761.0,exact
AH_PL,Hồ Ayun Hạ,zooplankton,2022-03,M3,Pseudodiaptomus sp.,600.0,,Pseudodiaptomus sp.,2114761.0,exact
AH_PL,Hồ Ayun Hạ,zooplankton,2022-03,M4,Pseudodiaptomus sp.,2400.0,,Pseudodiaptomus sp.,2114761.0,exact
AH_PL,Hồ Ayun Hạ,zooplankton,2022-03,M5,Pseudodiaptomus sp.,800.0,,Pseudodiaptomus sp.,2114761.0,exact
AH_PL,Hồ Ayun Hạ,zooplankton,2022-03,M7,Pseudodiaptomus sp.,800.0,,Pseudodiaptomus sp.,2114761.0,exact
AH_PL,Hồ Ayun Hạ,zooplankton,2022-03,M8,Pseudodiaptomus sp.,-1.0,,Pseudodiaptomus sp.,2114761.0,exact
AH_PL,Hồ Ayun Hạ,zooplankton,2022-03,M9,Pseudodiaptomus sp.,-1.0,,Pseudodiaptomus sp.,2114761.0,exact
AH_PL,Hồ Ayun Hạ,zooplankton,2022-03,M10,Pseudodiaptomus sp.,600.0,,Pseudodiaptomus sp.,2114761.0,exact
AH_PL,Hồ Ayun Hạ,zooplankton,2022-03,M11,Pseudodiaptomus sp.,600.0,,Pseudodiaptomus sp.,2114761.0,exact
AH_PL,Hồ Ayun Hạ,zooplankton,2022-03,M10,Mesocyclops leukarti (Claus),-1.0,,Mesocyclops leukarti,2116955.0,exact
AH_PL,Hồ Ayun Hạ,zooplankton,2022-03,M1,Microcyclops varicans Sars,-1.0,,Microcyclops varicans,2116917.0,exact
AH_PL,Hồ Ayun Hạ,zooplankton,2022-03,M2,Microcyclops varicans Sars,3600.0,,Microcyclops varicans,2116917.0,exact
AH_PL,Hồ Ayun Hạ,zooplankton,2022-03,M3,Microcyclops varicans Sars,1200.0,,Microcyclops varicans,2116917.0,exact
AH_PL,Hồ Ayun Hạ,zooplankton,2022-03,M4,Microcyclops varicans Sars,600.0,,Microcyclops varicans,2116917.0,exact
AH_PL,Hồ Ayun Hạ,zooplankton,2022-03,M5,Microcyclops varicans Sars,20000.0,,Microcyclops varicans,2116917.0,exact
AH_PL,Hồ Ayun Hạ,zooplankton,2022-03,M6,Microcyclops varicans Sars,4800.0,,Microcyclops varicans,2116917.0,exact
AH_PL,Hồ Ayun Hạ,zooplankton,2022-03,M7,Microcyclops varicans Sars,11200.0,,Microcyclops varicans,2116917.0,exact
AH_PL,Hồ Ayun Hạ,zooplankton,2022-03,M8,Microcyclops varicans Sars,4200.0,,Microcyclops varicans,2116917.0,exact
AH_PL,Hồ Ayun Hạ,zooplankton,2022-03,M9,Microcyclops varicans Sars,12800.0,,Microcyclops varicans,2116917.0,exact
AH_PL,Hồ Ayun Hạ,zooplankton,2022-03,M10,Microcyclops varicans Sars,10200.0,,Microcyclops varicans,2116917.0,exact
AH_PL,Hồ Ayun Hạ,zooplankton,2022-03,M11,Microcyclops varicans Sars,1200.0,,Microcyclops varicans,2116917.0,exact
AH_PL,Hồ Ayun Hạ,zooplankton,2022-03,M10,Heterocypris anomala Klie,-1.0,,Heterocypris anomala,1029111.0,higherrank
AH_PL,Hồ Ayun Hạ,zooplankton,2022-03,M11,Heterocypris anomala Klie,-1.0,,Heterocypris anomala,1029111.0,higherrank
AH_PL,Hồ Ayun Hạ,zooplankton,2022-03,M2,Bivalvia,600.0,,Bivalvia,137.0,exact
AH_PL,Hồ Ayun Hạ,zooplankton,2022-03,M4,Bivalvia,-1.0,,Bivalvia,137.0,exact
AH_PL,Hồ Ayun Hạ,zooplankton,2022-03,M5,Bivalvia,800.0,,Bivalvia,137.0,exact
AH_PL,Hồ Ayun Hạ,zooplankton,2022-03,M7,Bivalvia,-1.0,,Bivalvia,137.0,exact
AH_PL,Hồ Ayun Hạ,zooplankton,2022-03,M8,Bivalvia,600.0,,Bivalvia,137.0,exact
AH_PL,Hồ Ayun Hạ,zooplankton,2022-03,M9,Bivalvia,1600.0,,Bivalvia,137.0,exact
AH_PL,Hồ Ayun Hạ,zooplankton,2022-03,M10,Bivalvia,-1.0,,Bivalvia,137.0,exact
AH_PL,Hồ Ayun Hạ,zooplankton,2022-03,M11,Bivalvia,600.0,,Bivalvia,137.0,exact
AH_PL,Hồ Ayun Hạ,zooplankton,2022-03,M1,Copepoda nauplius,7200.0,,Copepoda,11545536.0,exact
AH_PL,Hồ Ayun Hạ,zooplankton,2022-03,M2,Copepoda nauplius,10800.0,,Copepoda,11545536.0,exact
AH_PL,Hồ Ayun Hạ,zooplankton,2022-03,M3,Copepoda nauplius,2400.0,,Copepoda,11545536.0,exact
AH_PL,Hồ Ayun Hạ,zooplankton,2022-03,M4,Copepoda nauplius,21000.0,,Copepoda,11545536.0,exact
AH_PL,Hồ Ayun Hạ,zooplankton,2022-03,M5,Copepoda nauplius,66400.0,,Copepoda,11545536.0,exact
AH_PL,Hồ Ayun Hạ,zooplankton,2022-03,M6,Copepoda nauplius,37800.0,,Copepoda,11545536.0,exact
AH_PL,Hồ Ayun Hạ,zooplankton,2022-03,M7,Copepoda nauplius,13600.0,,Copepoda,11545536.0,exact
AH_PL,Hồ Ayun Hạ,zooplankton,2022-03,M8,Copepoda nauplius,69600.0,,Copepoda,11545536.0,exact
AH_PL,Hồ Ayun Hạ,zooplankton,2022-03,M9,Copepoda nauplius,98400.0,,Copepoda,11545536.0,exact
AH_PL,Hồ Ayun Hạ,zooplankton,2022-03,M10,Copepoda nauplius,60600.0,,Copepoda,11545536.0,exact
AH_PL,Hồ Ayun Hạ,zooplankton,2022-03,M11,Copepoda nauplius,70200.0,,Copepoda,11545536.0,exact
AH_PL,Hồ Ayun Hạ,zooplankton,2022-07,M3,Difflugia corona Wallich,-1.0,,Difflugia corona,5425228.0,exact
AH_PL,Hồ Ayun Hạ,zooplankton,2022-07,M4,Difflugia corona Wallich,3500.0,,Difflugia corona,5425228.0,exact
AH_PL,Hồ Ayun Hạ,zooplankton,2022-07,M5,Difflugia corona Wallich,700.0,,Difflugia corona,5425228.0,exact
AH_PL,Hồ Ayun Hạ,zooplankton,2022-07,M6,Difflugia corona Wallich,600.0,,Difflugia corona,5425228.0,exact
AH_PL,Hồ Ayun Hạ,zooplankton,2022-07,M8,Difflugia corona Wallich,400.0,,Difflugia corona,5425228.0,exact
AH_PL,Hồ Ayun Hạ,zooplankton,2022-07,M10,Difflugia corona Wallich,500.0,,Difflugia corona,5425228.0,exact
AH_PL,Hồ Ayun Hạ,zooplankton,2022-07,M1,Difflugia urceolata Carter,8400.0,,Difflugia urceolata,5425233.0,exact
AH_PL,Hồ Ayun Hạ,zooplankton,2022-07,M2,Difflugia urceolata Carter,2500.0,,Difflugia urceolata,5425233.0,exact
AH_PL,Hồ Ayun Hạ,zooplankton,2022-07,M3,Difflugia urceolata Carter,6500.0,,Difflugia urceolata,5425233.0,exact
AH_PL,Hồ Ayun Hạ,zooplankton,2022-07,M4,Difflugia urceolata Carter,7000.0,,Difflugia urceolata,5425233.0,exact
AH_PL,Hồ Ayun Hạ,zooplankton,2022-07,M5,Difflugia urceolata Carter,10500.0,,Difflugia urceolata,5425233.0,exact
AH_PL,Hồ Ayun Hạ,zooplankton,2022-07,M6,Difflugia urceolata Carter,6000.0,,Difflugia urceolata,5425233.0,exact
AH_PL,Hồ Ayun Hạ,zooplankton,2022-07,M7,Difflugia urceolata Carter,800.0,,Difflugia urceolata,5425233.0,exact
AH_PL,Hồ Ayun Hạ,zooplankton,2022-07,M8,Difflugia urceolata Carter,4000.0,,Difflugia urceolata,5425233.0,exact
AH_PL,Hồ Ayun Hạ,zooplankton,2022-07,M9,Difflugia urceolata Carter,15000.0,,Difflugia urceolata,5425233.0,exact
AH_PL,Hồ Ayun Hạ,zooplankton,2022-07,M10,Difflugia urceolata Carter,17500.0,,Difflugia urceolata,5425233.0,exact
AH_PL,Hồ Ayun Hạ,zooplankton,2022-07,M11,Difflugia urceolata Carter,69000.0,,Difflugia urceolata,5425233.0,exact
AH_PL,Hồ Ayun Hạ,zooplankton,2022-07,M11,Dissotrocha aculeata (Ehrenberg),3000.0,,Dissotrocha aculeata,1001057.0,exact
AH_PL,Hồ Ayun Hạ,zooplankton,2022-07,M11,Philodina roseola Ehrenberg,600.0,,Philodina roseola,1001125.0,exact
AH_PL,Hồ Ayun Hạ,zooplankton,2022-07,M10,Rotaria neptunia (Ehrenberg),500.0,,Rotaria neptunia,1000873.0,exact
AH_PL,Hồ Ayun Hạ,zooplankton,2022-07,M7,Hexathra mira (Hudson),2000.0,,Hexathra mira,1000447.0,fuzzy
AH_PL,Hồ Ayun Hạ,zooplankton,2022-07,M9,Hexathra mira (Hudson),3000.0,,Hexathra mira,1000447.0,fuzzy
AH_PL,Hồ Ayun Hạ,zooplankton,2022-07,M1,Filinia camasecla Myers,20300.0,,Filinia camasecla,1000458.0,exact
AH_PL,Hồ Ayun Hạ,zooplankton,2022-07,M2,Filinia camasecla Myers,17500.0,,Filinia camasecla,1000458.0,exact
AH_PL,Hồ Ayun Hạ,zooplankton,2022-07,M3,Filinia camasecla Myers,3500.0,,Filinia camasecla,1000458.0,exact
AH_PL,Hồ Ayun Hạ,zooplankton,2022-07,M4,Filinia camasecla Myers,38500.0,,Filinia camasecla,1000458.0,exact
AH_PL,Hồ Ayun Hạ,zooplankton,2022-07,M5,Filinia camasecla Myers,21000.0,,Filinia camasecla,1000458.0,exact
AH_PL,Hồ Ayun Hạ,zooplankton,2022-07,M6,Filinia camasecla Myers,12000.0,,Filinia camasecla,1000458.0,exact
AH_PL,Hồ Ayun Hạ,zooplankton,2022-07,M7,Filinia camasecla Myers,2000.0,,Filinia camasecla,1000458.0,exact
AH_PL,Hồ Ayun Hạ,zooplankton,2022-07,M8,Filinia camasecla Myers,4000.0,,Filinia camasecla,1000458.0,exact
AH_PL,Hồ Ayun Hạ,zooplankton,2022-07,M9,Filinia camasecla Myers,12000.0,,Filinia camasecla,1000458.0,exact
AH_PL,Hồ Ayun Hạ,zooplankton,2022-07,M10,Filinia camasecla Myers,5000.0,,Filinia camasecla,1000458.0,exact
AH_PL,Hồ Ayun Hạ,zooplankton,2022-07,M11,Filinia camasecla Myers,12000.0,,Filinia camasecla,1000458.0,exact
AH_PL,Hồ Ayun Hạ,zooplankton,2022-07,M1,Filinia longiseta Ehrenberg,3500.0,,Filinia longiseta,1000461.0,exact
AH_PL,Hồ Ayun Hạ,zooplankton,2022-07,M2,Filinia longiseta Ehrenberg,2500.0,,Filinia longiseta,1000461.0,exact
AH_PL,Hồ Ayun Hạ,zooplankton,2022-07,M3,Filinia longiseta Ehrenberg,500.0,,Filinia longiseta,1000461.0,exact
AH_PL,Hồ Ayun Hạ,zooplankton,2022-07,M4,Filinia longiseta Ehrenberg,10500.0,,Filinia longiseta,1000461.0,exact
AH_PL,Hồ Ayun Hạ,zooplankton,2022-07,M6,Filinia longiseta Ehrenberg,9000.0,,Filinia longiseta,1000461.0,exact
AH_PL,Hồ Ayun Hạ,zooplankton,2022-07,M7,Filinia longiseta Ehrenberg,1600.0,,Filinia longiseta,1000461.0,exact
AH_PL,Hồ Ayun Hạ,zooplankton,2022-07,M9,Filinia longiseta Ehrenberg,12000.0,,Filinia longiseta,1000461.0,exact
AH_PL,Hồ Ayun Hạ,zooplankton,2022-07,M10,Filinia longiseta Ehrenberg,5000.0,,Filinia longiseta,1000461.0,exact
AH_PL,Hồ Ayun Hạ,zooplankton,2022-07,M11,Filinia longiseta Ehrenberg,33000.0,,Filinia longiseta,1000461.0,exact
AH_PL,Hồ Ayun Hạ,zooplankton,2022-07,M1,Filinia opoliensis (Zacharias),700.0,,Filinia opoliensis,1000464.0,exact
AH_PL,Hồ Ayun Hạ,zooplankton,2022-07,M2,Filinia opoliensis (Zacharias),1000.0,,Filinia opoliensis,1000464.0,exact
AH_PL,Hồ Ayun Hạ,zooplankton,2022-07,M3,Filinia opoliensis (Zacharias),1500.0,,Filinia opoliensis,1000464.0,exact
AH_PL,Hồ Ayun Hạ,zooplankton,2022-07,M4,Filinia opoliensis (Zacharias),17500.0,,Filinia opoliensis,1000464.0,exact
AH_PL,Hồ Ayun Hạ,zooplankton,2022-07,M5,Filinia opoliensis (Zacharias),14000.0,,Filinia opoliensis,1000464.0,exact
AH_PL,Hồ Ayun Hạ,zooplankton,2022-07,M6,Filinia opoliensis (Zacharias),6000.0,,Filinia opoliensis,1000464.0,exact
AH_PL,Hồ Ayun Hạ,zooplankton,2022-07,M7,Filinia opoliensis (Zacharias),4000.0,,Filinia opoliensis,1000464.0,exact
AH_PL,Hồ Ayun Hạ,zooplankton,2022-07,M8,Filinia opoliensis (Zacharias),10000.0,,Filinia opoliensis,1000464.0,exact
AH_PL,Hồ Ayun Hạ,zooplankton,2022-07,M9,Filinia opoliensis (Zacharias),45000.0,,Filinia opoliensis,1000464.0,exact
AH_PL,Hồ Ayun Hạ,zooplankton,2022-07,M10,Filinia opoliensis (Zacharias),15000.0,,Filinia opoliensis,1000464.0,exact
AH_PL,Hồ Ayun Hạ,zooplankton,2022-07,M11,Filinia opoliensis (Zacharias),27000.0,,Filinia opoliensis,1000464.0,exact
AH_PL,Hồ Ayun Hạ,zooplankton,2022-07,M9,Asplanchna priodonta Gosse,1200.0,,Asplanchna priodonta,1001922.0,exact
AH_PL,Hồ Ayun Hạ,zooplankton,2022-07,M11,Asplanchna priodonta Gosse,3000.0,,Asplanchna priodonta,1001922.0,exact
AH_PL,Hồ Ayun Hạ,zooplankton,2022-07,M11,Asplanchna sieboldi (Leydig),600.0,,Asplanchna sieboldi,1001924.0,fuzzy
AH_PL,Hồ Ayun Hạ,zooplankton,2022-07,M1,Anuraeopsis fissa (Gosse),2100.0,,Anuraeopsis fissa,1002869.0,exact
AH_PL,Hồ Ayun Hạ,zooplankton,2022-07,M2,Anuraeopsis fissa (Gosse),500.0,,Anuraeopsis fissa,1002869.0,exact
AH_PL,Hồ Ayun Hạ,zooplankton,2022-07,M4,Anuraeopsis fissa (Gosse),14000.0,,Anuraeopsis fissa,1002869.0,exact
AH_PL,Hồ Ayun Hạ,zooplankton,2022-07,M5,Anuraeopsis fissa (Gosse),7000.0,,Anuraeopsis fissa,1002869.0,exact
AH_PL,Hồ Ayun Hạ,zooplankton,2022-07,M10,Anuraeopsis fissa (Gosse),2500.0,,Anuraeopsis fissa,1002869.0,exact
AH_PL,Hồ Ayun Hạ,zooplankton,2022-07,M1,Brachionus angularis Gosse,9100.0,,Brachionus angularis,4984131.0,exact
AH_PL,Hồ Ayun Hạ,zooplankton,2022-07,M2,Brachionus angularis Gosse,5000.0,,Brachionus angularis,4984131.0,exact
AH_PL,Hồ Ayun Hạ,zooplankton,2022-07,M3,Brachionus angularis Gosse,4500.0,,Brachionus angularis,4984131.0,exact
AH_PL,Hồ Ayun Hạ,zooplankton,2022-07,M4,Brachionus angularis Gosse,7000.0,,Brachionus angularis,4984131.0,exact
AH_PL,Hồ Ayun Hạ,zooplankton,2022-07,M5,Brachionus angularis Gosse,10500.0,,Brachionus angularis,4984131.0,exact
AH_PL,Hồ Ayun Hạ,zooplankton,2022-07,M7,Brachionus angularis Gosse,22000.0,,Brachionus angularis,4984131.0,exact
AH_PL,Hồ Ayun Hạ,zooplankton,2022-07,M8,Brachionus angularis Gosse,4000.0,,Brachionus angularis,4984131.0,exact
AH_PL,Hồ Ayun Hạ,zooplankton,2022-07,M9,Brachionus angularis Gosse,9000.0,,Brachionus angularis,4984131.0,exact
AH_PL,Hồ Ayun Hạ,zooplankton,2022-07,M10,Brachionus angularis Gosse,12500.0,,Brachionus angularis,4984131.0,exact
AH_PL,Hồ Ayun Hạ,zooplankton,2022-07,M11,Brachionus angularis Gosse,75000.0,,Brachionus angularis,4984131.0,exact
AH_PL,Hồ Ayun Hạ,zooplankton,2022-07,M11,Brachionus calyciflorus calyciflorus Pallas,600.0,,Brachionus calyciflorus,4984102.0,exact
AH_PL,Hồ Ayun Hạ,zooplankton,2022-07,M3,Brachionus caudatus (Apstein),500.0,,Brachionus caudatus,4984110.0,exact
AH_PL,Hồ Ayun Hạ,zooplankton,2022-07,M4,Brachionus caudatus (Apstein),1400.0,,Brachionus caudatus,4984110.0,exact
AH_PL,Hồ Ayun Hạ,zooplankton,2022-07,M5,Brachionus caudatus (Apstein),3500.0,,Brachionus caudatus,4984110.0,exact
AH_PL,Hồ Ayun Hạ,zooplankton,2022-07,M6,Brachionus caudatus (Apstein),3000.0,,Brachionus caudatus,4984110.0,exact
AH_PL,Hồ Ayun Hạ,zooplankton,2022-07,M7,Brachionus caudatus (Apstein),800.0,,Brachionus caudatus,4984110.0,exact
AH_PL,Hồ Ayun Hạ,zooplankton,2022-07,M10,Brachionus caudatus (Apstein),2000.0,,Brachionus caudatus,4984110.0,exact
AH_PL,Hồ Ayun Hạ,zooplankton,2022-07,M11,Brachionus caudatus (Apstein),66000.0,,Brachionus caudatus,4984110.0,exact
AH_PL,Hồ Ayun Hạ,zooplankton,2022-07,M1,Brachionus diversicornis (Daday),700.0,,Brachionus diversicornis,4984207.0,exact
AH_PL,Hồ Ayun Hạ,zooplankton,2022-07,M2,Brachionus diversicornis (Daday),1000.0,,Brachionus diversicornis,4984207.0,exact
AH_PL,Hồ Ayun Hạ,zooplankton,2022-07,M5,Brachionus diversicornis (Daday),3500.0,,Brachionus diversicornis,4984207.0,exact
AH_PL,Hồ Ayun Hạ,zooplankton,2022-07,M6,Brachionus diversicornis (Daday),600.0,,Brachionus diversicornis,4984207.0,exact
AH_PL,Hồ Ayun Hạ,zooplankton,2022-07,M7,Brachionus diversicornis (Daday),1200.0,,Brachionus diversicornis,4984207.0,exact
AH_PL,Hồ Ayun Hạ,zooplankton,2022-07,M8,Brachionus diversicornis (Daday),-1.0,,Brachionus diversicornis,4984207.0,exact
AH_PL,Hồ Ayun Hạ,zooplankton,2022-07,M9,Brachionus diversicornis (Daday),3000.0,,Brachionus diversicornis,4984207.0,exact
AH_PL,Hồ Ayun Hạ,zooplankton,2022-07,M10,Brachionus diversicornis (Daday),2500.0,,Brachionus diversicornis,4984207.0,exact
AH_PL,Hồ Ayun Hạ,zooplankton,2022-07,M11,Brachionus diversicornis (Daday),63000.0,,Brachionus diversicornis,4984207.0,exact
AH_PL,Hồ Ayun Hạ,zooplankton,2022-07,M1,Brachionus falcatus Zacharias,15400.0,,Brachionus falcatus,4984079.0,exact
AH_PL,Hồ Ayun Hạ,zooplankton,2022-07,M2,Brachionus falcatus Zacharias,7500.0,,Brachionus falcatus,4984079.0,exact
AH_PL,Hồ Ayun Hạ,zooplankton,2022-07,M3,Brachionus falcatus Zacharias,2500.0,,Brachionus falcatus,4984079.0,exact
AH_PL,Hồ Ayun Hạ,zooplankton,2022-07,M4,Brachionus falcatus Zacharias,10500.0,,Brachionus falcatus,4984079.0,exact
AH_PL,Hồ Ayun Hạ,zooplankton,2022-07,M5,Brachionus falcatus Zacharias,17500.0,,Brachionus falcatus,4984079.0,exact
AH_PL,Hồ Ayun Hạ,zooplankton,2022-07,M6,Brachionus falcatus Zacharias,18000.0,,Brachionus falcatus,4984079.0,exact
AH_PL,Hồ Ayun Hạ,zooplankton,2022-07,M7,Brachionus falcatus Zacharias,24000.0,,Brachionus falcatus,4984079.0,exact
AH_PL,Hồ Ayun Hạ,zooplankton,2022-07,M9,Brachionus falcatus Zacharias,18000.0,,Brachionus falcatus,4984079.0,exact
AH_PL,Hồ Ayun Hạ,zooplankton,2022-07,M10,Brachionus falcatus Zacharias,7500.0,,Brachionus falcatus,4984079.0,exact
AH_PL,Hồ Ayun Hạ,zooplankton,2022-07,M11,Brachionus falcatus Zacharias,273000.0,,Brachionus falcatus,4984079.0,exact
AH_PL,Hồ Ayun Hạ,zooplankton,2022-07,M1,Brachionus forficula Wierzejski,13300.0,,Brachionus forficula,4984093.0,exact
AH_PL,Hồ Ayun Hạ,zooplankton,2022-07,M2,Brachionus forficula Wierzejski,10000.0,,Brachionus forficula,4984093.0,exact
AH_PL,Hồ Ayun Hạ,zooplankton,2022-07,M3,Brachionus forficula Wierzejski,4500.0,,Brachionus forficula,4984093.0,exact
AH_PL,Hồ Ayun Hạ,zooplankton,2022-07,M4,Brachionus forficula Wierzejski,14000.0,,Brachionus forficula,4984093.0,exact
AH_PL,Hồ Ayun Hạ,zooplankton,2022-07,M5,Brachionus forficula Wierzejski,7000.0,,Brachionus forficula,4984093.0,exact
AH_PL,Hồ Ayun Hạ,zooplankton,2022-07,M6,Brachionus forficula Wierzejski,9000.0,,Brachionus forficula,4984093.0,exact
AH_PL,Hồ Ayun Hạ,zooplankton,2022-07,M7,Brachionus forficula Wierzejski,1200.0,,Brachionus forficula,4984093.0,exact
AH_PL,Hồ Ayun Hạ,zooplankton,2022-07,M8,Brachionus forficula Wierzejski,2000.0,,Brachionus forficula,4984093.0,exact
AH_PL,Hồ Ayun Hạ,zooplankton,2022-07,M9,Brachionus forficula Wierzejski,3000.0,,Brachionus forficula,4984093.0,exact
AH_PL,Hồ Ayun Hạ,zooplankton,2022-07,M10,Brachionus forficula Wierzejski,5000.0,,Brachionus forficula,4984093.0,exact
AH_PL,Hồ Ayun Hạ,zooplankton,2022-07,M11,Brachionus forficula Wierzejski,27000.0,,Brachionus forficula,4984093.0,exact
AH_PL,Hồ Ayun Hạ,zooplankton,2022-07,M1,Keratella cochlearis Gosse,16100.0,,Keratella cochlearis,1002590.0,exact
AH_PL,Hồ Ayun Hạ,zooplankton,2022-07,M2,Keratella cochlearis Gosse,17500.0,,Keratella cochlearis,1002590.0,exact
AH_PL,Hồ Ayun Hạ,zooplankton,2022-07,M3,Keratella cochlearis Gosse,7500.0,,Keratella cochlearis,1002590.0,exact
AH_PL,Hồ Ayun Hạ,zooplankton,2022-07,M4,Keratella cochlearis Gosse,17500.0,,Keratella cochlearis,1002590.0,exact
AH_PL,Hồ Ayun Hạ,zooplankton,2022-07,M5,Keratella cochlearis Gosse,3500.0,,Keratella cochlearis,1002590.0,exact
AH_PL,Hồ Ayun Hạ,zooplankton,2022-07,M6,Keratella cochlearis Gosse,3000.0,,Keratella cochlearis,1002590.0,exact
AH_PL,Hồ Ayun Hạ,zooplankton,2022-07,M7,Keratella cochlearis Gosse,1600.0,,Keratella cochlearis,1002590.0,exact
AH_PL,Hồ Ayun Hạ,zooplankton,2022-07,M8,Keratella cochlearis Gosse,-1.0,,Keratella cochlearis,1002590.0,exact
AH_PL,Hồ Ayun Hạ,zooplankton,2022-07,M9,Keratella cochlearis Gosse,1200.0,,Keratella cochlearis,1002590.0,exact
AH_PL,Hồ Ayun Hạ,zooplankton,2022-07,M11,Keratella cochlearis Gosse,6000.0,,Keratella cochlearis,1002590.0,exact
AH_PL,Hồ Ayun Hạ,zooplankton,2022-07,M3,Keratella tecta (Gosse),500.0,,Keratella tecta,1002639.0,exact
AH_PL,Hồ Ayun Hạ,zooplankton,2022-07,M4,Keratella tecta (Gosse),3500.0,,Keratella tecta,1002639.0,exact
AH_PL,Hồ Ayun Hạ,zooplankton,2022-07,M11,Keratella tecta (Gosse),600.0,,Keratella tecta,1002639.0,exact
AH_PL,Hồ Ayun Hạ,zooplankton,2022-07,M1,Keratella tropica (Apstein),32900.0,,Keratella tropica,1002621.0,exact
AH_PL,Hồ Ayun Hạ,zooplankton,2022-07,M2,Keratella tropica (Apstein),22500.0,,Keratella tropica,1002621.0,exact
AH_PL,Hồ Ayun Hạ,zooplankton,2022-07,M3,Keratella tropica (Apstein),4000.0,,Keratella tropica,1002621.0,exact
AH_PL,Hồ Ayun Hạ,zooplankton,2022-07,M4,Keratella tropica (Apstein),24500.0,,Keratella tropica,1002621.0,exact
AH_PL,Hồ Ayun Hạ,zooplankton,2022-07,M5,Keratella tropica (Apstein),28000.0,,Keratella tropica,1002621.0,exact
AH_PL,Hồ Ayun Hạ,zooplankton,2022-07,M6,Keratella tropica (Apstein),45000.0,,Keratella tropica,1002621.0,exact
AH_PL,Hồ Ayun Hạ,zooplankton,2022-07,M7,Keratella tropica (Apstein),14000.0,,Keratella tropica,1002621.0,exact
AH_PL,Hồ Ayun Hạ,zooplankton,2022-07,M8,Keratella tropica (Apstein),4000.0,,Keratella tropica,1002621.0,exact
AH_PL,Hồ Ayun Hạ,zooplankton,2022-07,M9,Keratella tropica (Apstein),9000.0,,Keratella tropica,1002621.0,exact
AH_PL,Hồ Ayun Hạ,zooplankton,2022-07,M10,Keratella tropica (Apstein),7500.0,,Keratella tropica,1002621.0,exact
AH_PL,Hồ Ayun Hạ,zooplankton,2022-07,M11,Keratella tropica (Apstein),9000.0,,Keratella tropica,1002621.0,exact
AH_PL,Hồ Ayun Hạ,zooplankton,2022-07,M6,Lecane bulla (Gosse),-1.0,,Lecane bulla,1002248.0,exact
AH_PL,Hồ Ayun Hạ,zooplankton,2022-07,M7,Lecane bulla (Gosse),-1.0,,Lecane bulla,1002248.0,exact
AH_PL,Hồ Ayun Hạ,zooplankton,2022-07,M8,Lecane bulla (Gosse),-1.0,,Lecane bulla,1002248.0,exact
AH_PL,Hồ Ayun Hạ,zooplankton,2022-07,M9,Lecane bulla (Gosse),-1.0,,Lecane bulla,1002248.0,exact
AH_PL,Hồ Ayun Hạ,zooplankton,2022-07,M10,Lecane bulla (Gosse),500.0,,Lecane bulla,1002248.0,exact
AH_PL,Hồ Ayun Hạ,zooplankton,2022-07,M11,Lecane bulla (Gosse),1200.0,,Lecane bulla,1002248.0,exact
AH_PL,Hồ Ayun Hạ,zooplankton,2022-07,M8,Lecane curvicornis (Murray),400.0,,Lecane curvicornis,1002391.0,exact
AH_PL,Hồ Ayun Hạ,zooplankton,2022-07,M9,Lecane curvicornis (Murray),-1.0,,Lecane curvicornis,1002391.0,exact
AH_PL,Hồ Ayun Hạ,zooplankton,2022-07,M10,Lecane curvicornis (Murray),1000.0,,Lecane curvicornis,1002391.0,exact
AH_PL,Hồ Ayun Hạ,zooplankton,2022-07,M11,Lecane curvicornis (Murray),600.0,,Lecane curvicornis,1002391.0,exact
AH_PL,Hồ Ayun Hạ,zooplankton,2022-07,M11,Lecane haliclysta Harring & Myers,600.0,,Lecane haliclysta,1002284.0,exact
AH_PL,Hồ Ayun Hạ,zooplankton,2022-07,M8,Lecane luna (Müller),-1.0,,Lecane luna,1002436.0,exact
AH_PL,Hồ Ayun Hạ,zooplankton,2022-07,M6,Lecane papuana (Murray),600.0,,Lecane papuana,1002308.0,exact
AH_PL,Hồ Ayun Hạ,zooplankton,2022-07,M9,Lecane papuana (Murray),-1.0,,Lecane papuana,1002308.0,exact
AH_PL,Hồ Ayun Hạ,zooplankton,2022-07,M10,Lecane papuana (Murray),500.0,,Lecane papuana,1002308.0,exact
AH_PL,Hồ Ayun Hạ,zooplankton,2022-07,M3,Lecane signifera (Jennings),500.0,,Lecane signifera,1002338.0,exact
AH_PL,Hồ Ayun Hạ,zooplankton,2022-07,M6,Lecane signifera (Jennings),3000.0,,Lecane signifera,1002338.0,exact
AH_PL,Hồ Ayun Hạ,zooplankton,2022-07,M7,Lecane stenroosi (Meissncer),-1.0,,Lecane stenroosi,1002212.0,exact
AH_PL,Hồ Ayun Hạ,zooplankton,2022-07,M9,Lecane unguitata (Fadeev),-1.0,,Lecane unguitata,1002490.0,exact
AH_PL,Hồ Ayun Hạ,zooplankton,2022-07,M1,Ploesoma hudsoni (Imhof),700.0,,Ploesoma hudsoni,1003138.0,exact
AH_PL,Hồ Ayun Hạ,zooplankton,2022-07,M4,Ploesoma hudsoni (Imhof),1400.0,,Ploesoma hudsoni,1003138.0,exact
AH_PL,Hồ Ayun Hạ,zooplankton,2022-07,M1,Polyarthra vulgaris Carlin,700.0,,Polyarthra vulgaris,1003112.0,exact
AH_PL,Hồ Ayun Hạ,zooplankton,2022-07,M3,Polyarthra vulgaris Carlin,1000.0,,Polyarthra vulgaris,1003112.0,exact
AH_PL,Hồ Ayun Hạ,zooplankton,2022-07,M11,Polyarthra vulgaris Carlin,3000.0,,Polyarthra vulgaris,1003112.0,exact
AH_PL,Hồ Ayun Hạ,zooplankton,2022-07,M1,Trichocerca capucina (Wierzejski & Zacharias),700.0,,Trichocerca capucina,1002008.0,exact
AH_PL,Hồ Ayun Hạ,zooplankton,2022-07,M7,Trichocerca capucina (Wierzejski & Zacharias),1200.0,,Trichocerca capucina,1002008.0,exact
AH_PL,Hồ Ayun Hạ,zooplankton,2022-07,M8,Trichocerca capucina (Wierzejski & Zacharias),400.0,,Trichocerca capucina,1002008.0,exact
AH_PL,Hồ Ayun Hạ,zooplankton,2022-07,M9,Trichocerca capucina (Wierzejski & Zacharias),3000.0,,Trichocerca capucina,1002008.0,exact
AH_PL,Hồ Ayun Hạ,zooplankton,2022-07,M10,Trichocerca capucina (Wierzejski & Zacharias),1500.0,,Trichocerca capucina,1002008.0,exact
AH_PL,Hồ Ayun Hạ,zooplankton,2022-07,M11,Trichocerca capucina (Wierzejski & Zacharias),9000.0,,Trichocerca capucina,1002008.0,exact
AH_PL,Hồ Ayun Hạ,zooplankton,2022-07,M1,Trichocerca cylindrica Lamark,700.0,,Trichocerca cylindrica,1002016.0,exact
AH_PL,Hồ Ayun Hạ,zooplankton,2022-07,M2,Trichocerca cylindrica Lamark,500.0,,Trichocerca cylindrica,1002016.0,exact
AH_PL,Hồ Ayun Hạ,zooplankton,2022-07,M3,Trichocerca cylindrica Lamark,500.0,,Trichocerca cylindrica,1002016.0,exact
AH_PL,Hồ Ayun Hạ,zooplankton,2022-07,M5,Trichocerca cylindrica Lamark,3500.0,,Trichocerca cylindrica,1002016.0,exact
AH_PL,Hồ Ayun Hạ,zooplankton,2022-07,M6,Trichocerca cylindrica Lamark,3000.0,,Trichocerca cylindrica,1002016.0,exact
AH_PL,Hồ Ayun Hạ,zooplankton,2022-07,M10,Trichocerca cylindrica Lamark,1000.0,,Trichocerca cylindrica,1002016.0,exact
AH_PL,Hồ Ayun Hạ,zooplankton,2022-07,M11,Trichocerca cylindrica Lamark,3000.0,,Trichocerca cylindrica,1002016.0,exact
AH_PL,Hồ Ayun Hạ,zooplankton,2022-07,M1,Trichocerca pusilla (Jennings),2800.0,,Trichocerca pusilla,1001955.0,exact
AH_PL,Hồ Ayun Hạ,zooplankton,2022-07,M2,Trichocerca pusilla (Jennings),2500.0,,Trichocerca pusilla,1001955.0,exact
AH_PL,Hồ Ayun Hạ,zooplankton,2022-07,M5,Trichocerca pusilla (Jennings),3500.0,,Trichocerca pusilla,1001955.0,exact
AH_PL,Hồ Ayun Hạ,zooplankton,2022-07,M8,Trichocerca pusilla (Jennings),400.0,,Trichocerca pusilla,1001955.0,exact
AH_PL,Hồ Ayun Hạ,zooplankton,2022-07,M11,Trichocerca pusilla (Jennings),1200.0,,Trichocerca pusilla,1001955.0,exact
AH_PL,Hồ Ayun Hạ,zooplankton,2022-07,M2,Trichocerca similis Wierzejski,500.0,,Trichocerca similis,1002086.0,exact
AH_PL,Hồ Ayun Hạ,zooplankton,2022-07,M3,Trichocerca similis Wierzejski,500.0,,Trichocerca similis,1002086.0,exact
AH_PL,Hồ Ayun Hạ,zooplankton,2022-07,M4,Trichocerca similis Wierzejski,700.0,,Trichocerca similis,1002086.0,exact
AH_PL,Hồ Ayun Hạ,zooplankton,2022-07,M6,Trichocerca similis Wierzejski,6000.0,,Trichocerca similis,1002086.0,exact
AH_PL,Hồ Ayun Hạ,zooplankton,2022-07,M7,Trichocerca similis Wierzejski,800.0,,Trichocerca similis,1002086.0,exact
AH_PL,Hồ Ayun Hạ,zooplankton,2022-07,M8,Trichocerca similis Wierzejski,1200.0,,Trichocerca similis,1002086.0,exact
AH_PL,Hồ Ayun Hạ,zooplankton,2022-07,M9,Trichocerca similis Wierzejski,3000.0,,Trichocerca similis,1002086.0,exact
AH_PL,Hồ Ayun Hạ,zooplankton,2022-07,M10,Trichocerca similis Wierzejski,500.0,,Trichocerca similis,1002086.0,exact
AH_PL,Hồ Ayun Hạ,zooplankton,2022-07,M11,Trichocerca similis Wierzejski,1800.0,,Trichocerca similis,1002086.0,exact
AH_PL,Hồ Ayun Hạ,zooplankton,2022-07,M3,Trichocerca tigris Lamark.,500.0,,Trichocerca tigris,1001950.0,exact
AH_PL,Hồ Ayun Hạ,zooplankton,2022-07,M6,Trichocerca tigris Lamark.,3000.0,,Trichocerca tigris,1001950.0,exact
AH_PL,Hồ Ayun Hạ,zooplankton,2022-07,M1,Bosminopsis deitersi Richard,3500.0,,Bosminopsis deitersi,2234688.0,exact
AH_PL,Hồ Ayun Hạ,zooplankton,2022-07,M2,Bosminopsis deitersi Richard,2500.0,,Bosminopsis deitersi,2234688.0,exact
AH_PL,Hồ Ayun Hạ,zooplankton,2022-07,M3,Bosminopsis deitersi Richard,3000.0,,Bosminopsis deitersi,2234688.0,exact
AH_PL,Hồ Ayun Hạ,zooplankton,2022-07,M5,Bosminopsis deitersi Richard,7000.0,,Bosminopsis deitersi,2234688.0,exact
AH_PL,Hồ Ayun Hạ,zooplankton,2022-07,M6,Bosminopsis deitersi Richard,12000.0,,Bosminopsis deitersi,2234688.0,exact
AH_PL,Hồ Ayun Hạ,zooplankton,2022-07,M8,Bosminopsis deitersi Richard,4000.0,,Bosminopsis deitersi,2234688.0,exact
AH_PL,Hồ Ayun Hạ,zooplankton,2022-07,M9,Bosminopsis deitersi Richard,3000.0,,Bosminopsis deitersi,2234688.0,exact
AH_PL,Hồ Ayun Hạ,zooplankton,2022-07,M10,Bosminopsis deitersi Richard,7500.0,,Bosminopsis deitersi,2234688.0,exact
AH_PL,Hồ Ayun Hạ,zooplankton,2022-07,M11,Bosminopsis deitersi Richard,36000.0,,Bosminopsis deitersi,2234688.0,exact
AH_PL,Hồ Ayun Hạ,zooplankton,2022-07,M1,Bosmina longirostris (O.F. Müller),11200.0,,Bosmina longirostris,2234694.0,exact
AH_PL,Hồ Ayun Hạ,zooplankton,2022-07,M2,Bosmina longirostris (O.F. Müller),17500.0,,Bosmina longirostris,2234694.0,exact
AH_PL,Hồ Ayun Hạ,zooplankton,2022-07,M3,Bosmina longirostris (O.F. Müller),5000.0,,Bosmina longirostris,2234694.0,exact
AH_PL,Hồ Ayun Hạ,zooplankton,2022-07,M4,Bosmina longirostris (O.F. Müller),24500.0,,Bosmina longirostris,2234694.0,exact
AH_PL,Hồ Ayun Hạ,zooplankton,2022-07,M5,Bosmina longirostris (O.F. Müller),21000.0,,Bosmina longirostris,2234694.0,exact
AH_PL,Hồ Ayun Hạ,zooplankton,2022-07,M6,Bosmina longirostris (O.F. Müller),6000.0,,Bosmina longirostris,2234694.0,exact
AH_PL,Hồ Ayun Hạ,zooplankton,2022-07,M7,Bosmina longirostris (O.F. Müller),4000.0,,Bosmina longirostris,2234694.0,exact
AH_PL,Hồ Ayun Hạ,zooplankton,2022-07,M8,Bosmina longirostris (O.F. Müller),22000.0,,Bosmina longirostris,2234694.0,exact
AH_PL,Hồ Ayun Hạ,zooplankton,2022-07,M9,Bosmina longirostris (O.F. Müller),9000.0,,Bosmina longirostris,2234694.0,exact
AH_PL,Hồ Ayun Hạ,zooplankton,2022-07,M5,Alona monacantha Sars,-1.0,,Alona monacantha,5180051.0,exact
AH_PL,Hồ Ayun Hạ,zooplankton,2022-07,M1,Ceriodaphnia rigaudii Richard,11200.0,,Ceriodaphnia rigaudii,2234856.0,fuzzy
AH_PL,Hồ Ayun Hạ,zooplankton,2022-07,M2,Ceriodaphnia rigaudii Richard,25000.0,,Ceriodaphnia rigaudii,2234856.0,fuzzy
AH_PL,Hồ Ayun Hạ,zooplankton,2022-07,M3,Ceriodaphnia rigaudii Richard,4000.0,,Ceriodaphnia rigaudii,2234856.0,fuzzy
AH_PL,Hồ Ayun Hạ,zooplankton,2022-07,M4,Ceriodaphnia rigaudii Richard,3500.0,,Ceriodaphnia rigaudii,2234856.0,fuzzy
AH_PL,Hồ Ayun Hạ,zooplankton,2022-07,M5,Ceriodaphnia rigaudii Richard,14000.0,,Ceriodaphnia rigaudii,2234856.0,fuzzy
AH_PL,Hồ Ayun Hạ,zooplankton,2022-07,M6,Ceriodaphnia rigaudii Richard,9000.0,,Ceriodaphnia rigaudii,2234856.0,fuzzy
AH_PL,Hồ Ayun Hạ,zooplankton,2022-07,M7,Ceriodaphnia rigaudii Richard,2000.0,,Ceriodaphnia rigaudii,2234856.0,fuzzy
AH_PL,Hồ Ayun Hạ,zooplankton,2022-07,M8,Ceriodaphnia rigaudii Richard,8000.0,,Ceriodaphnia rigaudii,2234856.0,fuzzy
AH_PL,Hồ Ayun Hạ,zooplankton,2022-07,M9,Ceriodaphnia rigaudii Richard,3000.0,,Ceriodaphnia rigaudii,2234856.0,fuzzy
AH_PL,Hồ Ayun Hạ,zooplankton,2022-07,M10,Ceriodaphnia rigaudii Richard,2500.0,,Ceriodaphnia rigaudii,2234856.0,fuzzy
AH_PL,Hồ Ayun Hạ,zooplankton,2022-07,M1,Moina macrocopa (Straus),5600.0,,Moina macrocopa,2234757.0,exact
AH_PL,Hồ Ayun Hạ,zooplankton,2022-07,M2,Moina macrocopa (Straus),10000.0,,Moina macrocopa,2234757.0,exact
AH_PL,Hồ Ayun Hạ,zooplankton,2022-07,M3,Moina macrocopa (Straus),1000.0,,Moina macrocopa,2234757.0,exact
AH_PL,Hồ Ayun Hạ,zooplankton,2022-07,M4,Moina macrocopa (Straus),-1.0,,Moina macrocopa,2234757.0,exact
AH_PL,Hồ Ayun Hạ,zooplankton,2022-07,M5,Moina macrocopa (Straus),3500.0,,Moina macrocopa,2234757.0,exact
AH_PL,Hồ Ayun Hạ,zooplankton,2022-07,M6,Moina macrocopa (Straus),600.0,,Moina macrocopa,2234757.0,exact
AH_PL,Hồ Ayun Hạ,zooplankton,2022-07,M7,Moina macrocopa (Straus),-1.0,,Moina macrocopa,2234757.0,exact
AH_PL,Hồ Ayun Hạ,zooplankton,2022-07,M8,Moina macrocopa (Straus),8000.0,,Moina macrocopa,2234757.0,exact
AH_PL,Hồ Ayun Hạ,zooplankton,2022-07,M9,Moina macrocopa (Straus),-1.0,,Moina macrocopa,2234757.0,exact
AH_PL,Hồ Ayun Hạ,zooplankton,2022-07,M10,Moina macrocopa (Straus),1000.0,,Moina macrocopa,2234757.0,exact
AH_PL,Hồ Ayun Hạ,zooplankton,2022-07,M10,Diaphanosoma sarsi Richar,1000.0,,Diaphanosoma sarsi,5180014.0,exact
AH_PL,Hồ Ayun Hạ,zooplankton,2022-07,M11,Diaphanosoma sarsi Richar,600.0,,Diaphanosoma sarsi,5180014.0,exact
AH_PL,Hồ Ayun Hạ,zooplankton,2022-07,M1,Allodiaptomus sp.,-1.0,,Allodiaptomus sp.,4332509.0,exact
AH_PL,Hồ Ayun Hạ,zooplankton,2022-07,M3,Allodiaptomus sp.,-1.0,,Allodiaptomus sp.,4332509.0,exact
AH_PL,Hồ Ayun Hạ,zooplankton,2022-07,M5,Allodiaptomus sp.,-1.0,,Allodiaptomus sp.,4332509.0,exact
AH_PL,Hồ Ayun Hạ,zooplankton,2022-07,M2,Heliodiaptomus sp.,-1.0,,Heliodiaptomus sp.,4332324.0,exact
AH_PL,Hồ Ayun Hạ,zooplankton,2022-07,M6,Heliodiaptomus sp.,3000.0,,Heliodiaptomus sp.,4332324.0,exact
AH_PL,Hồ Ayun Hạ,zooplankton,2022-07,M7,Heliodiaptomus sp.,-1.0,,Heliodiaptomus sp.,4332324.0,exact
AH_PL,Hồ Ayun Hạ,zooplankton,2022-07,M8,Heliodiaptomus sp.,2000.0,,Heliodiaptomus sp.,4332324.0,exact
AH_PL,Hồ Ayun Hạ,zooplankton,2022-07,M9,Heliodiaptomus sp.,-1.0,,Heliodiaptomus sp.,4332324.0,exact
AH_PL,Hồ Ayun Hạ,zooplankton,2022-07,M10,Heliodiaptomus sp.,-1.0,,Heliodiaptomus sp.,4332324.0,exact
AH_PL,Hồ Ayun Hạ,zooplankton,2022-07,M11,Heliodiaptomus sp.,-1.0,,Heliodiaptomus sp.,4332324.0,exact
AH_PL,Hồ Ayun Hạ,zooplankton,2022-07,M4,Pseudodiaptomus sp.,2100.0,,Pseudodiaptomus sp.,2114761.0,exact
AH_PL,Hồ Ayun Hạ,zooplankton,2022-07,M5,Pseudodiaptomus sp.,3500.0,,Pseudodiaptomus sp.,2114761.0,exact
AH_PL,Hồ Ayun Hạ,zooplankton,2022-07,M7,Pseudodiaptomus sp.,-1.0,,Pseudodiaptomus sp.,2114761.0,exact
AH_PL,Hồ Ayun Hạ,zooplankton,2022-07,M9,Pseudodiaptomus sp.,1200.0,,Pseudodiaptomus sp.,2114761.0,exact
AH_PL,Hồ Ayun Hạ,zooplankton,2022-07,M10,Pseudodiaptomus sp.,500.0,,Pseudodiaptomus sp.,2114761.0,exact
AH_PL,Hồ Ayun Hạ,zooplankton,2022-07,M2,Mesocyclops leukarti (Claus),-1.0,,Mesocyclops leukarti,2116955.0,exact
AH_PL,Hồ Ayun Hạ,zooplankton,2022-07,M3,Mesocyclops leukarti (Claus),-1.0,,Mesocyclops leukarti,2116955.0,exact
AH_PL,Hồ Ayun Hạ,zooplankton,2022-07,M5,Mesocyclops leukarti (Claus),-1.0,,Mesocyclops leukarti,2116955.0,exact
AH_PL,Hồ Ayun Hạ,zooplankton,2022-07,M1,Microcyclops varicans Sars,72100.0,,Microcyclops varicans,2116917.0,exact
AH_PL,Hồ Ayun Hạ,zooplankton,2022-07,M2,Microcyclops varicans Sars,82500.0,,Microcyclops varicans,2116917.0,exact
AH_PL,Hồ Ayun Hạ,zooplankton,2022-07,M3,Microcyclops varicans Sars,32500.0,,Microcyclops varicans,2116917.0,exact
AH_PL,Hồ Ayun Hạ,zooplankton,2022-07,M4,Microcyclops varicans Sars,31500.0,,Microcyclops varicans,2116917.0,exact
AH_PL,Hồ Ayun Hạ,zooplankton,2022-07,M5,Microcyclops varicans Sars,24500.0,,Microcyclops varicans,2116917.0,exact
AH_PL,Hồ Ayun Hạ,zooplankton,2022-07,M6,Microcyclops varicans Sars,96000.0,,Microcyclops varicans,2116917.0,exact
AH_PL,Hồ Ayun Hạ,zooplankton,2022-07,M7,Microcyclops varicans Sars,2000.0,,Microcyclops varicans,2116917.0,exact
AH_PL,Hồ Ayun Hạ,zooplankton,2022-07,M8,Microcyclops varicans Sars,14000.0,,Microcyclops varicans,2116917.0,exact
AH_PL,Hồ Ayun Hạ,zooplankton,2022-07,M9,Microcyclops varicans Sars,6000.0,,Microcyclops varicans,2116917.0,exact
AH_PL,Hồ Ayun Hạ,zooplankton,2022-07,M10,Microcyclops varicans Sars,7500.0,,Microcyclops varicans,2116917.0,exact
AH_PL,Hồ Ayun Hạ,zooplankton,2022-07,M11,Microcyclops varicans Sars,15000.0,,Microcyclops varicans,2116917.0,exact
AH_PL,Hồ Ayun Hạ,zooplankton,2022-07,M5,Heterocypris anomala Klie,-1.0,,Heterocypris anomala,1029111.0,higherrank
AH_PL,Hồ Ayun Hạ,zooplankton,2022-07,M9,Heterocypris anomala Klie,1200.0,,Heterocypris anomala,1029111.0,higherrank
AH_PL,Hồ Ayun Hạ,zooplankton,2022-07,M1,Bivalvia,-1.0,,Bivalvia,137.0,exact
AH_PL,Hồ Ayun Hạ,zooplankton,2022-07,M2,Bivalvia,5000.0,,Bivalvia,137.0,exact
AH_PL,Hồ Ayun Hạ,zooplankton,2022-07,M3,Bivalvia,4000.0,,Bivalvia,137.0,exact
AH_PL,Hồ Ayun Hạ,zooplankton,2022-07,M4,Bivalvia,4200.0,,Bivalvia,137.0,exact
AH_PL,Hồ Ayun Hạ,zooplankton,2022-07,M5,Bivalvia,7000.0,,Bivalvia,137.0,exact
AH_PL,Hồ Ayun Hạ,zooplankton,2022-07,M6,Bivalvia,9000.0,,Bivalvia,137.0,exact
AH_PL,Hồ Ayun Hạ,zooplankton,2022-07,M7,Bivalvia,3600.0,,Bivalvia,137.0,exact
AH_PL,Hồ Ayun Hạ,zooplankton,2022-07,M8,Bivalvia,12000.0,,Bivalvia,137.0,exact
AH_PL,Hồ Ayun Hạ,zooplankton,2022-07,M9,Bivalvia,3000.0,,Bivalvia,137.0,exact
AH_PL,Hồ Ayun Hạ,zooplankton,2022-07,M10,Bivalvia,30000.0,,Bivalvia,137.0,exact
AH_PL,Hồ Ayun Hạ,zooplankton,2022-07,M11,Bivalvia,600.0,,Bivalvia,137.0,exact
AH_PL,Hồ Ayun Hạ,zooplankton,2022-07,M1,Copepoda nauplius,6300.0,,Copepoda,11545536.0,exact
AH_PL,Hồ Ayun Hạ,zooplankton,2022-07,M2,Copepoda nauplius,25000.0,,Copepoda,11545536.0,exact
AH_PL,Hồ Ayun Hạ,zooplankton,2022-07,M3,Copepoda nauplius,3000.0,,Copepoda,11545536.0,exact
AH_PL,Hồ Ayun Hạ,zooplankton,2022-07,M4,Copepoda nauplius,38500.0,,Copepoda,11545536.0,exact
AH_PL,Hồ Ayun Hạ,zooplankton,2022-07,M5,Copepoda nauplius,24500.0,,Copepoda,11545536.0,exact
AH_PL,Hồ Ayun Hạ,zooplankton,2022-07,M6,Copepoda nauplius,114000.0,,Copepoda,11545536.0,exact
AH_PL,Hồ Ayun Hạ,zooplankton,2022-07,M7,Copepoda nauplius,8000.0,,Copepoda,11545536.0,exact
AH_PL,Hồ Ayun Hạ,zooplankton,2022-07,M8,Copepoda nauplius,42000.0,,Copepoda,11545536.0,exact
AH_PL,Hồ Ayun Hạ,zooplankton,2022-07,M9,Copepoda nauplius,21000.0,,Copepoda,11545536.0,exact
AH_PL,Hồ Ayun Hạ,zooplankton,2022-07,M10,Copepoda nauplius,12500.0,,Copepoda,11545536.0,exact
AH_PL,Hồ Ayun Hạ,zooplankton,2022-07,M11,Copepoda nauplius,75000.0,,Copepoda,11545536.0,exact
AH_PL,Hồ Ayun Hạ,zooplankton,2022-07,M7,Chironomidae,400.0,,Chironomidae,3343.0,exact
AH_PL,Hồ Ayun Hạ,zooplankton,2022-07,M10,Chironomidae,-1.0,,Chironomidae,3343.0,exact
AH_PL,Hồ Ayun Hạ,zooplankton,2022-07,M11,Chironomidae,600.0,,Chironomidae,3343.0,exact
AH_PL,Hồ Ayun Hạ,zooplankton,2022-08,M10,Arcella vulgaris Ehrenberg,-1.0,,Arcella vulgaris,3210406.0,exact
AH_PL,Hồ Ayun Hạ,zooplankton,2022-08,M1,Difflugia corona Wallich,600.0,,Difflugia corona,5425228.0,exact
AH_PL,Hồ Ayun Hạ,zooplankton,2022-08,M2,Difflugia corona Wallich,3000.0,,Difflugia corona,5425228.0,exact
AH_PL,Hồ Ayun Hạ,zooplankton,2022-08,M3,Difflugia corona Wallich,1200.0,,Difflugia corona,5425228.0,exact
AH_PL,Hồ Ayun Hạ,zooplankton,2022-08,M4,Difflugia corona Wallich,3000.0,,Difflugia corona,5425228.0,exact
AH_PL,Hồ Ayun Hạ,zooplankton,2022-08,M5,Difflugia corona Wallich,1500.0,,Difflugia corona,5425228.0,exact
AH_PL,Hồ Ayun Hạ,zooplankton,2022-08,M6,Difflugia corona Wallich,3000.0,,Difflugia corona,5425228.0,exact
AH_PL,Hồ Ayun Hạ,zooplankton,2022-08,M9,Difflugia corona Wallich,600.0,,Difflugia corona,5425228.0,exact
AH_PL,Hồ Ayun Hạ,zooplankton,2022-08,M1,Difflugia urceolata Carter,24000.0,,Difflugia urceolata,5425233.0,exact
AH_PL,Hồ Ayun Hạ,zooplankton,2022-08,M2,Difflugia urceolata Carter,12000.0,,Difflugia urceolata,5425233.0,exact
AH_PL,Hồ Ayun Hạ,zooplankton,2022-08,M3,Difflugia urceolata Carter,3600.0,,Difflugia urceolata,5425233.0,exact
AH_PL,Hồ Ayun Hạ,zooplankton,2022-08,M4,Difflugia urceolata Carter,21000.0,,Difflugia urceolata,5425233.0,exact
AH_PL,Hồ Ayun Hạ,zooplankton,2022-08,M5,Difflugia urceolata Carter,5000.0,,Difflugia urceolata,5425233.0,exact
AH_PL,Hồ Ayun Hạ,zooplankton,2022-08,M6,Difflugia urceolata Carter,18000.0,,Difflugia urceolata,5425233.0,exact
AH_PL,Hồ Ayun Hạ,zooplankton,2022-08,M7,Difflugia urceolata Carter,10000.0,,Difflugia urceolata,5425233.0,exact
AH_PL,Hồ Ayun Hạ,zooplankton,2022-08,M8,Difflugia urceolata Carter,4000.0,,Difflugia urceolata,5425233.0,exact
AH_PL,Hồ Ayun Hạ,zooplankton,2022-08,M9,Difflugia urceolata Carter,9000.0,,Difflugia urceolata,5425233.0,exact
AH_PL,Hồ Ayun Hạ,zooplankton,2022-08,M10,Difflugia urceolata Carter,8000.0,,Difflugia urceolata,5425233.0,exact
AH_PL,Hồ Ayun Hạ,zooplankton,2022-08,M11,Difflugia urceolata Carter,24000.0,,Difflugia urceolata,5425233.0,exact
AH_PL,Hồ Ayun Hạ,zooplankton,2022-08,M4,Rotaria rotatoria Pallas,600.0,,Rotaria rotatoria,1000850.0,exact
AH_PL,Hồ Ayun Hạ,zooplankton,2022-08,M8,Hexathra mira (Hudson),2000.0,,Hexathra mira,1000447.0,fuzzy
AH_PL,Hồ Ayun Hạ,zooplankton,2022-08,M1,Filinia camasecla Myers,45000.0,,Filinia camasecla,1000458.0,exact
AH_PL,Hồ Ayun Hạ,zooplankton,2022-08,M2,Filinia camasecla Myers,48000.0,,Filinia camasecla,1000458.0,exact
AH_PL,Hồ Ayun Hạ,zooplankton,2022-08,M3,Filinia camasecla Myers,6600.0,,Filinia camasecla,1000458.0,exact
AH_PL,Hồ Ayun Hạ,zooplankton,2022-08,M4,Filinia camasecla Myers,60000.0,,Filinia camasecla,1000458.0,exact
AH_PL,Hồ Ayun Hạ,zooplankton,2022-08,M5,Filinia camasecla Myers,7500.0,,Filinia camasecla,1000458.0,exact
AH_PL,Hồ Ayun Hạ,zooplankton,2022-08,M6,Filinia camasecla Myers,12000.0,,Filinia camasecla,1000458.0,exact
AH_PL,Hồ Ayun Hạ,zooplankton,2022-08,M7,Filinia camasecla Myers,20000.0,,Filinia camasecla,1000458.0,exact
AH_PL,Hồ Ayun Hạ,zooplankton,2022-08,M8,Filinia camasecla Myers,2000.0,,Filinia camasecla,1000458.0,exact
AH_PL,Hồ Ayun Hạ,zooplankton,2022-08,M9,Filinia camasecla Myers,12000.0,,Filinia camasecla,1000458.0,exact
AH_PL,Hồ Ayun Hạ,zooplankton,2022-08,M10,Filinia camasecla Myers,2000.0,,Filinia camasecla,1000458.0,exact
AH_PL,Hồ Ayun Hạ,zooplankton,2022-08,M11,Filinia camasecla Myers,18000.0,,Filinia camasecla,1000458.0,exact
AH_PL,Hồ Ayun Hạ,zooplankton,2022-08,M1,Filinia longiseta Ehrenberg,6000.0,,Filinia longiseta,1000461.0,exact
AH_PL,Hồ Ayun Hạ,zooplankton,2022-08,M3,Filinia longiseta Ehrenberg,2400.0,,Filinia longiseta,1000461.0,exact
AH_PL,Hồ Ayun Hạ,zooplankton,2022-08,M4,Filinia longiseta Ehrenberg,1800.0,,Filinia longiseta,1000461.0,exact
AH_PL,Hồ Ayun Hạ,zooplankton,2022-08,M5,Filinia longiseta Ehrenberg,2500.0,,Filinia longiseta,1000461.0,exact
AH_PL,Hồ Ayun Hạ,zooplankton,2022-08,M6,Filinia longiseta Ehrenberg,9000.0,,Filinia longiseta,1000461.0,exact
AH_PL,Hồ Ayun Hạ,zooplankton,2022-08,M7,Filinia longiseta Ehrenberg,15000.0,,Filinia longiseta,1000461.0,exact
AH_PL,Hồ Ayun Hạ,zooplankton,2022-08,M10,Filinia longiseta Ehrenberg,4000.0,,Filinia longiseta,1000461.0,exact
AH_PL,Hồ Ayun Hạ,zooplankton,2022-08,M11,Filinia longiseta Ehrenberg,18000.0,,Filinia longiseta,1000461.0,exact
AH_PL,Hồ Ayun Hạ,zooplankton,2022-08,M1,Filinia opoliensis (Zacharias),3000.0,,Filinia opoliensis,1000464.0,exact
AH_PL,Hồ Ayun Hạ,zooplankton,2022-08,M3,Filinia opoliensis (Zacharias),2400.0,,Filinia opoliensis,1000464.0,exact
AH_PL,Hồ Ayun Hạ,zooplankton,2022-08,M4,Filinia opoliensis (Zacharias),39000.0,,Filinia opoliensis,1000464.0,exact
AH_PL,Hồ Ayun Hạ,zooplankton,2022-08,M5,Filinia opoliensis (Zacharias),17500.0,,Filinia opoliensis,1000464.0,exact
AH_PL,Hồ Ayun Hạ,zooplankton,2022-08,M6,Filinia opoliensis (Zacharias),21000.0,,Filinia opoliensis,1000464.0,exact
AH_PL,Hồ Ayun Hạ,zooplankton,2022-08,M7,Filinia opoliensis (Zacharias),32500.0,,Filinia opoliensis,1000464.0,exact
AH_PL,Hồ Ayun Hạ,zooplankton,2022-08,M8,Filinia opoliensis (Zacharias),6000.0,,Filinia opoliensis,1000464.0,exact
AH_PL,Hồ Ayun Hạ,zooplankton,2022-08,M9,Filinia opoliensis (Zacharias),69000.0,,Filinia opoliensis,1000464.0,exact
AH_PL,Hồ Ayun Hạ,zooplankton,2022-08,M10,Filinia opoliensis (Zacharias),2000.0,,Filinia opoliensis,1000464.0,exact
AH_PL,Hồ Ayun Hạ,zooplankton,2022-08,M11,Filinia opoliensis (Zacharias),45000.0,,Filinia opoliensis,1000464.0,exact
AH_PL,Hồ Ayun Hạ,zooplankton,2022-08,M7,Asplanchna priodonta Gosse,500.0,,Asplanchna priodonta,1001922.0,exact
AH_PL,Hồ Ayun Hạ,zooplankton,2022-08,M9,Asplanchna priodonta Gosse,600.0,,Asplanchna priodonta,1001922.0,exact
AH_PL,Hồ Ayun Hạ,zooplankton,2022-08,M11,Asplanchna priodonta Gosse,3000.0,,Asplanchna priodonta,1001922.0,exact
AH_PL,Hồ Ayun Hạ,zooplankton,2022-08,M1,Brachionus angularis Gosse,15000.0,,Brachionus angularis,4984131.0,exact
AH_PL,Hồ Ayun Hạ,zooplankton,2022-08,M2,Brachionus angularis Gosse,21000.0,,Brachionus angularis,4984131.0,exact
AH_PL,Hồ Ayun Hạ,zooplankton,2022-08,M3,Brachionus angularis Gosse,12000.0,,Brachionus angularis,4984131.0,exact
AH_PL,Hồ Ayun Hạ,zooplankton,2022-08,M4,Brachionus angularis Gosse,12000.0,,Brachionus angularis,4984131.0,exact
AH_PL,Hồ Ayun Hạ,zooplankton,2022-08,M5,Brachionus angularis Gosse,15000.0,,Brachionus angularis,4984131.0,exact
AH_PL,Hồ Ayun Hạ,zooplankton,2022-08,M6,Brachionus angularis Gosse,27000.0,,Brachionus angularis,4984131.0,exact
AH_PL,Hồ Ayun Hạ,zooplankton,2022-08,M7,Brachionus angularis Gosse,95000.0,,Brachionus angularis,4984131.0,exact
AH_PL,Hồ Ayun Hạ,zooplankton,2022-08,M8,Brachionus angularis Gosse,10000.0,,Brachionus angularis,4984131.0,exact
AH_PL,Hồ Ayun Hạ,zooplankton,2022-08,M9,Brachionus angularis Gosse,66000.0,,Brachionus angularis,4984131.0,exact
AH_PL,Hồ Ayun Hạ,zooplankton,2022-08,M10,Brachionus angularis Gosse,4000.0,,Brachionus angularis,4984131.0,exact
AH_PL,Hồ Ayun Hạ,zooplankton,2022-08,M11,Brachionus angularis Gosse,75000.0,,Brachionus angularis,4984131.0,exact
AH_PL,Hồ Ayun Hạ,zooplankton,2022-08,M9,Brachionus calyciflorus calyciflorus Pallas,3000.0,,Brachionus calyciflorus,4984102.0,exact
AH_PL,Hồ Ayun Hạ,zooplankton,2022-08,M2,Brachionus caudatus (Apstein),3000.0,,Brachionus caudatus,4984110.0,exact
AH_PL,Hồ Ayun Hạ,zooplankton,2022-08,M4,Brachionus caudatus (Apstein),600.0,,Brachionus caudatus,4984110.0,exact
AH_PL,Hồ Ayun Hạ,zooplankton,2022-08,M5,Brachionus caudatus (Apstein),500.0,,Brachionus caudatus,4984110.0,exact
AH_PL,Hồ Ayun Hạ,zooplankton,2022-08,M6,Brachionus caudatus (Apstein),6000.0,,Brachionus caudatus,4984110.0,exact
AH_PL,Hồ Ayun Hạ,zooplankton,2022-08,M7,Brachionus caudatus (Apstein),12500.0,,Brachionus caudatus,4984110.0,exact
AH_PL,Hồ Ayun Hạ,zooplankton,2022-08,M8,Brachionus caudatus (Apstein),-1.0,,Brachionus caudatus,4984110.0,exact
AH_PL,Hồ Ayun Hạ,zooplankton,2022-08,M10,Brachionus caudatus (Apstein),2000.0,,Brachionus caudatus,4984110.0,exact
AH_PL,Hồ Ayun Hạ,zooplankton,2022-08,M11,Brachionus caudatus (Apstein),30000.0,,Brachionus caudatus,4984110.0,exact
AH_PL,Hồ Ayun Hạ,zooplankton,2022-08,M1,Brachionus diversicornis (Daday),3000.0,,Brachionus diversicornis,4984207.0,exact
AH_PL,Hồ Ayun Hạ,zooplankton,2022-08,M2,Brachionus diversicornis (Daday),1200.0,,Brachionus diversicornis,4984207.0,exact
AH_PL,Hồ Ayun Hạ,zooplankton,2022-08,M6,Brachionus diversicornis (Daday),42000.0,,Brachionus diversicornis,4984207.0,exact
AH_PL,Hồ Ayun Hạ,zooplankton,2022-08,M7,Brachionus diversicornis (Daday),17500.0,,Brachionus diversicornis,4984207.0,exact
AH_PL,Hồ Ayun Hạ,zooplankton,2022-08,M9,Brachionus diversicornis (Daday),12000.0,,Brachionus diversicornis,4984207.0,exact
AH_PL,Hồ Ayun Hạ,zooplankton,2022-08,M11,Brachionus diversicornis (Daday),24000.0,,Brachionus diversicornis,4984207.0,exact
AH_PL,Hồ Ayun Hạ,zooplankton,2022-08,M1,Brachionus falcatus Zacharias,9000.0,,Brachionus falcatus,4984079.0,exact
AH_PL,Hồ Ayun Hạ,zooplankton,2022-08,M2,Brachionus falcatus Zacharias,48000.0,,Brachionus falcatus,4984079.0,exact
AH_PL,Hồ Ayun Hạ,zooplankton,2022-08,M3,Brachionus falcatus Zacharias,3000.0,,Brachionus falcatus,4984079.0,exact
AH_PL,Hồ Ayun Hạ,zooplankton,2022-08,M4,Brachionus falcatus Zacharias,27000.0,,Brachionus falcatus,4984079.0,exact
AH_PL,Hồ Ayun Hạ,zooplankton,2022-08,M5,Brachionus falcatus Zacharias,15000.0,,Brachionus falcatus,4984079.0,exact
AH_PL,Hồ Ayun Hạ,zooplankton,2022-08,M6,Brachionus falcatus Zacharias,96000.0,,Brachionus falcatus,4984079.0,exact
AH_PL,Hồ Ayun Hạ,zooplankton,2022-08,M7,Brachionus falcatus Zacharias,50000.0,,Brachionus falcatus,4984079.0,exact
AH_PL,Hồ Ayun Hạ,zooplankton,2022-08,M8,Brachionus falcatus Zacharias,2000.0,,Brachionus falcatus,4984079.0,exact
AH_PL,Hồ Ayun Hạ,zooplankton,2022-08,M9,Brachionus falcatus Zacharias,48000.0,,Brachionus falcatus,4984079.0,exact
AH_PL,Hồ Ayun Hạ,zooplankton,2022-08,M10,Brachionus falcatus Zacharias,8000.0,,Brachionus falcatus,4984079.0,exact
AH_PL,Hồ Ayun Hạ,zooplankton,2022-08,M11,Brachionus falcatus Zacharias,93000.0,,Brachionus falcatus,4984079.0,exact
AH_PL,Hồ Ayun Hạ,zooplankton,2022-08,M1,Brachionus forficula Wierzejski,48000.0,,Brachionus forficula,4984093.0,exact
AH_PL,Hồ Ayun Hạ,zooplankton,2022-08,M2,Brachionus forficula Wierzejski,36000.0,,Brachionus forficula,4984093.0,exact
AH_PL,Hồ Ayun Hạ,zooplankton,2022-08,M3,Brachionus forficula Wierzejski,1800.0,,Brachionus forficula,4984093.0,exact
AH_PL,Hồ Ayun Hạ,zooplankton,2022-08,M4,Brachionus forficula Wierzejski,18000.0,,Brachionus forficula,4984093.0,exact
AH_PL,Hồ Ayun Hạ,zooplankton,2022-08,M5,Brachionus forficula Wierzejski,2500.0,,Brachionus forficula,4984093.0,exact
AH_PL,Hồ Ayun Hạ,zooplankton,2022-08,M6,Brachionus forficula Wierzejski,33000.0,,Brachionus forficula,4984093.0,exact
AH_PL,Hồ Ayun Hạ,zooplankton,2022-08,M7,Brachionus forficula Wierzejski,2500.0,,Brachionus forficula,4984093.0,exact
AH_PL,Hồ Ayun Hạ,zooplankton,2022-08,M8,Brachionus forficula Wierzejski,-1.0,,Brachionus forficula,4984093.0,exact
AH_PL,Hồ Ayun Hạ,zooplankton,2022-08,M9,Brachionus forficula Wierzejski,39000.0,,Brachionus forficula,4984093.0,exact
AH_PL,Hồ Ayun Hạ,zooplankton,2022-08,M11,Brachionus forficula Wierzejski,18000.0,,Brachionus forficula,4984093.0,exact
AH_PL,Hồ Ayun Hạ,zooplankton,2022-08,M11,Brachionus quadridentatus Hermann,600.0,,Brachionus quadridentatus,4984191.0,exact
AH_PL,Hồ Ayun Hạ,zooplankton,2022-08,M1,Keratella cochlearis Gosse,36000.0,,Keratella cochlearis,1002590.0,exact
AH_PL,Hồ Ayun Hạ,zooplankton,2022-08,M2,Keratella cochlearis Gosse,42000.0,,Keratella cochlearis,1002590.0,exact
AH_PL,Hồ Ayun Hạ,zooplankton,2022-08,M3,Keratella cochlearis Gosse,10800.0,,Keratella cochlearis,1002590.0,exact
AH_PL,Hồ Ayun Hạ,zooplankton,2022-08,M4,Keratella cochlearis Gosse,30000.0,,Keratella cochlearis,1002590.0,exact
AH_PL,Hồ Ayun Hạ,zooplankton,2022-08,M6,Keratella cochlearis Gosse,33000.0,,Keratella cochlearis,1002590.0,exact
AH_PL,Hồ Ayun Hạ,zooplankton,2022-08,M7,Keratella cochlearis Gosse,30000.0,,Keratella cochlearis,1002590.0,exact
AH_PL,Hồ Ayun Hạ,zooplankton,2022-08,M8,Keratella cochlearis Gosse,2000.0,,Keratella cochlearis,1002590.0,exact
AH_PL,Hồ Ayun Hạ,zooplankton,2022-08,M10,Keratella cochlearis Gosse,2000.0,,Keratella cochlearis,1002590.0,exact
AH_PL,Hồ Ayun Hạ,zooplankton,2022-08,M7,Keratella lenzi (Hauer),500.0,,Keratella lenzi,1002633.0,exact
AH_PL,Hồ Ayun Hạ,zooplankton,2022-08,M3,Keratella tecta (Gosse),600.0,,Keratella tecta,1002639.0,exact
AH_PL,Hồ Ayun Hạ,zooplankton,2022-08,M1,Keratella tropica (Apstein),12000.0,,Keratella tropica,1002621.0,exact
AH_PL,Hồ Ayun Hạ,zooplankton,2022-08,M2,Keratella tropica (Apstein),36000.0,,Keratella tropica,1002621.0,exact
AH_PL,Hồ Ayun Hạ,zooplankton,2022-08,M3,Keratella tropica (Apstein),9000.0,,Keratella tropica,1002621.0,exact
AH_PL,Hồ Ayun Hạ,zooplankton,2022-08,M4,Keratella tropica (Apstein),72000.0,,Keratella tropica,1002621.0,exact
AH_PL,Hồ Ayun Hạ,zooplankton,2022-08,M5,Keratella tropica (Apstein),15000.0,,Keratella tropica,1002621.0,exact
AH_PL,Hồ Ayun Hạ,zooplankton,2022-08,M6,Keratella tropica (Apstein),99000.0,,Keratella tropica,1002621.0,exact
AH_PL,Hồ Ayun Hạ,zooplankton,2022-08,M7,Keratella tropica (Apstein),115000.0,,Keratella tropica,1002621.0,exact
AH_PL,Hồ Ayun Hạ,zooplankton,2022-08,M8,Keratella tropica (Apstein),4000.0,,Keratella tropica,1002621.0,exact
AH_PL,Hồ Ayun Hạ,zooplankton,2022-08,M9,Keratella tropica (Apstein),33000.0,,Keratella tropica,1002621.0,exact
AH_PL,Hồ Ayun Hạ,zooplankton,2022-08,M10,Keratella tropica (Apstein),2000.0,,Keratella tropica,1002621.0,exact
AH_PL,Hồ Ayun Hạ,zooplankton,2022-08,M11,Keratella tropica (Apstein),15000.0,,Keratella tropica,1002621.0,exact
AH_PL,Hồ Ayun Hạ,zooplankton,2022-08,M5,Lecane bulla (Gosse),500.0,,Lecane bulla,1002248.0,exact
AH_PL,Hồ Ayun Hạ,zooplankton,2022-08,M9,Lecane bulla (Gosse),1200.0,,Lecane bulla,1002248.0,exact
AH_PL,Hồ Ayun Hạ,zooplankton,2022-08,M11,Lecane bulla (Gosse),600.0,,Lecane bulla,1002248.0,exact
AH_PL,Hồ Ayun Hạ,zooplankton,2022-08,M9,Lecane luna (Müller),-1.0,,Lecane luna,1002436.0,exact
AH_PL,Hồ Ayun Hạ,zooplankton,2022-08,M9,Lecane papuana (Murray),600.0,,Lecane papuana,1002308.0,exact
AH_PL,Hồ Ayun Hạ,zooplankton,2022-08,M6,Ploesoma hudsoni (Imhof),6000.0,,Ploesoma hudsoni,1003138.0,exact
AH_PL,Hồ Ayun Hạ,zooplankton,2022-08,M9,Polyarthra vulgaris Carlin,-1.0,,Polyarthra vulgaris,1003112.0,exact
AH_PL,Hồ Ayun Hạ,zooplankton,2022-08,M1,Trichocerca capucina (Wierzejski & Zacharias),9000.0,,Trichocerca capucina,1002008.0,exact
AH_PL,Hồ Ayun Hạ,zooplankton,2022-08,M2,Trichocerca capucina (Wierzejski & Zacharias),3000.0,,Trichocerca capucina,1002008.0,exact
AH_PL,Hồ Ayun Hạ,zooplankton,2022-08,M4,Trichocerca capucina (Wierzejski & Zacharias),3000.0,,Trichocerca capucina,1002008.0,exact
AH_PL,Hồ Ayun Hạ,zooplankton,2022-08,M5,Trichocerca capucina (Wierzejski & Zacharias),1000.0,,Trichocerca capucina,1002008.0,exact
AH_PL,Hồ Ayun Hạ,zooplankton,2022-08,M6,Trichocerca capucina (Wierzejski & Zacharias),3000.0,,Trichocerca capucina,1002008.0,exact
AH_PL,Hồ Ayun Hạ,zooplankton,2022-08,M7,Trichocerca capucina (Wierzejski & Zacharias),5000.0,,Trichocerca capucina,1002008.0,exact
AH_PL,Hồ Ayun Hạ,zooplankton,2022-08,M8,Trichocerca capucina (Wierzejski & Zacharias),200.0,,Trichocerca capucina,1002008.0,exact
AH_PL,Hồ Ayun Hạ,zooplankton,2022-08,M9,Trichocerca capucina (Wierzejski & Zacharias),3000.0,,Trichocerca capucina,1002008.0,exact
AH_PL,Hồ Ayun Hạ,zooplankton,2022-08,M10,Trichocerca capucina (Wierzejski & Zacharias),800.0,,Trichocerca capucina,1002008.0,exact
AH_PL,Hồ Ayun Hạ,zooplankton,2022-08,M11,Trichocerca capucina (Wierzejski & Zacharias),3000.0,,Trichocerca capucina,1002008.0,exact
AH_PL,Hồ Ayun Hạ,zooplankton,2022-08,M2,Trichocerca cylindrica Lamark,6000.0,,Trichocerca cylindrica,1002016.0,exact
AH_PL,Hồ Ayun Hạ,zooplankton,2022-08,M3,Trichocerca cylindrica Lamark,600.0,,Trichocerca cylindrica,1002016.0,exact
AH_PL,Hồ Ayun Hạ,zooplankton,2022-08,M4,Trichocerca cylindrica Lamark,600.0,,Trichocerca cylindrica,1002016.0,exact
AH_PL,Hồ Ayun Hạ,zooplankton,2022-08,M6,Trichocerca cylindrica Lamark,3000.0,,Trichocerca cylindrica,1002016.0,exact
AH_PL,Hồ Ayun Hạ,zooplankton,2022-08,M9,Trichocerca cylindrica Lamark,3000.0,,Trichocerca cylindrica,1002016.0,exact
AH_PL,Hồ Ayun Hạ,zooplankton,2022-08,M3,Trichocerca pusilla (Jennings),600.0,,Trichocerca pusilla,1001955.0,exact
AH_PL,Hồ Ayun Hạ,zooplankton,2022-08,M6,Trichocerca pusilla (Jennings),600.0,,Trichocerca pusilla,1001955.0,exact
AH_PL,Hồ Ayun Hạ,zooplankton,2022-08,M7,Trichocerca pusilla (Jennings),2500.0,,Trichocerca pusilla,1001955.0,exact
AH_PL,Hồ Ayun Hạ,zooplankton,2022-08,M1,Trichocerca similis Wierzejski,3000.0,,Trichocerca similis,1002086.0,exact
AH_PL,Hồ Ayun Hạ,zooplankton,2022-08,M3,Trichocerca similis Wierzejski,1200.0,,Trichocerca similis,1002086.0,exact
AH_PL,Hồ Ayun Hạ,zooplankton,2022-08,M4,Trichocerca similis Wierzejski,3000.0,,Trichocerca similis,1002086.0,exact
AH_PL,Hồ Ayun Hạ,zooplankton,2022-08,M7,Trichocerca similis Wierzejski,500.0,,Trichocerca similis,1002086.0,exact
AH_PL,Hồ Ayun Hạ,zooplankton,2022-08,M8,Trichocerca similis Wierzejski,4000.0,,Trichocerca similis,1002086.0,exact
AH_PL,Hồ Ayun Hạ,zooplankton,2022-08,M9,Trichocerca similis Wierzejski,6000.0,,Trichocerca similis,1002086.0,exact
AH_PL,Hồ Ayun Hạ,zooplankton,2022-08,M10,Trichocerca similis Wierzejski,2000.0,,Trichocerca similis,1002086.0,exact
AH_PL,Hồ Ayun Hạ,zooplankton,2022-08,M11,Trichocerca similis Wierzejski,12000.0,,Trichocerca similis,1002086.0,exact
AH_PL,Hồ Ayun Hạ,zooplankton,2022-08,M1,Bosminopsis deitersi Richard,9000.0,,Bosminopsis deitersi,2234688.0,exact
AH_PL,Hồ Ayun Hạ,zooplankton,2022-08,M2,Bosminopsis deitersi Richard,24000.0,,Bosminopsis deitersi,2234688.0,exact
AH_PL,Hồ Ayun Hạ,zooplankton,2022-08,M3,Bosminopsis deitersi Richard,1800.0,,Bosminopsis deitersi,2234688.0,exact
AH_PL,Hồ Ayun Hạ,zooplankton,2022-08,M4,Bosminopsis deitersi Richard,9000.0,,Bosminopsis deitersi,2234688.0,exact
AH_PL,Hồ Ayun Hạ,zooplankton,2022-08,M5,Bosminopsis deitersi Richard,2500.0,,Bosminopsis deitersi,2234688.0,exact
AH_PL,Hồ Ayun Hạ,zooplankton,2022-08,M6,Bosminopsis deitersi Richard,27000.0,,Bosminopsis deitersi,2234688.0,exact
AH_PL,Hồ Ayun Hạ,zooplankton,2022-08,M7,Bosminopsis deitersi Richard,12500.0,,Bosminopsis deitersi,2234688.0,exact
AH_PL,Hồ Ayun Hạ,zooplankton,2022-08,M8,Bosminopsis deitersi Richard,2000.0,,Bosminopsis deitersi,2234688.0,exact
AH_PL,Hồ Ayun Hạ,zooplankton,2022-08,M9,Bosminopsis deitersi Richard,12000.0,,Bosminopsis deitersi,2234688.0,exact
AH_PL,Hồ Ayun Hạ,zooplankton,2022-08,M10,Bosminopsis deitersi Richard,2000.0,,Bosminopsis deitersi,2234688.0,exact
AH_PL,Hồ Ayun Hạ,zooplankton,2022-08,M11,Bosminopsis deitersi Richard,33000.0,,Bosminopsis deitersi,2234688.0,exact
AH_PL,Hồ Ayun Hạ,zooplankton,2022-08,M1,Bosmina longirostris (O.F. Müller),33000.0,,Bosmina longirostris,2234694.0,exact
AH_PL,Hồ Ayun Hạ,zooplankton,2022-08,M2,Bosmina longirostris (O.F. Müller),9000.0,,Bosmina longirostris,2234694.0,exact
AH_PL,Hồ Ayun Hạ,zooplankton,2022-08,M3,Bosmina longirostris (O.F. Müller),7200.0,,Bosmina longirostris,2234694.0,exact
AH_PL,Hồ Ayun Hạ,zooplankton,2022-08,M4,Bosmina longirostris (O.F. Müller),69000.0,,Bosmina longirostris,2234694.0,exact
AH_PL,Hồ Ayun Hạ,zooplankton,2022-08,M5,Bosmina longirostris (O.F. Müller),5000.0,,Bosmina longirostris,2234694.0,exact
AH_PL,Hồ Ayun Hạ,zooplankton,2022-08,M7,Bosmina longirostris (O.F. Müller),12500.0,,Bosmina longirostris,2234694.0,exact
AH_PL,Hồ Ayun Hạ,zooplankton,2022-08,M8,Bosmina longirostris (O.F. Müller),8000.0,,Bosmina longirostris,2234694.0,exact
AH_PL,Hồ Ayun Hạ,zooplankton,2022-08,M9,Bosmina longirostris (O.F. Müller),9000.0,,Bosmina longirostris,2234694.0,exact
AH_PL,Hồ Ayun Hạ,zooplankton,2022-08,M10,Bosmina longirostris (O.F. Müller),2000.0,,Bosmina longirostris,2234694.0,exact
AH_PL,Hồ Ayun Hạ,zooplankton,2022-08,M11,Bosmina longirostris (O.F. Müller),-1.0,,Bosmina longirostris,2234694.0,exact
AH_PL,Hồ Ayun Hạ,zooplankton,2022-08,M6,Picripleuroxus similis (Vávra),600.0,,Picripleuroxus similis,7764950.0,exact
AH_PL,Hồ Ayun Hạ,zooplankton,2022-08,M1,Ceriodaphnia rigaudii Richard,12000.0,,Ceriodaphnia rigaudii,2234856.0,fuzzy
AH_PL,Hồ Ayun Hạ,zooplankton,2022-08,M2,Ceriodaphnia rigaudii Richard,60000.0,,Ceriodaphnia rigaudii,2234856.0,fuzzy
AH_PL,Hồ Ayun Hạ,zooplankton,2022-08,M3,Ceriodaphnia rigaudii Richard,6000.0,,Ceriodaphnia rigaudii,2234856.0,fuzzy
AH_PL,Hồ Ayun Hạ,zooplankton,2022-08,M4,Ceriodaphnia rigaudii Richard,30000.0,,Ceriodaphnia rigaudii,2234856.0,fuzzy
AH_PL,Hồ Ayun Hạ,zooplankton,2022-08,M6,Ceriodaphnia rigaudii Richard,6000.0,,Ceriodaphnia rigaudii,2234856.0,fuzzy
AH_PL,Hồ Ayun Hạ,zooplankton,2022-08,M7,Ceriodaphnia rigaudii Richard,7500.0,,Ceriodaphnia rigaudii,2234856.0,fuzzy
AH_PL,Hồ Ayun Hạ,zooplankton,2022-08,M8,Ceriodaphnia rigaudii Richard,2000.0,,Ceriodaphnia rigaudii,2234856.0,fuzzy
AH_PL,Hồ Ayun Hạ,zooplankton,2022-08,M10,Ceriodaphnia rigaudii Richard,10000.0,,Ceriodaphnia rigaudii,2234856.0,fuzzy
AH_PL,Hồ Ayun Hạ,zooplankton,2022-08,M9,Macrothrix triserialis Brady,-1.0,,Macrothrix triserialis,4667984.0,exact
AH_PL,Hồ Ayun Hạ,zooplankton,2022-08,M1,Moina macrocopa (Straus),3000.0,,Moina macrocopa,2234757.0,exact
AH_PL,Hồ Ayun Hạ,zooplankton,2022-08,M2,Moina macrocopa (Straus),6000.0,,Moina macrocopa,2234757.0,exact
AH_PL,Hồ Ayun Hạ,zooplankton,2022-08,M3,Moina macrocopa (Straus),-1.0,,Moina macrocopa,2234757.0,exact
AH_PL,Hồ Ayun Hạ,zooplankton,2022-08,M4,Moina macrocopa (Straus),12000.0,,Moina macrocopa,2234757.0,exact
AH_PL,Hồ Ayun Hạ,zooplankton,2022-08,M8,Moina macrocopa (Straus),2000.0,,Moina macrocopa,2234757.0,exact
AH_PL,Hồ Ayun Hạ,zooplankton,2022-08,M9,Moina macrocopa (Straus),6000.0,,Moina macrocopa,2234757.0,exact
AH_PL,Hồ Ayun Hạ,zooplankton,2022-08,M10,Moina macrocopa (Straus),400.0,,Moina macrocopa,2234757.0,exact
AH_PL,Hồ Ayun Hạ,zooplankton,2022-08,M11,Moina macrocopa (Straus),-1.0,,Moina macrocopa,2234757.0,exact
AH_PL,Hồ Ayun Hạ,zooplankton,2022-08,M2,Heliodiaptomus sp.,-1.0,,Heliodiaptomus sp.,4332324.0,exact
AH_PL,Hồ Ayun Hạ,zooplankton,2022-08,M3,Heliodiaptomus sp.,-1.0,,Heliodiaptomus sp.,4332324.0,exact
AH_PL,Hồ Ayun Hạ,zooplankton,2022-08,M7,Heliodiaptomus sp.,-1.0,,Heliodiaptomus sp.,4332324.0,exact
AH_PL,Hồ Ayun Hạ,zooplankton,2022-08,M8,Heliodiaptomus sp.,-1.0,,Heliodiaptomus sp.,4332324.0,exact
AH_PL,Hồ Ayun Hạ,zooplankton,2022-08,M9,Heliodiaptomus sp.,3000.0,,Heliodiaptomus sp.,4332324.0,exact
AH_PL,Hồ Ayun Hạ,zooplankton,2022-08,M11,Heliodiaptomus sp.,-1.0,,Heliodiaptomus sp.,4332324.0,exact
AH_PL,Hồ Ayun Hạ,zooplankton,2022-08,M4,Pseudodiaptomus sp.,600.0,,Pseudodiaptomus sp.,2114761.0,exact
AH_PL,Hồ Ayun Hạ,zooplankton,2022-08,M5,Pseudodiaptomus sp.,1000.0,,Pseudodiaptomus sp.,2114761.0,exact
AH_PL,Hồ Ayun Hạ,zooplankton,2022-08,M10,Pseudodiaptomus sp.,2000.0,,Pseudodiaptomus sp.,2114761.0,exact
AH_PL,Hồ Ayun Hạ,zooplankton,2022-08,M11,Pseudodiaptomus sp.,600.0,,Pseudodiaptomus sp.,2114761.0,exact
AH_PL,Hồ Ayun Hạ,zooplankton,2022-08,M1,Mesocyclops leukarti (Claus),-1.0,,Mesocyclops leukarti,2116955.0,exact
AH_PL,Hồ Ayun Hạ,zooplankton,2022-08,M1,Microcyclops varicans Sars,57000.0,,Microcyclops varicans,2116917.0,exact
AH_PL,Hồ Ayun Hạ,zooplankton,2022-08,M2,Microcyclops varicans Sars,240000.0,,Microcyclops varicans,2116917.0,exact
AH_PL,Hồ Ayun Hạ,zooplankton,2022-08,M3,Microcyclops varicans Sars,34200.0,,Microcyclops varicans,2116917.0,exact
AH_PL,Hồ Ayun Hạ,zooplankton,2022-08,M4,Microcyclops varicans Sars,141000.0,,Microcyclops varicans,2116917.0,exact
AH_PL,Hồ Ayun Hạ,zooplankton,2022-08,M5,Microcyclops varicans Sars,25000.0,,Microcyclops varicans,2116917.0,exact
AH_PL,Hồ Ayun Hạ,zooplankton,2022-08,M6,Microcyclops varicans Sars,54000.0,,Microcyclops varicans,2116917.0,exact
AH_PL,Hồ Ayun Hạ,zooplankton,2022-08,M7,Microcyclops varicans Sars,10000.0,,Microcyclops varicans,2116917.0,exact
AH_PL,Hồ Ayun Hạ,zooplankton,2022-08,M8,Microcyclops varicans Sars,4000.0,,Microcyclops varicans,2116917.0,exact
AH_PL,Hồ Ayun Hạ,zooplankton,2022-08,M9,Microcyclops varicans Sars,48000.0,,Microcyclops varicans,2116917.0,exact
AH_PL,Hồ Ayun Hạ,zooplankton,2022-08,M10,Microcyclops varicans Sars,8000.0,,Microcyclops varicans,2116917.0,exact
AH_PL,Hồ Ayun Hạ,zooplankton,2022-08,M11,Microcyclops varicans Sars,18000.0,,Microcyclops varicans,2116917.0,exact
AH_PL,Hồ Ayun Hạ,zooplankton,2022-08,M7,Heterocypris anomala Klie,-1.0,,Heterocypris anomala,1029111.0,higherrank
AH_PL,Hồ Ayun Hạ,zooplankton,2022-08,M8,Heterocypris anomala Klie,200.0,,Heterocypris anomala,1029111.0,higherrank
AH_PL,Hồ Ayun Hạ,zooplankton,2022-08,M9,Heterocypris anomala Klie,-1.0,,Heterocypris anomala,1029111.0,higherrank
AH_PL,Hồ Ayun Hạ,zooplankton,2022-08,M1,Bivalvia,3000.0,,Bivalvia,137.0,exact
AH_PL,Hồ Ayun Hạ,zooplankton,2022-08,M2,Bivalvia,9000.0,,Bivalvia,137.0,exact
AH_PL,Hồ Ayun Hạ,zooplankton,2022-08,M3,Bivalvia,4800.0,,Bivalvia,137.0,exact
AH_PL,Hồ Ayun Hạ,zooplankton,2022-08,M4,Bivalvia,9000.0,,Bivalvia,137.0,exact
AH_PL,Hồ Ayun Hạ,zooplankton,2022-08,M5,Bivalvia,7500.0,,Bivalvia,137.0,exact
AH_PL,Hồ Ayun Hạ,zooplankton,2022-08,M6,Bivalvia,3000.0,,Bivalvia,137.0,exact
AH_PL,Hồ Ayun Hạ,zooplankton,2022-08,M7,Bivalvia,-1.0,,Bivalvia,137.0,exact
AH_PL,Hồ Ayun Hạ,zooplankton,2022-08,M8,Bivalvia,8000.0,,Bivalvia,137.0,exact
AH_PL,Hồ Ayun Hạ,zooplankton,2022-08,M9,Bivalvia,600.0,,Bivalvia,137.0,exact
AH_PL,Hồ Ayun Hạ,zooplankton,2022-08,M10,Bivalvia,18000.0,,Bivalvia,137.0,exact
AH_PL,Hồ Ayun Hạ,zooplankton,2022-08,M11,Bivalvia,1800.0,,Bivalvia,137.0,exact
AH_PL,Hồ Ayun Hạ,zooplankton,2022-08,M1,Copepoda nauplius,12000.0,,Copepoda,11545536.0,exact
AH_PL,Hồ Ayun Hạ,zooplankton,2022-08,M2,Copepoda nauplius,114000.0,,Copepoda,11545536.0,exact
AH_PL,Hồ Ayun Hạ,zooplankton,2022-08,M3,Copepoda nauplius,5400.0,,Copepoda,11545536.0,exact
AH_PL,Hồ Ayun Hạ,zooplankton,2022-08,M4,Copepoda nauplius,99000.0,,Copepoda,11545536.0,exact
AH_PL,Hồ Ayun Hạ,zooplankton,2022-08,M5,Copepoda nauplius,12500.0,,Copepoda,11545536.0,exact
AH_PL,Hồ Ayun Hạ,zooplankton,2022-08,M6,Copepoda nauplius,141000.0,,Copepoda,11545536.0,exact
AH_PL,Hồ Ayun Hạ,zooplankton,2022-08,M7,Copepoda nauplius,65000.0,,Copepoda,11545536.0,exact
AH_PL,Hồ Ayun Hạ,zooplankton,2022-08,M8,Copepoda nauplius,12000.0,,Copepoda,11545536.0,exact
AH_PL,Hồ Ayun Hạ,zooplankton,2022-08,M9,Copepoda nauplius,126000.0,,Copepoda,11545536.0,exact
AH_PL,Hồ Ayun Hạ,zooplankton,2022-08,M10,Copepoda nauplius,18000.0,,Copepoda,11545536.0,exact
AH_PL,Hồ Ayun Hạ,zooplankton,2022-08,M11,Copepoda nauplius,51000.0,,Copepoda,11545536.0,exact
AH_PL,Hồ Ayun Hạ,zooplankton,2022-08,M7,Chironomidae,-1.0,,Chironomidae,3343.0,exact
AH_PL,Hồ Ayun Hạ,zooplankton,2022-08,M11,Chironomidae,600.0,,Chironomidae,3343.0,exact
AH_PL,Hồ Ayun Hạ,zooplankton,2022-08,M6,Decapoda,-1.0,,Decapoda,637.0,exact
AH_PL,Hồ Ayun Hạ,zooplankton,2022-11,M10,Arcella vulgaris Ehrenberg,-1.0,,Arcella vulgaris,3210406.0,exact
AH_PL,Hồ Ayun Hạ,zooplankton,2022-11,M1,Difflugia corona Wallich,600.0,,Difflugia corona,5425228.0,exact
AH_PL,Hồ Ayun Hạ,zooplankton,2022-11,M2,Difflugia corona Wallich,3000.0,,Difflugia corona,5425228.0,exact
AH_PL,Hồ Ayun Hạ,zooplankton,2022-11,M3,Difflugia corona Wallich,1200.0,,Difflugia corona,5425228.0,exact
AH_PL,Hồ Ayun Hạ,zooplankton,2022-11,M4,Difflugia corona Wallich,3000.0,,Difflugia corona,5425228.0,exact
AH_PL,Hồ Ayun Hạ,zooplankton,2022-11,M5,Difflugia corona Wallich,1500.0,,Difflugia corona,5425228.0,exact
AH_PL,Hồ Ayun Hạ,zooplankton,2022-11,M6,Difflugia corona Wallich,3000.0,,Difflugia corona,5425228.0,exact
AH_PL,Hồ Ayun Hạ,zooplankton,2022-11,M9,Difflugia corona Wallich,600.0,,Difflugia corona,5425228.0,exact
AH_PL,Hồ Ayun Hạ,zooplankton,2022-11,M1,Difflugia urceolata Carter,21000.0,,Difflugia urceolata,5425233.0,exact
AH_PL,Hồ Ayun Hạ,zooplankton,2022-11,M2,Difflugia urceolata Carter,8900.0,,Difflugia urceolata,5425233.0,exact
AH_PL,Hồ Ayun Hạ,zooplankton,2022-11,M3,Difflugia urceolata Carter,5600.0,,Difflugia urceolata,5425233.0,exact
AH_PL,Hồ Ayun Hạ,zooplankton,2022-11,M4,Difflugia urceolata Carter,18000.0,,Difflugia urceolata,5425233.0,exact
AH_PL,Hồ Ayun Hạ,zooplankton,2022-11,M5,Difflugia urceolata Carter,3800.0,,Difflugia urceolata,5425233.0,exact
AH_PL,Hồ Ayun Hạ,zooplankton,2022-11,M6,Difflugia urceolata Carter,18600.0,,Difflugia urceolata,5425233.0,exact
AH_PL,Hồ Ayun Hạ,zooplankton,2022-11,M7,Difflugia urceolata Carter,12000.0,,Difflugia urceolata,5425233.0,exact
AH_PL,Hồ Ayun Hạ,zooplankton,2022-11,M8,Difflugia urceolata Carter,4000.0,,Difflugia urceolata,5425233.0,exact
AH_PL,Hồ Ayun Hạ,zooplankton,2022-11,M9,Difflugia urceolata Carter,8000.0,,Difflugia urceolata,5425233.0,exact
AH_PL,Hồ Ayun Hạ,zooplankton,2022-11,M10,Difflugia urceolata Carter,7600.0,,Difflugia urceolata,5425233.0,exact
AH_PL,Hồ Ayun Hạ,zooplankton,2022-11,M11,Difflugia urceolata Carter,16400.0,,Difflugia urceolata,5425233.0,exact
AH_PL,Hồ Ayun Hạ,zooplankton,2022-11,M8,Hexathra mira (Hudson),4000.0,,Hexathra mira,1000447.0,fuzzy
AH_PL,Hồ Ayun Hạ,zooplankton,2022-11,M1,Filinia camasecla Myers,25000.0,,Filinia camasecla,1000458.0,exact
AH_PL,Hồ Ayun Hạ,zooplankton,2022-11,M2,Filinia camasecla Myers,18000.0,,Filinia camasecla,1000458.0,exact
AH_PL,Hồ Ayun Hạ,zooplankton,2022-11,M3,Filinia camasecla Myers,2600.0,,Filinia camasecla,1000458.0,exact
AH_PL,Hồ Ayun Hạ,zooplankton,2022-11,M4,Filinia camasecla Myers,23000.0,,Filinia camasecla,1000458.0,exact
AH_PL,Hồ Ayun Hạ,zooplankton,2022-11,M5,Filinia camasecla Myers,6500.0,,Filinia camasecla,1000458.0,exact
AH_PL,Hồ Ayun Hạ,zooplankton,2022-11,M6,Filinia camasecla Myers,12400.0,,Filinia camasecla,1000458.0,exact
AH_PL,Hồ Ayun Hạ,zooplankton,2022-11,M7,Filinia camasecla Myers,18600.0,,Filinia camasecla,1000458.0,exact
AH_PL,Hồ Ayun Hạ,zooplankton,2022-11,M8,Filinia camasecla Myers,2400.0,,Filinia camasecla,1000458.0,exact
AH_PL,Hồ Ayun Hạ,zooplankton,2022-11,M9,Filinia camasecla Myers,9500.0,,Filinia camasecla,1000458.0,exact
AH_PL,Hồ Ayun Hạ,zooplankton,2022-11,M10,Filinia camasecla Myers,14000.0,,Filinia camasecla,1000458.0,exact
AH_PL,Hồ Ayun Hạ,zooplankton,2022-11,M11,Filinia camasecla Myers,14200.0,,Filinia camasecla,1000458.0,exact
AH_PL,Hồ Ayun Hạ,zooplankton,2022-11,M1,Filinia longiseta Ehrenberg,5400.0,,Filinia longiseta,1000461.0,exact
AH_PL,Hồ Ayun Hạ,zooplankton,2022-11,M3,Filinia longiseta Ehrenberg,2100.0,,Filinia longiseta,1000461.0,exact
AH_PL,Hồ Ayun Hạ,zooplankton,2022-11,M4,Filinia longiseta Ehrenberg,1800.0,,Filinia longiseta,1000461.0,exact
AH_PL,Hồ Ayun Hạ,zooplankton,2022-11,M5,Filinia longiseta Ehrenberg,2500.0,,Filinia longiseta,1000461.0,exact
AH_PL,Hồ Ayun Hạ,zooplankton,2022-11,M6,Filinia longiseta Ehrenberg,9000.0,,Filinia longiseta,1000461.0,exact
AH_PL,Hồ Ayun Hạ,zooplankton,2022-11,M7,Filinia longiseta Ehrenberg,15000.0,,Filinia longiseta,1000461.0,exact
AH_PL,Hồ Ayun Hạ,zooplankton,2022-11,M10,Filinia longiseta Ehrenberg,4000.0,,Filinia longiseta,1000461.0,exact
AH_PL,Hồ Ayun Hạ,zooplankton,2022-11,M11,Filinia longiseta Ehrenberg,18000.0,,Filinia longiseta,1000461.0,exact
AH_PL,Hồ Ayun Hạ,zooplankton,2022-11,M1,Filinia opoliensis (Zacharias),2700.0,,Filinia opoliensis,1000464.0,exact
AH_PL,Hồ Ayun Hạ,zooplankton,2022-11,M3,Filinia opoliensis (Zacharias),2400.0,,Filinia opoliensis,1000464.0,exact
AH_PL,Hồ Ayun Hạ,zooplankton,2022-11,M4,Filinia opoliensis (Zacharias),31000.0,,Filinia opoliensis,1000464.0,exact
AH_PL,Hồ Ayun Hạ,zooplankton,2022-11,M5,Filinia opoliensis (Zacharias),17500.0,,Filinia opoliensis,1000464.0,exact
AH_PL,Hồ Ayun Hạ,zooplankton,2022-11,M6,Filinia opoliensis (Zacharias),21000.0,,Filinia opoliensis,1000464.0,exact
AH_PL,Hồ Ayun Hạ,zooplankton,2022-11,M7,Filinia opoliensis (Zacharias),32500.0,,Filinia opoliensis,1000464.0,exact
AH_PL,Hồ Ayun Hạ,zooplankton,2022-11,M8,Filinia opoliensis (Zacharias),6000.0,,Filinia opoliensis,1000464.0,exact
AH_PL,Hồ Ayun Hạ,zooplankton,2022-11,M9,Filinia opoliensis (Zacharias),59400.0,,Filinia opoliensis,1000464.0,exact
AH_PL,Hồ Ayun Hạ,zooplankton,2022-11,M10,Filinia opoliensis (Zacharias),2800.0,,Filinia opoliensis,1000464.0,exact
AH_PL,Hồ Ayun Hạ,zooplankton,2022-11,M11,Filinia opoliensis (Zacharias),21300.0,,Filinia opoliensis,1000464.0,exact
AH_PL,Hồ Ayun Hạ,zooplankton,2022-11,M7,Asplanchna priodonta Gosse,700.0,,Asplanchna priodonta,1001922.0,exact
AH_PL,Hồ Ayun Hạ,zooplankton,2022-11,M9,Asplanchna priodonta Gosse,800.0,,Asplanchna priodonta,1001922.0,exact
AH_PL,Hồ Ayun Hạ,zooplankton,2022-11,M11,Asplanchna priodonta Gosse,4500.0,,Asplanchna priodonta,1001922.0,exact
AH_PL,Hồ Ayun Hạ,zooplankton,2022-11,M1,Brachionus angularis Gosse,12800.0,,Brachionus angularis,4984131.0,exact
AH_PL,Hồ Ayun Hạ,zooplankton,2022-11,M2,Brachionus angularis Gosse,16000.0,,Brachionus angularis,4984131.0,exact
AH_PL,Hồ Ayun Hạ,zooplankton,2022-11,M3,Brachionus angularis Gosse,11000.0,,Brachionus angularis,4984131.0,exact
AH_PL,Hồ Ayun Hạ,zooplankton,2022-11,M4,Brachionus angularis Gosse,8000.0,,Brachionus angularis,4984131.0,exact
AH_PL,Hồ Ayun Hạ,zooplankton,2022-11,M5,Brachionus angularis Gosse,13000.0,,Brachionus angularis,4984131.0,exact
AH_PL,Hồ Ayun Hạ,zooplankton,2022-11,M6,Brachionus angularis Gosse,17000.0,,Brachionus angularis,4984131.0,exact
AH_PL,Hồ Ayun Hạ,zooplankton,2022-11,M7,Brachionus angularis Gosse,95000.0,,Brachionus angularis,4984131.0,exact
AH_PL,Hồ Ayun Hạ,zooplankton,2022-11,M8,Brachionus angularis Gosse,8800.0,,Brachionus angularis,4984131.0,exact
AH_PL,Hồ Ayun Hạ,zooplankton,2022-11,M9,Brachionus angularis Gosse,36000.0,,Brachionus angularis,4984131.0,exact
AH_PL,Hồ Ayun Hạ,zooplankton,2022-11,M10,Brachionus angularis Gosse,4000.0,,Brachionus angularis,4984131.0,exact
AH_PL,Hồ Ayun Hạ,zooplankton,2022-11,M11,Brachionus angularis Gosse,55000.0,,Brachionus angularis,4984131.0,exact
AH_PL,Hồ Ayun Hạ,zooplankton,2022-11,M9,Brachionus calyciflorus calyciflorus Pallas,3000.0,,Brachionus calyciflorus,4984102.0,exact
AH_PL,Hồ Ayun Hạ,zooplankton,2022-11,M2,Brachionus caudatus (Apstein),2000.0,,Brachionus caudatus,4984110.0,exact
AH_PL,Hồ Ayun Hạ,zooplankton,2022-11,M4,Brachionus caudatus (Apstein),1000.0,,Brachionus caudatus,4984110.0,exact
AH_PL,Hồ Ayun Hạ,zooplankton,2022-11,M5,Brachionus caudatus (Apstein),800.0,,Brachionus caudatus,4984110.0,exact
AH_PL,Hồ Ayun Hạ,zooplankton,2022-11,M6,Brachionus caudatus (Apstein),6300.0,,Brachionus caudatus,4984110.0,exact
AH_PL,Hồ Ayun Hạ,zooplankton,2022-11,M7,Brachionus caudatus (Apstein),12500.0,,Brachionus caudatus,4984110.0,exact
AH_PL,Hồ Ayun Hạ,zooplankton,2022-11,M8,Brachionus caudatus (Apstein),-1.0,,Brachionus caudatus,4984110.0,exact
AH_PL,Hồ Ayun Hạ,zooplankton,2022-11,M10,Brachionus caudatus (Apstein),4200.0,,Brachionus caudatus,4984110.0,exact
AH_PL,Hồ Ayun Hạ,zooplankton,2022-11,M11,Brachionus caudatus (Apstein),24000.0,,Brachionus caudatus,4984110.0,exact
AH_PL,Hồ Ayun Hạ,zooplankton,2022-11,M1,Brachionus diversicornis (Daday),4000.0,,Brachionus diversicornis,4984207.0,exact
AH_PL,Hồ Ayun Hạ,zooplankton,2022-11,M2,Brachionus diversicornis (Daday),1200.0,,Brachionus diversicornis,4984207.0,exact
AH_PL,Hồ Ayun Hạ,zooplankton,2022-11,M6,Brachionus diversicornis (Daday),38000.0,,Brachionus diversicornis,4984207.0,exact
AH_PL,Hồ Ayun Hạ,zooplankton,2022-11,M7,Brachionus diversicornis (Daday),17500.0,,Brachionus diversicornis,4984207.0,exact
AH_PL,Hồ Ayun Hạ,zooplankton,2022-11,M9,Brachionus diversicornis (Daday),12000.0,,Brachionus diversicornis,4984207.0,exact
AH_PL,Hồ Ayun Hạ,zooplankton,2022-11,M11,Brachionus diversicornis (Daday),16500.0,,Brachionus diversicornis,4984207.0,exact
AH_PL,Hồ Ayun Hạ,zooplankton,2022-11,M1,Brachionus falcatus Zacharias,7500.0,,Brachionus falcatus,4984079.0,exact
AH_PL,Hồ Ayun Hạ,zooplankton,2022-11,M2,Brachionus falcatus Zacharias,32000.0,,Brachionus falcatus,4984079.0,exact
AH_PL,Hồ Ayun Hạ,zooplankton,2022-11,M3,Brachionus falcatus Zacharias,3100.0,,Brachionus falcatus,4984079.0,exact
AH_PL,Hồ Ayun Hạ,zooplankton,2022-11,M4,Brachionus falcatus Zacharias,22000.0,,Brachionus falcatus,4984079.0,exact
AH_PL,Hồ Ayun Hạ,zooplankton,2022-11,M5,Brachionus falcatus Zacharias,12000.0,,Brachionus falcatus,4984079.0,exact
AH_PL,Hồ Ayun Hạ,zooplankton,2022-11,M6,Brachionus falcatus Zacharias,56000.0,,Brachionus falcatus,4984079.0,exact
AH_PL,Hồ Ayun Hạ,zooplankton,2022-11,M7,Brachionus falcatus Zacharias,6000.0,,Brachionus falcatus,4984079.0,exact
AH_PL,Hồ Ayun Hạ,zooplankton,2022-11,M8,Brachionus falcatus Zacharias,5000.0,,Brachionus falcatus,4984079.0,exact
AH_PL,Hồ Ayun Hạ,zooplankton,2022-11,M9,Brachionus falcatus Zacharias,68000.0,,Brachionus falcatus,4984079.0,exact
AH_PL,Hồ Ayun Hạ,zooplankton,2022-11,M10,Brachionus falcatus Zacharias,9000.0,,Brachionus falcatus,4984079.0,exact
AH_PL,Hồ Ayun Hạ,zooplankton,2022-11,M11,Brachionus falcatus Zacharias,83000.0,,Brachionus falcatus,4984079.0,exact
AH_PL,Hồ Ayun Hạ,zooplankton,2022-11,M1,Brachionus forficula Wierzejski,48000.0,,Brachionus forficula,4984093.0,exact
AH_PL,Hồ Ayun Hạ,zooplankton,2022-11,M2,Brachionus forficula Wierzejski,36000.0,,Brachionus forficula,4984093.0,exact
AH_PL,Hồ Ayun Hạ,zooplankton,2022-11,M3,Brachionus forficula Wierzejski,1800.0,,Brachionus forficula,4984093.0,exact
AH_PL,Hồ Ayun Hạ,zooplankton,2022-11,M4,Brachionus forficula Wierzejski,18000.0,,Brachionus forficula,4984093.0,exact
AH_PL,Hồ Ayun Hạ,zooplankton,2022-11,M5,Brachionus forficula Wierzejski,2500.0,,Brachionus forficula,4984093.0,exact
AH_PL,Hồ Ayun Hạ,zooplankton,2022-11,M6,Brachionus forficula Wierzejski,33000.0,,Brachionus forficula,4984093.0,exact
AH_PL,Hồ Ayun Hạ,zooplankton,2022-11,M7,Brachionus forficula Wierzejski,2500.0,,Brachionus forficula,4984093.0,exact
AH_PL,Hồ Ayun Hạ,zooplankton,2022-11,M8,Brachionus forficula Wierzejski,-1.0,,Brachionus forficula,4984093.0,exact
AH_PL,Hồ Ayun Hạ,zooplankton,2022-11,M9,Brachionus forficula Wierzejski,39000.0,,Brachionus forficula,4984093.0,exact
AH_PL,Hồ Ayun Hạ,zooplankton,2022-11,M11,Brachionus forficula Wierzejski,18000.0,,Brachionus forficula,4984093.0,exact
AH_PL,Hồ Ayun Hạ,zooplankton,2022-11,M11,Brachionus quadridentatus Hermann,600.0,,Brachionus quadridentatus,4984191.0,exact
AH_PL,Hồ Ayun Hạ,zooplankton,2022-11,M1,Keratella cochlearis Gosse,46000.0,,Keratella cochlearis,1002590.0,exact
AH_PL,Hồ Ayun Hạ,zooplankton,2022-11,M2,Keratella cochlearis Gosse,32000.0,,Keratella cochlearis,1002590.0,exact
AH_PL,Hồ Ayun Hạ,zooplankton,2022-11,M3,Keratella cochlearis Gosse,11800.0,,Keratella cochlearis,1002590.0,exact
AH_PL,Hồ Ayun Hạ,zooplankton,2022-11,M4,Keratella cochlearis Gosse,32000.0,,Keratella cochlearis,1002590.0,exact
AH_PL,Hồ Ayun Hạ,zooplankton,2022-11,M6,Keratella cochlearis Gosse,35000.0,,Keratella cochlearis,1002590.0,exact
AH_PL,Hồ Ayun Hạ,zooplankton,2022-11,M7,Keratella cochlearis Gosse,31600.0,,Keratella cochlearis,1002590.0,exact
AH_PL,Hồ Ayun Hạ,zooplankton,2022-11,M8,Keratella cochlearis Gosse,2100.0,,Keratella cochlearis,1002590.0,exact
AH_PL,Hồ Ayun Hạ,zooplankton,2022-11,M10,Keratella cochlearis Gosse,2200.0,,Keratella cochlearis,1002590.0,exact
AH_PL,Hồ Ayun Hạ,zooplankton,2022-11,M7,Keratella lenzi (Hauer),500.0,,Keratella lenzi,1002633.0,exact
AH_PL,Hồ Ayun Hạ,zooplankton,2022-11,M1,Keratella tropica (Apstein),12300.0,,Keratella tropica,1002621.0,exact
AH_PL,Hồ Ayun Hạ,zooplankton,2022-11,M2,Keratella tropica (Apstein),34000.0,,Keratella tropica,1002621.0,exact
AH_PL,Hồ Ayun Hạ,zooplankton,2022-11,M3,Keratella tropica (Apstein),9100.0,,Keratella tropica,1002621.0,exact
AH_PL,Hồ Ayun Hạ,zooplankton,2022-11,M4,Keratella tropica (Apstein),62000.0,,Keratella tropica,1002621.0,exact
AH_PL,Hồ Ayun Hạ,zooplankton,2022-11,M5,Keratella tropica (Apstein),13000.0,,Keratella tropica,1002621.0,exact
AH_PL,Hồ Ayun Hạ,zooplankton,2022-11,M6,Keratella tropica (Apstein),89000.0,,Keratella tropica,1002621.0,exact
AH_PL,Hồ Ayun Hạ,zooplankton,2022-11,M7,Keratella tropica (Apstein),85000.0,,Keratella tropica,1002621.0,exact
AH_PL,Hồ Ayun Hạ,zooplankton,2022-11,M8,Keratella tropica (Apstein),25000.0,,Keratella tropica,1002621.0,exact
AH_PL,Hồ Ayun Hạ,zooplankton,2022-11,M9,Keratella tropica (Apstein),28000.0,,Keratella tropica,1002621.0,exact
AH_PL,Hồ Ayun Hạ,zooplankton,2022-11,M10,Keratella tropica (Apstein),2800.0,,Keratella tropica,1002621.0,exact
AH_PL,Hồ Ayun Hạ,zooplankton,2022-11,M11,Keratella tropica (Apstein),15000.0,,Keratella tropica,1002621.0,exact
AH_PL,Hồ Ayun Hạ,zooplankton,2022-11,M5,Lecane bulla (Gosse),800.0,,Lecane bulla,1002248.0,exact
AH_PL,Hồ Ayun Hạ,zooplankton,2022-11,M9,Lecane bulla (Gosse),1800.0,,Lecane bulla,1002248.0,exact
AH_PL,Hồ Ayun Hạ,zooplankton,2022-11,M11,Lecane bulla (Gosse),600.0,,Lecane bulla,1002248.0,exact
AH_PL,Hồ Ayun Hạ,zooplankton,2022-11,M9,Lecane luna (Müller),-1.0,,Lecane luna,1002436.0,exact
AH_PL,Hồ Ayun Hạ,zooplankton,2022-11,M9,Lecane papuana (Murray),600.0,,Lecane papuana,1002308.0,exact
AH_PL,Hồ Ayun Hạ,zooplankton,2022-11,M6,Ploesoma hudsoni (Imhof),6000.0,,Ploesoma hudsoni,1003138.0,exact
AH_PL,Hồ Ayun Hạ,zooplankton,2022-11,M9,Polyarthra vulgaris Carlin,-1.0,,Polyarthra vulgaris,1003112.0,exact
AH_PL,Hồ Ayun Hạ,zooplankton,2022-11,M1,Trichocerca capucina (Wierzejski & Zacharias),9000.0,,Trichocerca capucina,1002008.0,exact
AH_PL,Hồ Ayun Hạ,zooplankton,2022-11,M2,Trichocerca capucina (Wierzejski & Zacharias),3000.0,,Trichocerca capucina,1002008.0,exact
AH_PL,Hồ Ayun Hạ,zooplankton,2022-11,M4,Trichocerca capucina (Wierzejski & Zacharias),3000.0,,Trichocerca capucina,1002008.0,exact
AH_PL,Hồ Ayun Hạ,zooplankton,2022-11,M5,Trichocerca capucina (Wierzejski & Zacharias),1000.0,,Trichocerca capucina,1002008.0,exact
AH_PL,Hồ Ayun Hạ,zooplankton,2022-11,M6,Trichocerca capucina (Wierzejski & Zacharias),3000.0,,Trichocerca capucina,1002008.0,exact
AH_PL,Hồ Ayun Hạ,zooplankton,2022-11,M7,Trichocerca capucina (Wierzejski & Zacharias),5000.0,,Trichocerca capucina,1002008.0,exact
AH_PL,Hồ Ayun Hạ,zooplankton,2022-11,M8,Trichocerca capucina (Wierzejski & Zacharias),200.0,,Trichocerca capucina,1002008.0,exact
AH_PL,Hồ Ayun Hạ,zooplankton,2022-11,M9,Trichocerca capucina (Wierzejski & Zacharias),3000.0,,Trichocerca capucina,1002008.0,exact
AH_PL,Hồ Ayun Hạ,zooplankton,2022-11,M10,Trichocerca capucina (Wierzejski & Zacharias),800.0,,Trichocerca capucina,1002008.0,exact
AH_PL,Hồ Ayun Hạ,zooplankton,2022-11,M11,Trichocerca capucina (Wierzejski & Zacharias),3000.0,,Trichocerca capucina,1002008.0,exact
AH_PL,Hồ Ayun Hạ,zooplankton,2022-11,M2,Trichocerca cylindrica Lamark,6000.0,,Trichocerca cylindrica,1002016.0,exact
AH_PL,Hồ Ayun Hạ,zooplankton,2022-11,M3,Trichocerca cylindrica Lamark,600.0,,Trichocerca cylindrica,1002016.0,exact
AH_PL,Hồ Ayun Hạ,zooplankton,2022-11,M4,Trichocerca cylindrica Lamark,600.0,,Trichocerca cylindrica,1002016.0,exact
AH_PL,Hồ Ayun Hạ,zooplankton,2022-11,M6,Trichocerca cylindrica Lamark,3000.0,,Trichocerca cylindrica,1002016.0,exact
AH_PL,Hồ Ayun Hạ,zooplankton,2022-11,M9,Trichocerca cylindrica Lamark,3000.0,,Trichocerca cylindrica,1002016.0,exact
AH_PL,Hồ Ayun Hạ,zooplankton,2022-11,M3,Trichocerca pusilla (Jennings),600.0,,Trichocerca pusilla,1001955.0,exact
AH_PL,Hồ Ayun Hạ,zooplankton,2022-11,M6,Trichocerca pusilla (Jennings),600.0,,Trichocerca pusilla,1001955.0,exact
AH_PL,Hồ Ayun Hạ,zooplankton,2022-11,M7,Trichocerca pusilla (Jennings),2500.0,,Trichocerca pusilla,1001955.0,exact
AH_PL,Hồ Ayun Hạ,zooplankton,2022-11,M1,Trichocerca similis Wierzejski,3000.0,,Trichocerca similis,1002086.0,exact
AH_PL,Hồ Ayun Hạ,zooplankton,2022-11,M3,Trichocerca similis Wierzejski,1200.0,,Trichocerca similis,1002086.0,exact
AH_PL,Hồ Ayun Hạ,zooplankton,2022-11,M4,Trichocerca similis Wierzejski,3000.0,,Trichocerca similis,1002086.0,exact
AH_PL,Hồ Ayun Hạ,zooplankton,2022-11,M7,Trichocerca similis Wierzejski,500.0,,Trichocerca similis,1002086.0,exact
AH_PL,Hồ Ayun Hạ,zooplankton,2022-11,M8,Trichocerca similis Wierzejski,4000.0,,Trichocerca similis,1002086.0,exact
AH_PL,Hồ Ayun Hạ,zooplankton,2022-11,M9,Trichocerca similis Wierzejski,6000.0,,Trichocerca similis,1002086.0,exact
AH_PL,Hồ Ayun Hạ,zooplankton,2022-11,M10,Trichocerca similis Wierzejski,2000.0,,Trichocerca similis,1002086.0,exact
AH_PL,Hồ Ayun Hạ,zooplankton,2022-11,M11,Trichocerca similis Wierzejski,12000.0,,Trichocerca similis,1002086.0,exact
AH_PL,Hồ Ayun Hạ,zooplankton,2022-11,M1,Bosminopsis deitersi Richard,9000.0,,Bosminopsis deitersi,2234688.0,exact
AH_PL,Hồ Ayun Hạ,zooplankton,2022-11,M2,Bosminopsis deitersi Richard,24000.0,,Bosminopsis deitersi,2234688.0,exact
AH_PL,Hồ Ayun Hạ,zooplankton,2022-11,M3,Bosminopsis deitersi Richard,1800.0,,Bosminopsis deitersi,2234688.0,exact
AH_PL,Hồ Ayun Hạ,zooplankton,2022-11,M4,Bosminopsis deitersi Richard,9000.0,,Bosminopsis deitersi,2234688.0,exact
AH_PL,Hồ Ayun Hạ,zooplankton,2022-11,M5,Bosminopsis deitersi Richard,2500.0,,Bosminopsis deitersi,2234688.0,exact
AH_PL,Hồ Ayun Hạ,zooplankton,2022-11,M6,Bosminopsis deitersi Richard,27000.0,,Bosminopsis deitersi,2234688.0,exact
AH_PL,Hồ Ayun Hạ,zooplankton,2022-11,M7,Bosminopsis deitersi Richard,12500.0,,Bosminopsis deitersi,2234688.0,exact
AH_PL,Hồ Ayun Hạ,zooplankton,2022-11,M8,Bosminopsis deitersi Richard,2000.0,,Bosminopsis deitersi,2234688.0,exact
AH_PL,Hồ Ayun Hạ,zooplankton,2022-11,M9,Bosminopsis deitersi Richard,12000.0,,Bosminopsis deitersi,2234688.0,exact
AH_PL,Hồ Ayun Hạ,zooplankton,2022-11,M10,Bosminopsis deitersi Richard,2000.0,,Bosminopsis deitersi,2234688.0,exact
AH_PL,Hồ Ayun Hạ,zooplankton,2022-11,M11,Bosminopsis deitersi Richard,33000.0,,Bosminopsis deitersi,2234688.0,exact
AH_PL,Hồ Ayun Hạ,zooplankton,2022-11,M1,Bosmina longirostris (O.F. Müller),33000.0,,Bosmina longirostris,2234694.0,exact
AH_PL,Hồ Ayun Hạ,zooplankton,2022-11,M2,Bosmina longirostris (O.F. Müller),9000.0,,Bosmina longirostris,2234694.0,exact
AH_PL,Hồ Ayun Hạ,zooplankton,2022-11,M3,Bosmina longirostris (O.F. Müller),7200.0,,Bosmina longirostris,2234694.0,exact
AH_PL,Hồ Ayun Hạ,zooplankton,2022-11,M4,Bosmina longirostris (O.F. Müller),69000.0,,Bosmina longirostris,2234694.0,exact
AH_PL,Hồ Ayun Hạ,zooplankton,2022-11,M5,Bosmina longirostris (O.F. Müller),5000.0,,Bosmina longirostris,2234694.0,exact
AH_PL,Hồ Ayun Hạ,zooplankton,2022-11,M7,Bosmina longirostris (O.F. Müller),12500.0,,Bosmina longirostris,2234694.0,exact
AH_PL,Hồ Ayun Hạ,zooplankton,2022-11,M8,Bosmina longirostris (O.F. Müller),8000.0,,Bosmina longirostris,2234694.0,exact
AH_PL,Hồ Ayun Hạ,zooplankton,2022-11,M9,Bosmina longirostris (O.F. Müller),9000.0,,Bosmina longirostris,2234694.0,exact
AH_PL,Hồ Ayun Hạ,zooplankton,2022-11,M10,Bosmina longirostris (O.F. Müller),2000.0,,Bosmina longirostris,2234694.0,exact
AH_PL,Hồ Ayun Hạ,zooplankton,2022-11,M11,Bosmina longirostris (O.F. Müller),-1.0,,Bosmina longirostris,2234694.0,exact
AH_PL,Hồ Ayun Hạ,zooplankton,2022-11,M6,Picripleuroxus similis (Vávra),600.0,,Picripleuroxus similis,7764950.0,exact
AH_PL,Hồ Ayun Hạ,zooplankton,2022-11,M1,Ceriodaphnia rigaudii Richard,12000.0,,Ceriodaphnia rigaudii,2234856.0,fuzzy
AH_PL,Hồ Ayun Hạ,zooplankton,2022-11,M2,Ceriodaphnia rigaudii Richard,60000.0,,Ceriodaphnia rigaudii,2234856.0,fuzzy
AH_PL,Hồ Ayun Hạ,zooplankton,2022-11,M3,Ceriodaphnia rigaudii Richard,6000.0,,Ceriodaphnia rigaudii,2234856.0,fuzzy
AH_PL,Hồ Ayun Hạ,zooplankton,2022-11,M4,Ceriodaphnia rigaudii Richard,30000.0,,Ceriodaphnia rigaudii,2234856.0,fuzzy
AH_PL,Hồ Ayun Hạ,zooplankton,2022-11,M6,Ceriodaphnia rigaudii Richard,6000.0,,Ceriodaphnia rigaudii,2234856.0,fuzzy
AH_PL,Hồ Ayun Hạ,zooplankton,2022-11,M7,Ceriodaphnia rigaudii Richard,7500.0,,Ceriodaphnia rigaudii,2234856.0,fuzzy
AH_PL,Hồ Ayun Hạ,zooplankton,2022-11,M8,Ceriodaphnia rigaudii Richard,2000.0,,Ceriodaphnia rigaudii,2234856.0,fuzzy
AH_PL,Hồ Ayun Hạ,zooplankton,2022-11,M10,Ceriodaphnia rigaudii Richard,10000.0,,Ceriodaphnia rigaudii,2234856.0,fuzzy
AH_PL,Hồ Ayun Hạ,zooplankton,2022-11,M9,Macrothrix triserialis Brady,-1.0,,Macrothrix triserialis,4667984.0,exact
AH_PL,Hồ Ayun Hạ,zooplankton,2022-11,M1,Moina macrocopa (Straus),3000.0,,Moina macrocopa,2234757.0,exact
AH_PL,Hồ Ayun Hạ,zooplankton,2022-11,M2,Moina macrocopa (Straus),6000.0,,Moina macrocopa,2234757.0,exact
AH_PL,Hồ Ayun Hạ,zooplankton,2022-11,M3,Moina macrocopa (Straus),-1.0,,Moina macrocopa,2234757.0,exact
AH_PL,Hồ Ayun Hạ,zooplankton,2022-11,M4,Moina macrocopa (Straus),12000.0,,Moina macrocopa,2234757.0,exact
AH_PL,Hồ Ayun Hạ,zooplankton,2022-11,M8,Moina macrocopa (Straus),2000.0,,Moina macrocopa,2234757.0,exact
AH_PL,Hồ Ayun Hạ,zooplankton,2022-11,M9,Moina macrocopa (Straus),6000.0,,Moina macrocopa,2234757.0,exact
AH_PL,Hồ Ayun Hạ,zooplankton,2022-11,M10,Moina macrocopa (Straus),400.0,,Moina macrocopa,2234757.0,exact
AH_PL,Hồ Ayun Hạ,zooplankton,2022-11,M11,Moina macrocopa (Straus),-1.0,,Moina macrocopa,2234757.0,exact
AH_PL,Hồ Ayun Hạ,zooplankton,2022-11,M2,Heliodiaptomus sp.,-1.0,,Heliodiaptomus sp.,4332324.0,exact
AH_PL,Hồ Ayun Hạ,zooplankton,2022-11,M3,Heliodiaptomus sp.,-1.0,,Heliodiaptomus sp.,4332324.0,exact
AH_PL,Hồ Ayun Hạ,zooplankton,2022-11,M7,Heliodiaptomus sp.,-1.0,,Heliodiaptomus sp.,4332324.0,exact
AH_PL,Hồ Ayun Hạ,zooplankton,2022-11,M8,Heliodiaptomus sp.,-1.0,,Heliodiaptomus sp.,4332324.0,exact
AH_PL,Hồ Ayun Hạ,zooplankton,2022-11,M9,Heliodiaptomus sp.,4000.0,,Heliodiaptomus sp.,4332324.0,exact
AH_PL,Hồ Ayun Hạ,zooplankton,2022-11,M11,Heliodiaptomus sp.,-1.0,,Heliodiaptomus sp.,4332324.0,exact
AH_PL,Hồ Ayun Hạ,zooplankton,2022-11,M4,Pseudodiaptomus sp.,600.0,,Pseudodiaptomus sp.,2114761.0,exact
AH_PL,Hồ Ayun Hạ,zooplankton,2022-11,M5,Pseudodiaptomus sp.,1000.0,,Pseudodiaptomus sp.,2114761.0,exact
AH_PL,Hồ Ayun Hạ,zooplankton,2022-11,M10,Pseudodiaptomus sp.,2000.0,,Pseudodiaptomus sp.,2114761.0,exact
AH_PL,Hồ Ayun Hạ,zooplankton,2022-11,M11,Pseudodiaptomus sp.,600.0,,Pseudodiaptomus sp.,2114761.0,exact
AH_PL,Hồ Ayun Hạ,zooplankton,2022-11,M1,Mesocyclops leukarti (Claus),-1.0,,Mesocyclops leukarti,2116955.0,exact
AH_PL,Hồ Ayun Hạ,zooplankton,2022-11,M1,Microcyclops varicans Sars,27000.0,,Microcyclops varicans,2116917.0,exact
AH_PL,Hồ Ayun Hạ,zooplankton,2022-11,M2,Microcyclops varicans Sars,210000.0,,Microcyclops varicans,2116917.0,exact
AH_PL,Hồ Ayun Hạ,zooplankton,2022-11,M3,Microcyclops varicans Sars,27200.0,,Microcyclops varicans,2116917.0,exact
AH_PL,Hồ Ayun Hạ,zooplankton,2022-11,M4,Microcyclops varicans Sars,63100.0,,Microcyclops varicans,2116917.0,exact
AH_PL,Hồ Ayun Hạ,zooplankton,2022-11,M5,Microcyclops varicans Sars,15000.0,,Microcyclops varicans,2116917.0,exact
AH_PL,Hồ Ayun Hạ,zooplankton,2022-11,M6,Microcyclops varicans Sars,48000.0,,Microcyclops varicans,2116917.0,exact
AH_PL,Hồ Ayun Hạ,zooplankton,2022-11,M7,Microcyclops varicans Sars,12000.0,,Microcyclops varicans,2116917.0,exact
AH_PL,Hồ Ayun Hạ,zooplankton,2022-11,M8,Microcyclops varicans Sars,25000.0,,Microcyclops varicans,2116917.0,exact
AH_PL,Hồ Ayun Hạ,zooplankton,2022-11,M9,Microcyclops varicans Sars,39000.0,,Microcyclops varicans,2116917.0,exact
AH_PL,Hồ Ayun Hạ,zooplankton,2022-11,M10,Microcyclops varicans Sars,8000.0,,Microcyclops varicans,2116917.0,exact
AH_PL,Hồ Ayun Hạ,zooplankton,2022-11,M11,Microcyclops varicans Sars,14000.0,,Microcyclops varicans,2116917.0,exact
AH_PL,Hồ Ayun Hạ,zooplankton,2022-11,M7,Heterocypris anomala Klie,-1.0,,Heterocypris anomala,1029111.0,higherrank
AH_PL,Hồ Ayun Hạ,zooplankton,2022-11,M8,Heterocypris anomala Klie,200.0,,Heterocypris anomala,1029111.0,higherrank
AH_PL,Hồ Ayun Hạ,zooplankton,2022-11,M9,Heterocypris anomala Klie,-1.0,,Heterocypris anomala,1029111.0,higherrank
AH_PL,Hồ Ayun Hạ,zooplankton,2022-11,M1,Bivalvia,2500.0,,Bivalvia,137.0,exact
AH_PL,Hồ Ayun Hạ,zooplankton,2022-11,M2,Bivalvia,7600.0,,Bivalvia,137.0,exact
AH_PL,Hồ Ayun Hạ,zooplankton,2022-11,M3,Bivalvia,4800.0,,Bivalvia,137.0,exact
AH_PL,Hồ Ayun Hạ,zooplankton,2022-11,M4,Bivalvia,9200.0,,Bivalvia,137.0,exact
AH_PL,Hồ Ayun Hạ,zooplankton,2022-11,M5,Bivalvia,8500.0,,Bivalvia,137.0,exact
AH_PL,Hồ Ayun Hạ,zooplankton,2022-11,M6,Bivalvia,3600.0,,Bivalvia,137.0,exact
AH_PL,Hồ Ayun Hạ,zooplankton,2022-11,M7,Bivalvia,-1.0,,Bivalvia,137.0,exact
AH_PL,Hồ Ayun Hạ,zooplankton,2022-11,M8,Bivalvia,8800.0,,Bivalvia,137.0,exact
AH_PL,Hồ Ayun Hạ,zooplankton,2022-11,M9,Bivalvia,650.0,,Bivalvia,137.0,exact
AH_PL,Hồ Ayun Hạ,zooplankton,2022-11,M10,Bivalvia,18200.0,,Bivalvia,137.0,exact
AH_PL,Hồ Ayun Hạ,zooplankton,2022-11,M11,Bivalvia,3800.0,,Bivalvia,137.0,exact
AH_PL,Hồ Ayun Hạ,zooplankton,2022-11,M1,Copepoda nauplius,15500.0,,Copepoda,11545536.0,exact
AH_PL,Hồ Ayun Hạ,zooplankton,2022-11,M2,Copepoda nauplius,54000.0,,Copepoda,11545536.0,exact
AH_PL,Hồ Ayun Hạ,zooplankton,2022-11,M3,Copepoda nauplius,35400.0,,Copepoda,11545536.0,exact
AH_PL,Hồ Ayun Hạ,zooplankton,2022-11,M4,Copepoda nauplius,89000.0,,Copepoda,11545536.0,exact
AH_PL,Hồ Ayun Hạ,zooplankton,2022-11,M5,Copepoda nauplius,132500.0,,Copepoda,11545536.0,exact
AH_PL,Hồ Ayun Hạ,zooplankton,2022-11,M6,Copepoda nauplius,143000.0,,Copepoda,11545536.0,exact
AH_PL,Hồ Ayun Hạ,zooplankton,2022-11,M7,Copepoda nauplius,55000.0,,Copepoda,11545536.0,exact
AH_PL,Hồ Ayun Hạ,zooplankton,2022-11,M8,Copepoda nauplius,12700.0,,Copepoda,11545536.0,exact
AH_PL,Hồ Ayun Hạ,zooplankton,2022-11,M9,Copepoda nauplius,120000.0,,Copepoda,11545536.0,exact
AH_PL,Hồ Ayun Hạ,zooplankton,2022-11,M10,Copepoda nauplius,13000.0,,Copepoda,11545536.0,exact
AH_PL,Hồ Ayun Hạ,zooplankton,2022-11,M11,Copepoda nauplius,51300.0,,Copepoda,11545536.0,exact
