source,waterbody,group,idx,raw_name,vn_name,canonical,genus,authorship,year,is_morphospecies,is_higher_taxon,symbols,name_notes,src_phylum,src_class,src_order,src_family,status,extra,campaigns,n_sites_marked,n_sites_present,gbif_key,gbif_name,gbif_rank,gbif_status,gbif_accepted,gbif_match,gbif_confidence,gbif_pass,gbif_kingdom,gbif_phylum,gbif_class,gbif_order,gbif_family,gbif_genus,family_agrees,family_similarity
AH_TVN,Hồ Ayun Hạ,phytoplankton,1,"Microcystis aeruginosa (Kützing) Kützing, 1846",,Microcystis aeruginosa,Microcystis,"(Kützing) Kützing, 1846",1846.0,False,False,,diacritic_in_latin,CYANOPHYTA,Cyanophyceae,Chroococcales,Microcystaceae,{},,,10,10,11959609,Microcystis aeruginosa,SPECIES,ACCEPTED,,exact,97,1,Bacteria,Cyanobacteria,Cyanobacteriia,Cyanobacteriales,Microcystaceae,Microcystis,True,1.0
AH_TVN,Hồ Ayun Hạ,phytoplankton,2,"Microcystis wesenbergii (Komárek) Komárek ex Komárek, 2006",,Microcystis wesenbergii,Microcystis,"(Komárek) Komárek ex Komárek, 2006",2006.0,False,False,,diacritic_in_latin,CYANOPHYTA,Cyanophyceae,Chroococcales,Microcystaceae,{},,,10,10,5426741,Microcystis wesenbergii,SPECIES,ACCEPTED,,exact,99,1,Bacteria,Cyanobacteria,Cyanobacteriia,Cyanobacteriales,Microcystaceae,Microcystis,True,1.0
AH_TVN,Hồ Ayun Hạ,phytoplankton,3,"Oscillatoria princeps Vaucher ex Gomont, 1892",,Oscillatoria princeps,Oscillatoria,"Vaucher ex Gomont, 1892",1892.0,False,False,,,CYANOPHYTA,Cyanophyceae,Oscillatoriales,Oscillatoriaceae,{},,,10,10,3218836,Oscillatoria princeps,SPECIES,ACCEPTED,,exact,97,1,Bacteria,Cyanobacteria,Cyanobacteriia,Cyanobacteriales,Oscillatoriaceae,Oscillatoria,True,1.0
AH_TVN,Hồ Ayun Hạ,phytoplankton,4,Oscillatoria sp.,,Oscillatoria sp.,Oscillatoria,,,True,False,,,CYANOPHYTA,Cyanophyceae,Oscillatoriales,Oscillatoriaceae,{},,,10,1,7679569,Oscillatoria,GENUS,ACCEPTED,,exact,95,1,Bacteria,Cyanobacteria,Cyanobacteriia,Cyanobacteriales,Oscillatoriaceae,Oscillatoria,True,1.0
AH_TVN,Hồ Ayun Hạ,phytoplankton,5,"Anabaena spiroides Klebahn, 1895",,Anabaena spiroides,Anabaena,"Klebahn, 1895",1895.0,False,False,,,CYANOPHYTA,Cyanophyceae,Nostocales,Nostocaceae,{},,,10,10,5427219,Anabaena spiroides,SPECIES,SYNONYM,Dolichospermum spiroides,synonym,98,1,Bacteria,Cyanobacteria,Cyanobacteriia,Cyanobacteriales,Nostocaceae,Dolichospermum,True,1.0
AH_TVN,Hồ Ayun Hạ,phytoplankton,6,"Pseudanabaena mucicola (Naumann & Huber- Pestalozzi) Schwabe, 1964",,Pseudanabaena mucicola,Pseudanabaena,"(Naumann & Huber- Pestalozzi) Schwabe, 1964",1964.0,False,False,,,CYANOPHYTA,Cyanophyceae,Synechococcales,Pseudanabaenaceae,{},,,10,10,3218049,Pseudanabaena mucicola,SPECIES,ACCEPTED,,exact,97,1,Bacteria,Cyanobacteria,Cyanobacteriia,Pseudanabaenales,Pseudanabaenaceae,Pseudanabaena,True,1.0
AH_TVN,Hồ Ayun Hạ,phytoplankton,7,"Dinobryon sertularia Ehrenberg, 1834",,Dinobryon sertularia,Dinobryon,"Ehrenberg, 1834",1834.0,False,False,,,OCHROPHYTA,Chrysophyceae,Chromulinales,Dinobryaceae,{},,,10,1,3194959,Dinobryon sertularia,SPECIES,ACCEPTED,,exact,99,1,Chromista,Ochrophyta,Chrysophyceae,Chromulinales,Dinobryaceae,Dinobryon,True,1.0
AH_TVN,Hồ Ayun Hạ,phytoplankton,8,"Gomphonema augur Ehrenberg, 1841",,Gomphonema augur,Gomphonema,"Ehrenberg, 1841",1841.0,False,False,,,BACILLARIOPHYTA,Bacillariophyceae,Cymbellales,Gomphonemataceae,{},,,10,1,8170732,Gomphonema augur,SPECIES,ACCEPTED,,exact,99,1,Chromista,Ochrophyta,Bacillariophyceae,Cymbellales,Gomphonemataceae,Gomphonema,True,1.0
AH_TVN,Hồ Ayun Hạ,phytoplankton,9,"Synedra acus Kützing, 1844",,Synedra acus,Synedra,"Kützing, 1844",1844.0,False,False,,diacritic_in_latin,BACILLARIOPHYTA,Bacillariophyceae,Fragilariales,Fragilariaceae,{},,,10,9,9471011,Synedra acus,SPECIES,ACCEPTED,,exact,97,1,Chromista,Ochrophyta,Bacillariophyceae,Fragilariales,Fragilariaceae,Synedra,True,1.0
AH_TVN,Hồ Ayun Hạ,phytoplankton,10,"Synedra ulna (Nitzsch) Ehrenberg, 1832",,Synedra ulna,Synedra,"(Nitzsch) Ehrenberg, 1832",1832.0,False,False,,,BACILLARIOPHYTA,Bacillariophyceae,Fragilariales,Fragilariaceae,{},,,10,10,3192457,Synedra ulna,SPECIES,ACCEPTED,,exact,98,1,Chromista,Ochrophyta,Bacillariophyceae,Fragilariales,Fragilariaceae,Synedra,True,1.0
AH_TVN,Hồ Ayun Hạ,phytoplankton,11,"Surirella robusta Ehrenberg, 1841",,Surirella robusta,Surirella,"Ehrenberg, 1841",1841.0,False,False,,,BACILLARIOPHYTA,Bacillariophyceae,Surirellales,Surirellaceae,{},,,10,1,7843496,Surirella robusta,SPECIES,ACCEPTED,,exact,99,1,Chromista,Ochrophyta,Bacillariophyceae,Surirellales,Surirellaceae,Surirella,True,1.0
AH_TVN,Hồ Ayun Hạ,phytoplankton,12,"Melosira granulata (Ehrenberg) Ralfs, 1861",,Melosira granulata,Melosira,"(Ehrenberg) Ralfs, 1861",1861.0,False,False,,,BACILLARIOPHYTA,Mediophyceae,Thalassiosirales,Melosiraceae,{},,,10,10,9501075,Melosira granulata,SPECIES,ACCEPTED,,exact,97,1,Chromista,Ochrophyta,Bacillariophyceae,Melosirales,Melosiraceae,Melosira,True,1.0
AH_TVN,Hồ Ayun Hạ,phytoplankton,13,"Sphaerocystis schroeteri Chodat, 1897",,Sphaerocystis schroeteri,Sphaerocystis,"Chodat, 1897",1897.0,False,False,,,CHLOROPHYTA,Chlorophyceae,Chlamydomonadales,Sphaerocystidaceae,{},,,10,10,5271438,Sphaerocystis schroeteri,SPECIES,ACCEPTED,,exact,99,1,Plantae,Chlorophyta,Chlorophyceae,Tetrasporales,Sphaerocystidaceae,Sphaerocystis,True,1.0
AH_TVN,Hồ Ayun Hạ,phytoplankton,14,"Eudorina elegans Ehrenberg, 1832",,Eudorina elegans,Eudorina,"Ehrenberg, 1832",1832.0,False,False,,,CHLOROPHYTA,Chlorophyceae,Chlamydomonadales,Volvocaceae,{},,,10,6,5271384,Eudorina elegans,SPECIES,ACCEPTED,,exact,97,1,Plantae,Chlorophyta,Chlorophyceae,Volvocales,Volvocaceae,Eudorina,True,1.0
AH_TVN,Hồ Ayun Hạ,phytoplankton,15,"Pandorina morum (O.F.Müller) Bory, 1826",,Pandorina morum,Pandorina,"(O.F.Müller) Bory, 1826",1826.0,False,False,,diacritic_in_latin,CHLOROPHYTA,Chlorophyceae,Chlamydomonadales,Volvocaceae,{},,,10,1,5271376,Pandorina morum,SPECIES,ACCEPTED,,exact,99,1,Plantae,Chlorophyta,Chlorophyceae,Volvocales,Volvocaceae,Pandorina,True,1.0
AH_TVN,Hồ Ayun Hạ,phytoplankton,16,"Pediastrum duplex Meyen, 1829",,Pediastrum duplex,Pediastrum,"Meyen, 1829",1829.0,False,False,,,CHLOROPHYTA,Chlorophyceae,Sphaeropleales,Hydrodictyaceae,{},,,10,10,2641920,Pediastrum duplex,SPECIES,ACCEPTED,,exact,99,1,Plantae,Chlorophyta,Chlorophyceae,Sphaeropleales,Hydrodictyaceae,Pediastrum,True,1.0
AH_TVN,Hồ Ayun Hạ,phytoplankton,17,"Pediastrum simplex Meyen, 1829",,Pediastrum simplex,Pediastrum,"Meyen, 1829",1829.0,False,False,,,CHLOROPHYTA,Chlorophyceae,Sphaeropleales,Hydrodictyaceae,{},,,10,10,2641899,Pediastrum simplex,SPECIES,SYNONYM,Monactinus simplex,synonym,98,1,Plantae,Chlorophyta,Chlorophyceae,Sphaeropleales,Hydrodictyaceae,Monactinus,True,1.0
AH_TVN,Hồ Ayun Hạ,phytoplankton,18,"Pediastrum tetras (Ehrenberg) Ralfs, 1844",,Pediastrum tetras,Pediastrum,"(Ehrenberg) Ralfs, 1844",1844.0,False,False,,,CHLOROPHYTA,Chlorophyceae,Sphaeropleales,Hydrodictyaceae,{},,,10,10,2641911,Pediastrum tetras,SPECIES,SYNONYM,Stauridium tetras,synonym,98,1,Plantae,Chlorophyta,Chlorophyceae,Sphaeropleales,Hydrodictyaceae,Stauridium,True,1.0
AH_TVN,Hồ Ayun Hạ,phytoplankton,19,"Tetraedron gracile (Reinsch) Hansgirg, 1889",,Tetraedron gracile,Tetraedron,"(Reinsch) Hansgirg, 1889",1889.0,False,False,,,CHLOROPHYTA,Chlorophyceae,Sphaeropleales,Hydrodictyaceae,{},,,10,7,10535837,Tetraedron gracile,SPECIES,ACCEPTED,,exact,99,1,Plantae,Chlorophyta,Chlorophyceae,Sphaeropleales,Hydrodictyaceae,Tetraedron,True,1.0
AH_TVN,Hồ Ayun Hạ,phytoplankton,20,"Tetraëdron regulare Kützing, 1845",,Tetraedron regulare,Tetraedron,"Kützing, 1845",1845.0,False,False,,diacritic_in_latin,CHLOROPHYTA,Chlorophyceae,Sphaeropleales,Hydrodictyaceae,{},,,10,2,10604751,Tetraedron regulare,SPECIES,ACCEPTED,,exact,100,2,Plantae,Chlorophyta,Chlorophyceae,Sphaeropleales,Hydrodictyaceae,Tetraedron,True,1.0
AH_TVN,Hồ Ayun Hạ,phytoplankton,21,"Tetraedron trigonum Hansgirg, 1888",,Tetraedron trigonum,Tetraedron,"Hansgirg, 1888",1888.0,False,False,,,CHLOROPHYTA,Chlorophyceae,Sphaeropleales,Hydrodictyaceae,{},,,10,7,2642391,Tetraedron trigonum,SPECIES,ACCEPTED,,exact,100,2,Plantae,Chlorophyta,Chlorophyceae,Sphaeropleales,Hydrodictyaceae,Tetraedron,True,1.0
AH_TVN,Hồ Ayun Hạ,phytoplankton,22,"Coelastrum cambricum W.Archer, 1868",,Coelastrum cambricum,Coelastrum,"W.Archer, 1868",1868.0,False,False,,,CHLOROPHYTA,Chlorophyceae,Sphaeropleales,Scenedesmaceae,{},,,10,1,2640987,Coelastrum cambricum,SPECIES,ACCEPTED,,exact,99,1,Plantae,Chlorophyta,Chlorophyceae,Sphaeropleales,Scenedesmaceae,Coelastrum,True,1.0
AH_TVN,Hồ Ayun Hạ,phytoplankton,23,"Coelastrum microsporum Nägeli, 1849",,Coelastrum microsporum,Coelastrum,"Nägeli, 1849",1849.0,False,False,,diacritic_in_latin,CHLOROPHYTA,Chlorophyceae,Sphaeropleales,Scenedesmaceae,{},,,10,10,2640979,Coelastrum microporum,SPECIES,ACCEPTED,,fuzzy,95,1,Plantae,Chlorophyta,Chlorophyceae,Sphaeropleales,Scenedesmaceae,Coelastrum,True,1.0
AH_TVN,Hồ Ayun Hạ,phytoplankton,24,"Dimorphococcus lunatus A.Braun, 1855",,Dimorphococcus lunatus,Dimorphococcus,"A.Braun, 1855",1855.0,False,False,,,CHLOROPHYTA,Chlorophyceae,Sphaeropleales,Scenedesmaceae,{},,,10,2,2642013,Dimorphococcus lunatus,SPECIES,ACCEPTED,,exact,99,1,Plantae,Chlorophyta,Chlorophyceae,Sphaeropleales,Scenedesmaceae,Dimorphococcus,True,1.0
AH_TVN,Hồ Ayun Hạ,phytoplankton,25,"Scenedesmus acuminatus (Lagerheim) Chodat, 1902",,Scenedesmus acuminatus,Scenedesmus,"(Lagerheim) Chodat, 1902",1902.0,False,False,,,CHLOROPHYTA,Chlorophyceae,Sphaeropleales,Scenedesmaceae,{},,,10,3,2640873,Scenedesmus acuminatus,SPECIES,SYNONYM,Tetradesmus lagerheimii,synonym,98,1,Plantae,Chlorophyta,Chlorophyceae,Sphaeropleales,Scenedesmaceae,Tetradesmus,True,1.0
AH_TVN,Hồ Ayun Hạ,phytoplankton,26,"Scenedesmus bicaudatus Dedusenko, 1925",,Scenedesmus bicaudatus,Scenedesmus,"Dedusenko, 1925",1925.0,False,False,,,CHLOROPHYTA,Chlorophyceae,Sphaeropleales,Scenedesmaceae,{},,,10,1,2652440,Desmodesmus,GENUS,ACCEPTED,,higherrank,97,1,Plantae,Chlorophyta,Chlorophyceae,Sphaeropleales,Scenedesmaceae,Desmodesmus,True,1.0
AH_TVN,Hồ Ayun Hạ,phytoplankton,27,"Scenedesmus quadricauda (Turpin) Brébisson, 1835",,Scenedesmus quadricauda,Scenedesmus,"(Turpin) Brébisson, 1835",1835.0,False,False,,diacritic_in_latin,CHLOROPHYTA,Chlorophyceae,Sphaeropleales,Scenedesmaceae,{},,,10,9,7711060,Scenedesmus quadricauda,SPECIES,ACCEPTED,,exact,97,1,Plantae,Chlorophyta,Chlorophyceae,Sphaeropleales,Scenedesmaceae,Scenedesmus,True,1.0
AH_TVN,Hồ Ayun Hạ,phytoplankton,28,"Tetrallantos lagerheimii Teiling, 1916",,Tetrallantos lagerheimii,Tetrallantos,"Teiling, 1916",1916.0,False,False,,,CHLOROPHYTA,Chlorophyceae,Sphaeropleales,Scenedesmaceae,{},,,10,2,2641008,Tetrallantos lagerheimii,SPECIES,ACCEPTED,,exact,99,1,Plantae,Chlorophyta,Chlorophyceae,Sphaeropleales,Scenedesmaceae,Tetrallantos,True,1.0
AH_TVN,Hồ Ayun Hạ,phytoplankton,29,"Ankistrodesmus arcuatus Korshikov, 1953",,Ankistrodesmus arcuatus,Ankistrodesmus,"Korshikov, 1953",1953.0,False,False,,,CHLOROPHYTA,Chlorophyceae,Sphaeropleales,Selenastraceae,{},,,10,5,2641579,Ankistrodesmus arcuatus,SPECIES,SYNONYM,Ankistrodesmus,synonym,98,1,Plantae,Chlorophyta,Chlorophyceae,Sphaeropleales,Selenastraceae,Ankistrodesmus,True,1.0
AH_TVN,Hồ Ayun Hạ,phytoplankton,30,"Ankistrodesmus bibraianus (Reinsch) Korshikov, 1953",,Ankistrodesmus bibraianus,Ankistrodesmus,"(Reinsch) Korshikov, 1953",1953.0,False,False,,,CHLOROPHYTA,Chlorophyceae,Sphaeropleales,Selenastraceae,{},,,10,9,2641191,Ankistrodesmus bibraianus,SPECIES,SYNONYM,Selenastrum bibraianum,synonym,98,1,Plantae,Chlorophyta,Chlorophyceae,Sphaeropleales,Selenastraceae,Selenastrum,True,1.0
AH_TVN,Hồ Ayun Hạ,phytoplankton,31,"Ankistrodesmus falcatus (Corda) Ralfs, 1848",,Ankistrodesmus falcatus,Ankistrodesmus,"(Corda) Ralfs, 1848",1848.0,False,False,,,CHLOROPHYTA,Chlorophyceae,Sphaeropleales,Selenastraceae,{},,,10,3,2638584,Ankistrodesmus falcatus,SPECIES,ACCEPTED,,exact,99,1,Plantae,Chlorophyta,Chlorophyceae,Sphaeropleales,Selenastraceae,Ankistrodesmus,True,1.0
AH_TVN,Hồ Ayun Hạ,phytoplankton,32,"Ankistrodesmus fusiformis Corda, 1838",,Ankistrodesmus fusiformis,Ankistrodesmus,"Corda, 1838",1838.0,False,False,,,CHLOROPHYTA,Chlorophyceae,Sphaeropleales,Selenastraceae,{},,,10,1,7699361,Ankistrodesmus fusiformis,SPECIES,ACCEPTED,,exact,98,1,Plantae,Chlorophyta,Chlorophyceae,Sphaeropleales,Selenastraceae,Ankistrodesmus,True,1.0
AH_TVN,Hồ Ayun Hạ,phytoplankton,33,"Kirchneriella lunaris (Kirchner) K.Möbius, 1894",,Kirchneriella lunaris,Kirchneriella,"(Kirchner) K.Möbius, 1894",1894.0,False,False,,diacritic_in_latin,CHLOROPHYTA,Chlorophyceae,Sphaeropleales,Selenastraceae,{},,,10,10,5271638,Kirchneriella lunaris,SPECIES,ACCEPTED,,exact,99,1,Plantae,Chlorophyta,Chlorophyceae,Sphaeropleales,Selenastraceae,Kirchneriella,True,1.0
AH_TVN,Hồ Ayun Hạ,phytoplankton,34,"Kirchneriella obesa (West) West & G.S.West, 1894",,Kirchneriella obesa,Kirchneriella,"(West) West & G.S.West, 1894",1894.0,False,False,,,CHLOROPHYTA,Chlorophyceae,Sphaeropleales,Selenastraceae,{},,,10,1,5271634,Kirchneriella obesa,SPECIES,ACCEPTED,,exact,98,1,Plantae,Chlorophyta,Chlorophyceae,Sphaeropleales,Selenastraceae,Kirchneriella,True,1.0
AH_TVN,Hồ Ayun Hạ,phytoplankton,35,"Treubaria triappendiculata C.Bernard, 1908",,Treubaria triappendiculata,Treubaria,"C.Bernard, 1908",1908.0,False,False,,,CHLOROPHYTA,Chlorophyceae,Sphaeropleales,Treubariaceae,{},,,10,9,2641423,Treubaria triappendiculata,SPECIES,ACCEPTED,,exact,99,1,Plantae,Chlorophyta,Chlorophyceae,Chlamydomonadales,Treubariaceae,Treubaria,True,1.0
AH_TVN,Hồ Ayun Hạ,phytoplankton,36,"Actinastrum hantzschii Lagerheim, 1882",,Actinastrum hantzschii,Actinastrum,"Lagerheim, 1882",1882.0,False,False,,,CHLOROPHYTA,Trebouxiophyceae,Chlorellales,Chlorellaceae,{},,,10,9,2638622,Actinastrum hantzschii,SPECIES,ACCEPTED,,exact,99,1,Plantae,Chlorophyta,Trebouxiophyceae,Chlorellales,Chlorellaceae,Actinastrum,True,1.0
AH_TVN,Hồ Ayun Hạ,phytoplankton,37,"Chlorella mucosa Korshikov, 1953",,Chlorella mucosa,Chlorella,"Korshikov, 1953",1953.0,False,False,,,CHLOROPHYTA,Trebouxiophyceae,Chlorellales,Chlorellaceae,{},,,10,10,8021157,Chlorella mucosa,SPECIES,SYNONYM,Korschpalmella mucosa,synonym,98,1,Plantae,Chlorophyta,Chlorophyceae,Tetrasporales,Sphaerocystidaceae,Korschpalmella,False,0.387
AH_TVN,Hồ Ayun Hạ,phytoplankton,38,"Dictyosphaerium pulchellum H.C. Wood, 1873",,Dictyosphaerium pulchellum,Dictyosphaerium,"H.C. Wood, 1873",1873.0,False,False,,,CHLOROPHYTA,Trebouxiophyceae,Chlorellales,Chlorellaceae,{},,,10,10,2642006,Dictyosphaerium pulchellum,SPECIES,SYNONYM,Mucidosphaerium pulchellum,synonym,98,1,Plantae,Chlorophyta,Trebouxiophyceae,Chlorellales,Chlorellaceae,Mucidosphaerium,True,1.0
AH_TVN,Hồ Ayun Hạ,phytoplankton,39,"Micractinium bornhemiense (W.Conrad) Korshikov, 1953",,Micractinium bornhemiense,Micractinium,"(W.Conrad) Korshikov, 1953",1953.0,False,False,,,CHLOROPHYTA,Trebouxiophyceae,Chlorellales,Chlorellaceae,{},,,10,10,2641091,Micractinium bornhemiense,SPECIES,ACCEPTED,,exact,99,1,Plantae,Chlorophyta,Trebouxiophyceae,Chlorellales,Chlorellaceae,Micractinium,True,1.0
AH_TVN,Hồ Ayun Hạ,phytoplankton,40,"Micractinium pusillum Fresenius, 1858",,Micractinium pusillum,Micractinium,"Fresenius, 1858",1858.0,False,False,,,CHLOROPHYTA,Trebouxiophyceae,Chlorellales,Chlorellaceae,{},,,10,10,2641082,Micractinium pusillum,SPECIES,ACCEPTED,,exact,99,1,Plantae,Chlorophyta,Trebouxiophyceae,Chlorellales,Chlorellaceae,Micractinium,True,1.0
AH_TVN,Hồ Ayun Hạ,phytoplankton,41,"Oocystis borgei J.W.Snow, 1903",,Oocystis borgei,Oocystis,"J.W.Snow, 1903",1903.0,False,False,,,CHLOROPHYTA,Trebouxiophyceae,Chlorellales,Oocystaceae,{},,,10,7,5271678,Oocystis borgei,SPECIES,ACCEPTED,,exact,99,1,Plantae,Chlorophyta,Trebouxiophyceae,Oocystales,Oocystaceae,Oocystis,True,1.0
AH_TVN,Hồ Ayun Hạ,phytoplankton,42,Oocystis sp.,,Oocystis sp.,Oocystis,,,True,False,,,CHLOROPHYTA,Trebouxiophyceae,Chlorellales,Oocystaceae,{},,,10,9,2641454,Oocystis,GENUS,ACCEPTED,,exact,95,1,Plantae,Chlorophyta,Trebouxiophyceae,Oocystales,Oocystaceae,Oocystis,True,1.0
AH_TVN,Hồ Ayun Hạ,phytoplankton,43,"Crucigenia fenestrata (Schmidle) Schmidle, 1900",,Crucigenia fenestrata,Crucigenia,"(Schmidle) Schmidle, 1900",1900.0,False,False,,,CHLOROPHYTA,Trebouxiophyceae,Trebouxiophyceae ordo incertae sedis,Trebouxiophyceae incertae sedis,{},,,10,6,2641022,Crucigenia fenestrata,SPECIES,ACCEPTED,,exact,99,1,Plantae,Chlorophyta,Trebouxiophyceae,,,Crucigenia,,0.057
AH_TVN,Hồ Ayun Hạ,phytoplankton,44,"Ulothrix fimbriata Bold, 1958",,Ulothrix fimbriata,Ulothrix,"Bold, 1958",1958.0,False,False,,,CHLOROPHYTA,Ulvophyceae,Ulotrichales,Ulotrichaceae,{},,,10,10,2646309,Ulothrix fimbriata,SPECIES,ACCEPTED,,exact,99,1,Plantae,Chlorophyta,Ulvophyceae,Ulotrichales,Ulotrichaceae,Ulothrix,True,1.0
AH_TVN,Hồ Ayun Hạ,phytoplankton,45,"Closterium ehrenbergii Meneghini ex Ralfs, 1848",,Closterium ehrenbergii,Closterium,"Meneghini ex Ralfs, 1848",1848.0,False,False,,,CHAROPHYTA,Conjugatophyceae,Desmidiales,Closteriaceae,{},,,10,2,2646590,Closterium ehrenbergii,SPECIES,ACCEPTED,,exact,98,1,Plantae,Charophyta,Zygnematophyceae,Zygnematales,Closteriaceae,Closterium,True,1.0
AH_TVN,Hồ Ayun Hạ,phytoplankton,46,"Closterium gracile Brébisson ex Ralfs, 1848",,Closterium gracile,Closterium,"Brébisson ex Ralfs, 1848",1848.0,False,False,,diacritic_in_latin,CHAROPHYTA,Conjugatophyceae,Desmidiales,Closteriaceae,{},,,10,1,2646362,Closterium gracile,SPECIES,ACCEPTED,,exact,98,1,Plantae,Charophyta,Zygnematophyceae,Zygnematales,Closteriaceae,Closterium,True,1.0
AH_TVN,Hồ Ayun Hạ,phytoplankton,47,"Cosmarium contractum Kirchner, 1878",,Cosmarium contractum,Cosmarium,"Kirchner, 1878",1878.0,False,False,,,CHAROPHYTA,Conjugatophyceae,Desmidiales,Desmidiaceae,{},,,10,6,5274443,Cosmarium contractum,SPECIES,ACCEPTED,,exact,99,1,Plantae,Charophyta,Conjugatophyceae,Desmidiales,,Cosmarium,,0.125
AH_TVN,Hồ Ayun Hạ,phytoplankton,48,"Cosmarium granatum Brébisson ex Ralfs, 1848",,Cosmarium granatum,Cosmarium,"Brébisson ex Ralfs, 1848",1848.0,False,False,,diacritic_in_latin,CHAROPHYTA,Conjugatophyceae,Desmidiales,Desmidiaceae,{},,,10,1,8039125,Cosmarium granatum,SPECIES,ACCEPTED,,exact,98,1,Plantae,Charophyta,Conjugatophyceae,Desmidiales,,Cosmarium,,0.125
AH_TVN,Hồ Ayun Hạ,phytoplankton,49,"Cosmarium lundellii Delponte, 1877",,Cosmarium lundellii,Cosmarium,"Delponte, 1877",1877.0,False,False,,,CHAROPHYTA,Conjugatophyceae,Desmidiales,Desmidiaceae,{},,,10,7,5274185,Cosmarium lundellii,SPECIES,ACCEPTED,,exact,99,1,Plantae,Charophyta,Conjugatophyceae,Desmidiales,,Cosmarium,,0.125
AH_TVN,Hồ Ayun Hạ,phytoplankton,50,"Cosmarium margaritatum (P.Lundell) J.Roy & Bisset, 1886",,Cosmarium margaritatum,Cosmarium,"(P.Lundell) J.Roy & Bisset, 1886",1886.0,False,False,,,CHAROPHYTA,Conjugatophyceae,Desmidiales,Desmidiaceae,{},,,10,9,5273970,Cosmarium margaritatum,SPECIES,ACCEPTED,,exact,99,1,Plantae,Charophyta,Conjugatophyceae,Desmidiales,,Cosmarium,,0.125
AH_TVN,Hồ Ayun Hạ,phytoplankton,51,"Cosmarium obtusatum (Schmidle) Schmidle, 1898",,Cosmarium obtusatum,Cosmarium,"(Schmidle) Schmidle, 1898",1898.0,False,False,,,CHAROPHYTA,Conjugatophyceae,Desmidiales,Desmidiaceae,{},,,10,2,5274561,Cosmarium obtusatum,SPECIES,ACCEPTED,,exact,98,1,Plantae,Charophyta,Conjugatophyceae,Desmidiales,,Cosmarium,,0.125
AH_TVN,Hồ Ayun Hạ,phytoplankton,52,"Cosmarium perfissum G.S.West, 1909",,Cosmarium perfissum,Cosmarium,"G.S.West, 1909",1909.0,False,False,,,CHAROPHYTA,Conjugatophyceae,Desmidiales,Desmidiaceae,{},,,10,9,6,Plantae,KINGDOM,ACCEPTED,,higherrank,92,1,Plantae,,,,,,,0.125
AH_TVN,Hồ Ayun Hạ,phytoplankton,53,Cosmarium sp.,,Cosmarium sp.,Cosmarium,,,True,False,,,CHAROPHYTA,Conjugatophyceae,Desmidiales,Desmidiaceae,{},,,10,2,2648709,Cosmarium,GENUS,ACCEPTED,,exact,99,2,Plantae,Charophyta,Conjugatophyceae,Desmidiales,,Cosmarium,,0.125
AH_TVN,Hồ Ayun Hạ,phytoplankton,54,"Euastrum spinulosum Delponte, 1876",,Euastrum spinulosum,Euastrum,"Delponte, 1876",1876.0,False,False,,,CHAROPHYTA,Conjugatophyceae,Desmidiales,Desmidiaceae,{},,,10,5,2648424,Euastrum spinulosum,SPECIES,ACCEPTED,,exact,99,1,Plantae,Charophyta,Conjugatophyceae,Desmidiales,,Euastrum,,0.125
AH_TVN,Hồ Ayun Hạ,phytoplankton,55,"Staurastrum cuspidatum Brébisson, 1848",,Staurastrum cuspidatum,Staurastrum,"Brébisson, 1848",1848.0,False,False,,diacritic_in_latin,CHAROPHYTA,Conjugatophyceae,Desmidiales,Desmidiaceae,{},,,10,2,2647328,Staurastrum cuspidatum,SPECIES,SYNONYM,Staurodesmus cuspidatus,synonym,97,1,Plantae,Charophyta,Conjugatophyceae,Desmidiales,,Staurodesmus,,0.125
AH_TVN,Hồ Ayun Hạ,phytoplankton,56,"Staurastrum gladiosum W.B.Turner, 1885",,Staurastrum gladiosum,Staurastrum,"W.B.Turner, 1885",1885.0,False,False,,,CHAROPHYTA,Conjugatophyceae,Desmidiales,Desmidiaceae,{},,,10,1,2648005,Staurastrum gladiosum,SPECIES,ACCEPTED,,exact,99,1,Plantae,Charophyta,Conjugatophyceae,Desmidiales,,Staurastrum,,0.125
AH_TVN,Hồ Ayun Hạ,phytoplankton,57,"Staurastrum megacanthum P.Lundell, 1871",,Staurastrum megacanthum,Staurastrum,"P.Lundell, 1871",1871.0,False,False,,,CHAROPHYTA,Conjugatophyceae,Desmidiales,Desmidiaceae,{},,,10,6,2647386,Staurastrum megacanthum,SPECIES,SYNONYM,Staurodesmus megacanthus,synonym,98,1,Plantae,Charophyta,Conjugatophyceae,Desmidiales,,Staurodesmus,,0.125
AH_TVN,Hồ Ayun Hạ,phytoplankton,58,"Staurastrum natator West, 1892",,Staurastrum natator,Staurastrum,"West, 1892",1892.0,False,False,,,CHAROPHYTA,Conjugatophyceae,Desmidiales,Desmidiaceae,{},,,10,10,2648127,Staurastrum natator,SPECIES,ACCEPTED,,exact,99,1,Plantae,Charophyta,Conjugatophyceae,Desmidiales,,Staurastrum,,0.125
AH_TVN,Hồ Ayun Hạ,phytoplankton,59,"Staurastrum ophiura P.Lundell, 1871",,Staurastrum ophiura,Staurastrum,"P.Lundell, 1871",1871.0,False,False,,,CHAROPHYTA,Conjugatophyceae,Desmidiales,Desmidiaceae,{},,,10,5,2647965,Staurastrum ophiura,SPECIES,ACCEPTED,,exact,99,1,Plantae,Charophyta,Conjugatophyceae,Desmidiales,,Staurastrum,,0.125
AH_TVN,Hồ Ayun Hạ,phytoplankton,60,"Staurastrum prionotum A.M.Scott & Prescott, 1961",,Staurastrum prionotum,Staurastrum,"A.M.Scott & Prescott, 1961",1961.0,False,False,,,CHAROPHYTA,Conjugatophyceae,Desmidiales,Desmidiaceae,{},,,10,10,2647648,Staurastrum,GENUS,ACCEPTED,,higherrank,94,1,Plantae,Charophyta,Conjugatophyceae,Desmidiales,,Staurastrum,,0.125
AH_TVN,Hồ Ayun Hạ,phytoplankton,61,"Staurastrum protectum West & G.S.West, 1908",,Staurastrum protectum,Staurastrum,"West & G.S.West, 1908",1908.0,False,False,,,CHAROPHYTA,Conjugatophyceae,Desmidiales,Desmidiaceae,{},,,10,8,2647840,Staurastrum protectum,SPECIES,ACCEPTED,,exact,99,1,Plantae,Charophyta,Conjugatophyceae,Desmidiales,,Staurastrum,,0.125
AH_TVN,Hồ Ayun Hạ,phytoplankton,62,Staurastrum sp.,,Staurastrum sp.,Staurastrum,,,True,False,,,CHAROPHYTA,Conjugatophyceae,Desmidiales,Desmidiaceae,{},,,10,10,2647648,Staurastrum,GENUS,ACCEPTED,,exact,95,1,Plantae,Charophyta,Conjugatophyceae,Desmidiales,,Staurastrum,,0.125
AH_TVN,Hồ Ayun Hạ,phytoplankton,63,"Staurastrum vaasii A.M.Scott & Prescott, 1961",,Staurastrum vaasii,Staurastrum,"A.M.Scott & Prescott, 1961",1961.0,False,False,,,CHAROPHYTA,Conjugatophyceae,Desmidiales,Desmidiaceae,{},,,10,10,2647648,Staurastrum,GENUS,ACCEPTED,,higherrank,94,1,Plantae,Charophyta,Conjugatophyceae,Desmidiales,,Staurastrum,,0.125
AH_TVN,Hồ Ayun Hạ,phytoplankton,64,"Staurastrum zonatum Børgesen, 1890",,Staurastrum zonatum,Staurastrum,"Børgesen, 1890",1890.0,False,False,,,CHAROPHYTA,Conjugatophyceae,Desmidiales,Desmidiaceae,{},,,10,3,2647648,Staurastrum,GENUS,ACCEPTED,,higherrank,94,1,Plantae,Charophyta,Conjugatophyceae,Desmidiales,,Staurastrum,,0.125
AH_TVN,Hồ Ayun Hạ,phytoplankton,65,"Xanthidium calcarato-aculeatum (Hieronymus) Schmidle, 1898",,Xanthidium calcarato-aculeatum,Xanthidium,"(Hieronymus) Schmidle, 1898",1898.0,False,False,,,CHAROPHYTA,Conjugatophyceae,Desmidiales,Desmidiaceae,{},,,10,1,6,Plantae,KINGDOM,ACCEPTED,,higherrank,92,1,Plantae,,,,,,,0.125
AH_TVN,Hồ Ayun Hạ,phytoplankton,66,Spirogyra sp.,,Spirogyra sp.,Spirogyra,,,True,False,,,CHAROPHYTA,Conjugatophyceae,Zygnematales,Zygnemataceae,{},,,10,4,2646845,Spirogyra,GENUS,ACCEPTED,,exact,96,1,Plantae,Charophyta,Zygnematophyceae,Zygnematales,Zygnemataceae,Spirogyra,True,1.0
AH_TVN,Hồ Ayun Hạ,phytoplankton,67,"Euglena gracilis G.A.Klebs, 1883",,Euglena gracilis,Euglena,"G.A.Klebs, 1883",1883.0,False,False,,,EUGLENOPHYTA,Euglenophyceae,Euglenales,Euglenaceae,{},,,10,4,7465722,Euglena gracilis,SPECIES,ACCEPTED,,exact,99,1,Protozoa,Euglenozoa,Euglenoidea,Euglenida,Euglenaceae,Euglena,True,1.0
AH_TVN,Hồ Ayun Hạ,phytoplankton,68,"Euglena oxyuris Schmarda, 1846",,Euglena oxyuris,Euglena,"Schmarda, 1846",1846.0,False,False,,,EUGLENOPHYTA,Euglenophyceae,Euglenales,Euglenaceae,{},,,10,3,3209849,Euglena oxyuris,SPECIES,SYNONYM,Lepocinclis oxyuris,synonym,98,1,Protozoa,Euglenozoa,Euglenoidea,Euglenida,Phacidae,Lepocinclis,False,0.421
AH_TVN,Hồ Ayun Hạ,phytoplankton,69,"Euglena polymorpha P.A.Dangeard, 1902",,Euglena polymorpha,Euglena,"P.A.Dangeard, 1902",1902.0,False,False,,,EUGLENOPHYTA,Euglenophyceae,Euglenales,Euglenaceae,{},,,10,1,8280463,Euglena polymorpha,SPECIES,SYNONYM,Euglena granulata,synonym,98,1,Protozoa,Euglenozoa,Euglenoidea,Euglenida,Euglenaceae,Euglena,True,1.0
AH_TVN,Hồ Ayun Hạ,phytoplankton,70,Strombomonas sp.,,Strombomonas sp.,Strombomonas,,,True,False,,,EUGLENOPHYTA,Euglenophyceae,Euglenales,Euglenaceae,{},,,10,1,3208654,Strombomonas,GENUS,DOUBTFUL,,exact,94,1,Protozoa,Euglenozoa,Euglenoidea,Euglenida,Euglenaceae,Strombomonas,True,1.0
AH_TVN,Hồ Ayun Hạ,phytoplankton,71,"Trachelomonas armata (Ehrenberg) F.Stein, 1878",,Trachelomonas armata,Trachelomonas,"(Ehrenberg) F.Stein, 1878",1878.0,False,False,,,EUGLENOPHYTA,Euglenophyceae,Euglenales,Euglenaceae,{},,,10,4,3208921,Trachelomonas armata,SPECIES,ACCEPTED,,exact,99,1,Protozoa,Euglenozoa,Euglenoidea,Euglenida,Euglenaceae,Trachelomonas,True,1.0
AH_TVN,Hồ Ayun Hạ,phytoplankton,72,"Trachelomonas hispida (Perty) F. Stein, 1926",,Trachelomonas hispida,Trachelomonas,"(Perty) F. Stein, 1926",1926.0,False,False,,,EUGLENOPHYTA,Euglenophyceae,Euglenales,Euglenaceae,{},,,10,1,3209211,Trachelomonas hispida,SPECIES,ACCEPTED,,exact,99,1,Protozoa,Euglenozoa,Euglenoidea,Euglenida,Euglenaceae,Trachelomonas,True,1.0
AH_TVN,Hồ Ayun Hạ,phytoplankton,73,"Trachelomonas horrida T.C.Palmer, 1905",,Trachelomonas horrida,Trachelomonas,"T.C.Palmer, 1905",1905.0,False,False,,,EUGLENOPHYTA,Euglenophyceae,Euglenales,Euglenaceae,{},,,10,1,3209125,Trachelomonas horrida,SPECIES,ACCEPTED,,exact,99,1,Protozoa,Euglenozoa,Euglenoidea,Euglenida,Euglenaceae,Trachelomonas,True,1.0
AH_TVN,Hồ Ayun Hạ,phytoplankton,74,"Phacus pleuronectes (O.F.Müller) Nitzsch ex Dujardin, 1841",,Phacus pleuronectes,Phacus,"(O.F.Müller) Nitzsch ex Dujardin, 1841",1841.0,False,False,,diacritic_in_latin,EUGLENOPHYTA,Euglenophyceae,Euglenales,Phacaceae,{},,,10,1,5425077,Phacus pleuronectes,SPECIES,ACCEPTED,,exact,99,1,Protozoa,Euglenozoa,Euglenoidea,Euglenida,Phacidae,Phacus,False,0.706
AH_TVN,Hồ Ayun Hạ,phytoplankton,75,Phacus sp.,,Phacus sp.,Phacus,,,True,False,,,EUGLENOPHYTA,Euglenophyceae,Euglenales,Phacaceae,{},,,10,7,6761067,Phacus,GENUS,ACCEPTED,,exact,95,1,Protozoa,Euglenozoa,Euglenoidea,Euglenida,Phacidae,Phacus,False,0.706
AH_TVN,Hồ Ayun Hạ,phytoplankton,76,"Ceratium hirundinella (O.F.Müller) Dujardin, 1841",,Ceratium hirundinella,Ceratium,"(O.F.Müller) Dujardin, 1841",1841.0,False,False,,diacritic_in_latin,DINOPHYTA,Dinophyceae,Gonyaulacales,Ceratiaceae,{},,,10,6,7598904,Ceratium hirundinella,SPECIES,ACCEPTED,,exact,97,1,Chromista,Myzozoa,Dinophyceae,Gonyaulacales,Ceratiaceae,Ceratium,True,1.0
AH_TVN,Hồ Ayun Hạ,phytoplankton,77,"Glenodinium borgei (Lemmermann) Schiller, 1937",,Glenodinium borgei,Glenodinium,"(Lemmermann) Schiller, 1937",1937.0,False,False,,,DINOPHYTA,Dinophyceae,Peridiniales,Peridiniaceae,{},,,10,1,3207006,Glenodinium borgei,SPECIES,SYNONYM,Peridiniopsis borgei,synonym,98,1,Chromista,Myzozoa,Dinophyceae,Peridiniales,Peridiniopsidaceae,Peridiniopsis,False,0.839
AH_TVN,Hồ Ayun Hạ,phytoplankton,78,Peridinium sp1.,,Peridinium sp.1,Peridinium,,,True,False,,,DINOPHYTA,Dinophyceae,Peridiniales,Peridiniaceae,{},,,10,2,7536081,Peridinium,GENUS,ACCEPTED,,exact,96,1,Chromista,Myzozoa,Dinophyceae,Peridiniales,Peridiniaceae,Peridinium,True,1.0
AH_TVN,Hồ Ayun Hạ,phytoplankton,79,Peridinium sp2.,,Peridinium sp.2,Peridinium,,,True,False,,,DINOPHYTA,Dinophyceae,Peridiniales,Peridiniaceae,{},,,10,10,7536081,Peridinium,GENUS,ACCEPTED,,exact,96,1,Chromista,Myzozoa,Dinophyceae,Peridiniales,Peridiniaceae,Peridinium,True,1.0
AH_DVN,Hồ Ayun Hạ,zooplankton,1,"Difflugia corona Wallich, 1864",,Difflugia corona,Difflugia,"Wallich, 1864",1864.0,False,False,,,AMOEBOZOA,TUBULINEA,Arcellinida,Difflugiidae,{},,"1,2,3",7,7,5425228,Difflugia corona,SPECIES,ACCEPTED,,exact,99,1,Protozoa,Amoebozoa,Lobosa,Arcellinida,Difflugiidae,Difflugia,True,1.0
AH_DVN,Hồ Ayun Hạ,zooplankton,2,"Difflugia urceolata Carter, 1864",,Difflugia urceolata,Difflugia,"Carter, 1864",1864.0,False,False,,,AMOEBOZOA,TUBULINEA,Arcellinida,Difflugiidae,{},,"2,3",11,11,5425233,Difflugia urceolata,SPECIES,ACCEPTED,,exact,98,1,Protozoa,Amoebozoa,Lobosa,Arcellinida,Difflugiidae,Difflugia,True,1.0
AH_DVN,Hồ Ayun Hạ,zooplankton,3,"Difflugia sp. 2,3",,Difflugia sp.,Difflugia,,,True,False,,,AMOEBOZOA,TUBULINEA,Arcellinida,Difflugiidae,{},,,7,7,5428692,Difflugia,GENUS,ACCEPTED,,exact,95,1,Protozoa,Amoebozoa,Lobosa,Arcellinida,Difflugiidae,Difflugia,True,1.0
AH_DVN,Hồ Ayun Hạ,zooplankton,4,"Philodina roseola Ehrenberg, 1832",,Philodina roseola,Philodina,"Ehrenberg, 1832",1832.0,False,False,,,ROTIFERA,EUROTATORIA,,Philodinidae,{},,2,2,2,1001125,Philodina roseola,SPECIES,ACCEPTED,,exact,99,1,Animalia,Rotifera,Eurotatoria,Bdelloidea,Philodinidae,Philodina,True,1.0
AH_DVN,Hồ Ayun Hạ,zooplankton,5,"Hexathra mira (Hudson, 1871)",,Hexathra mira,Hexathra,"(Hudson, 1871)",1871.0,False,False,,,ROTIFERA,EUROTATORIA,Flosculariaceae,Hexathridae,{},,"1,2,3",7,7,1000447,Hexarthra mira,SPECIES,ACCEPTED,,fuzzy,85,1,Animalia,Rotifera,Eurotatoria,Flosculariaceae,Hexarthridae,Hexarthra,False,0.957
AH_DVN,Hồ Ayun Hạ,zooplankton,6,"Pompholyx complanata Gosse, 1851",,Pompholyx complanata,Pompholyx,"Gosse, 1851",1851.0,False,False,,,ROTIFERA,EUROTATORIA,Flosculariaceae,Testudinellidae,{},,"1,2,3",10,10,1000700,Pompholyx complanata,SPECIES,ACCEPTED,,exact,99,1,Animalia,Rotifera,Eurotatoria,Flosculariaceae,Testudinellidae,Pompholyx,True,1.0
AH_DVN,Hồ Ayun Hạ,zooplankton,7,"Filinia camasecla Myers, 1938",,Filinia camasecla,Filinia,"Myers, 1938",1938.0,False,False,,,ROTIFERA,EUROTATORIA,Flosculariaceae,Trochosphaeridae,{},,"2,3",9,9,1000458,Filinia camasecla,SPECIES,ACCEPTED,,exact,99,1,Animalia,Rotifera,Eurotatoria,Flosculariaceae,Trochosphaeridae,Filinia,True,1.0
AH_DVN,Hồ Ayun Hạ,zooplankton,8,"Filinia longiseta (Ehrenberg, 1834)",,Filinia longiseta,Filinia,"(Ehrenberg, 1834)",1834.0,False,False,,,ROTIFERA,EUROTATORIA,Flosculariaceae,Trochosphaeridae,{},,"1,2,3",8,8,1000461,Filinia longiseta,SPECIES,ACCEPTED,,exact,99,1,Animalia,Rotifera,Eurotatoria,Flosculariaceae,Trochosphaeridae,Filinia,True,1.0
AH_DVN,Hồ Ayun Hạ,zooplankton,9,"Filinia opoliensis (Zacharias, 1898) i a",,Filinia opoliensis,Filinia,"(Zacharias, 1898) i a",1898.0,False,False,,,ROTIFERA,EUROTATORIA,Flosculariaceae,Trochosphaeridae,{},,3,2,2,1000464,Filinia opoliensis,SPECIES,ACCEPTED,,exact,99,1,Animalia,Rotifera,Eurotatoria,Flosculariaceae,Trochosphaeridae,Filinia,True,1.0
AH_DVN,Hồ Ayun Hạ,zooplankton,10,"Asplanchna priodonta Gosse, 1850",,Asplanchna priodonta,Asplanchna,"Gosse, 1850",1850.0,False,False,,,ROTIFERA,EUROTATORIA,Flosculariaceae,Asplanchnidae,{},,"2,3",3,3,1001922,Asplanchna priodonta,SPECIES,ACCEPTED,,exact,99,1,Animalia,Rotifera,Eurotatoria,Ploima,Asplanchnidae,Asplanchna,True,1.0
AH_DVN,Hồ Ayun Hạ,zooplankton,11,"Asplanchna sieboldi (Leydig, 1854)",,Asplanchna sieboldi,Asplanchna,"(Leydig, 1854)",1854.0,False,False,,,ROTIFERA,EUROTATORIA,Flosculariaceae,Asplanchnidae,{},,"2,3",2,2,1001924,Asplanchna sieboldii,SPECIES,ACCEPTED,,fuzzy,95,1,Animalia,Rotifera,Eurotatoria,Ploima,Asplanchnidae,Asplanchna,True,1.0
AH_DVN,Hồ Ayun Hạ,zooplankton,12,"Brachionus angularis Gosse, 1851",,Brachionus angularis,Brachionus,"Gosse, 1851",1851.0,False,False,,,ROTIFERA,EUROTATORIA,Flosculariaceae,Brachionidae,{},,"1,2,3",9,9,4984131,Brachionus angularis,SPECIES,ACCEPTED,,exact,99,1,Animalia,Rotifera,Eurotatoria,Ploima,Brachionidae,Brachionus,True,1.0
AH_DVN,Hồ Ayun Hạ,zooplankton,13,"Brachionus calyciflorus f. anuraeiformis Brehm, 1909",,Brachionus calyciflorus anuraeiformis,Brachionus,"Brehm, 1909",1909.0,False,False,,,ROTIFERA,EUROTATORIA,Flosculariaceae,Brachionidae,{},,2,2,2,9484293,Brachionus calyciflorus anuraeiformis,SUBSPECIES,ACCEPTED,,exact,85,2,Animalia,Rotifera,Eurotatoria,Ploima,Brachionidae,Brachionus,True,1.0
AH_DVN,Hồ Ayun Hạ,zooplankton,14,"Brachionus calyciflorus f. calyciflorus Pallas, 1766",,Brachionus calyciflorus,Brachionus,"Pallas, 1766",1766.0,False,False,,,ROTIFERA,EUROTATORIA,Flosculariaceae,Brachionidae,{},,"1,2,3",7,7,4984102,Brachionus calyciflorus,SPECIES,ACCEPTED,,exact,99,1,Animalia,Rotifera,Eurotatoria,Ploima,Brachionidae,Brachionus,True,1.0
AH_DVN,Hồ Ayun Hạ,zooplankton,15,"Brachionus caudatus Bar. & Da., 1894",,Brachionus caudatus,Brachionus,"Bar. & Da., 1894",1894.0,False,False,,,ROTIFERA,EUROTATORIA,Flosculariaceae,Brachionidae,{},,"2,3",3,3,4984110,Brachionus caudatus,SPECIES,ACCEPTED,,exact,99,1,Animalia,Rotifera,Eurotatoria,Ploima,Brachionidae,Brachionus,True,1.0
AH_DVN,Hồ Ayun Hạ,zooplankton,16,"Brachionus diversicornis (Daday, 1883)",,Brachionus diversicornis,Brachionus,"(Daday, 1883)",1883.0,False,False,,,ROTIFERA,EUROTATORIA,Flosculariaceae,Brachionidae,{},,"2,3",1,1,4984207,Brachionus diversicornis,SPECIES,ACCEPTED,,exact,99,1,Animalia,Rotifera,Eurotatoria,Ploima,Brachionidae,Brachionus,True,1.0
AH_DVN,Hồ Ayun Hạ,zooplankton,17,"Brachionus falcatus Zacharias, 1898",,Brachionus falcatus,Brachionus,"Zacharias, 1898",1898.0,False,False,,,ROTIFERA,EUROTATORIA,Flosculariaceae,Brachionidae,{},,"1,2,3",7,7,4984079,Brachionus falcatus,SPECIES,ACCEPTED,,exact,99,1,Animalia,Rotifera,Eurotatoria,Ploima,Brachionidae,Brachionus,True,1.0
AH_DVN,Hồ Ayun Hạ,zooplankton,18,"Brachionus forficula Wierzejski, 1891",,Brachionus forficula,Brachionus,"Wierzejski, 1891",1891.0,False,False,,,ROTIFERA,EUROTATORIA,Flosculariaceae,Brachionidae,{},,"2,3",2,2,4984093,Brachionus forficula,SPECIES,ACCEPTED,,exact,99,1,Animalia,Rotifera,Eurotatoria,Ploima,Brachionidae,Brachionus,True,1.0
AH_DVN,Hồ Ayun Hạ,zooplankton,19,"Brachionus urceolaris Muller, 1773",,Brachionus urceolaris,Brachionus,"Muller, 1773",1773.0,False,False,,,ROTIFERA,EUROTATORIA,Flosculariaceae,Brachionidae,{},,3,1,1,4984202,Brachionus urceolaris,SPECIES,ACCEPTED,,exact,99,1,Animalia,Rotifera,Eurotatoria,Ploima,Brachionidae,Brachionus,True,1.0
AH_DVN,Hồ Ayun Hạ,zooplankton,20,"Keratella cochlearis (Gosse, 1851)",,Keratella cochlearis,Keratella,"(Gosse, 1851)",1851.0,False,False,,,ROTIFERA,EUROTATORIA,Flosculariaceae,Brachionidae,{},,"2,3",11,11,1002590,Keratella cochlearis,SPECIES,ACCEPTED,,exact,99,1,Animalia,Rotifera,Eurotatoria,Ploima,Brachionidae,Keratella,True,1.0
AH_DVN,Hồ Ayun Hạ,zooplankton,21,"Keratella lenzi Hauer, 1953",,Keratella lenzi,Keratella,"Hauer, 1953",1953.0,False,False,,,ROTIFERA,EUROTATORIA,Flosculariaceae,Brachionidae,{},,3,1,1,1002633,Keratella lenzi,SPECIES,ACCEPTED,,exact,99,1,Animalia,Rotifera,Eurotatoria,Ploima,Brachionidae,Keratella,True,1.0
AH_DVN,Hồ Ayun Hạ,zooplankton,22,"Keratella tecta (Gosse, 1851)",,Keratella tecta,Keratella,"(Gosse, 1851)",1851.0,False,False,,,ROTIFERA,EUROTATORIA,Flosculariaceae,Brachionidae,{},,2,1,1,1002639,Keratella tecta,SPECIES,ACCEPTED,,exact,99,1,Animalia,Rotifera,Eurotatoria,Ploima,Brachionidae,Keratella,True,1.0
AH_DVN,Hồ Ayun Hạ,zooplankton,23,"Keratella tropica (Apstein, 1907)",,Keratella tropica,Keratella,"(Apstein, 1907)",1907.0,False,False,,,ROTIFERA,EUROTATORIA,Flosculariaceae,Brachionidae,{},,"1,2,3",11,11,1002621,Keratella tropica,SPECIES,ACCEPTED,,exact,99,1,Animalia,Rotifera,Eurotatoria,Ploima,Brachionidae,Keratella,True,1.0
AH_DVN,Hồ Ayun Hạ,zooplankton,24,"Dipleuchlanis propatula (Gosse, 1886)",,Dipleuchlanis propatula,Dipleuchlanis,"(Gosse, 1886)",1886.0,False,False,,,ROTIFERA,EUROTATORIA,Flosculariaceae,Euchlanidae,{},,3,1,1,1002517,Dipleuchlanis propatula,SPECIES,ACCEPTED,,exact,99,1,Animalia,Rotifera,Eurotatoria,Ploima,Euchlanidae,Dipleuchlanis,True,1.0
AH_DVN,Hồ Ayun Hạ,zooplankton,25,"Euchlanis dilatata Ehrenberg, 1832",,Euchlanis dilatata,Euchlanis,"Ehrenberg, 1832",1832.0,False,False,,,ROTIFERA,EUROTATORIA,Flosculariaceae,Euchlanidae,{},,3,1,1,1002550,Euchlanis dilatata,SPECIES,ACCEPTED,,exact,99,1,Animalia,Rotifera,Eurotatoria,Ploima,Euchlanidae,Euchlanis,True,1.0
AH_DVN,Hồ Ayun Hạ,zooplankton,26,"Lecane bulla (Gosse, 1851)",,Lecane bulla,Lecane,"(Gosse, 1851)",1851.0,False,False,,,ROTIFERA,EUROTATORIA,Flosculariaceae,Lecanidae,{},,"2,3",3,3,1002248,Lecane bulla,SPECIES,ACCEPTED,,exact,99,1,Animalia,Rotifera,Eurotatoria,Ploima,Lecanidae,Lecane,True,1.0
AH_DVN,Hồ Ayun Hạ,zooplankton,27,"Lecane curvicornis (Murray, 1913)",,Lecane curvicornis,Lecane,"(Murray, 1913)",1913.0,False,False,,,ROTIFERA,EUROTATORIA,Flosculariaceae,Lecanidae,{},,3,1,1,1002391,Lecane curvicornis,SPECIES,ACCEPTED,,exact,99,1,Animalia,Rotifera,Eurotatoria,Ploima,Lecanidae,Lecane,True,1.0
AH_DVN,Hồ Ayun Hạ,zooplankton,28,"Lecane furcata (Murray, 1913)",,Lecane furcata,Lecane,"(Murray, 1913)",1913.0,False,False,,,ROTIFERA,EUROTATORIA,Flosculariaceae,Lecanidae,{},,"2,3",5,5,1002358,Lecane furcata,SPECIES,ACCEPTED,,exact,99,1,Animalia,Rotifera,Eurotatoria,Ploima,Lecanidae,Lecane,True,1.0
AH_DVN,Hồ Ayun Hạ,zooplankton,29,"Lecane inermis (Bryce, 1892)",,Lecane inermis,Lecane,"(Bryce, 1892)",1892.0,False,False,,,ROTIFERA,EUROTATORIA,Flosculariaceae,Lecanidae,{},,2,1,1,1002486,Lecane inermis,SPECIES,ACCEPTED,,exact,99,1,Animalia,Rotifera,Eurotatoria,Ploima,Lecanidae,Lecane,True,1.0
AH_DVN,Hồ Ayun Hạ,zooplankton,30,"Lecane hastata (Murray, 1913)",,Lecane hastata,Lecane,"(Murray, 1913)",1913.0,False,False,,,ROTIFERA,EUROTATORIA,Flosculariaceae,Lecanidae,{},,3,1,1,1002220,Lecane hastata,SPECIES,ACCEPTED,,exact,99,1,Animalia,Rotifera,Eurotatoria,Ploima,Lecanidae,Lecane,True,1.0
AH_DVN,Hồ Ayun Hạ,zooplankton,31,"Lecane luna (Müller, 1776)",,Lecane luna,Lecane,"(Müller, 1776)",1776.0,False,False,,diacritic_in_latin,ROTIFERA,EUROTATORIA,Flosculariaceae,Lecanidae,{},,"2,3",1,1,1002436,Lecane luna,SPECIES,ACCEPTED,,exact,99,1,Animalia,Rotifera,Eurotatoria,Ploima,Lecanidae,Lecane,True,1.0
AH_DVN,Hồ Ayun Hạ,zooplankton,32,"Lecane ungulata (Gosse, 1887)",,Lecane ungulata,Lecane,"(Gosse, 1887)",1887.0,False,False,,,ROTIFERA,EUROTATORIA,Flosculariaceae,Lecanidae,{},,"2,3",1,1,1002473,Lecane ungulata,SPECIES,ACCEPTED,,exact,99,1,Animalia,Rotifera,Eurotatoria,Ploima,Lecanidae,Lecane,True,1.0
AH_DVN,Hồ Ayun Hạ,zooplankton,33,"Ploesoma hudsoni (Imhof, 1891)",,Ploesoma hudsoni,Ploesoma,"(Imhof, 1891)",1891.0,False,False,,,ROTIFERA,EUROTATORIA,Flosculariaceae,Synchaetidae,{},,3,1,1,1003138,Ploesoma hudsoni,SPECIES,ACCEPTED,,exact,99,1,Animalia,Rotifera,Eurotatoria,Ploima,Synchaetidae,Ploesoma,True,1.0
AH_DVN,Hồ Ayun Hạ,zooplankton,34,"Ploesoma truncatum (Levander, 1894)",,Ploesoma truncatum,Ploesoma,"(Levander, 1894)",1894.0,False,False,,,ROTIFERA,EUROTATORIA,Flosculariaceae,Synchaetidae,{},,2,1,1,1003127,Ploesoma truncatum,SPECIES,ACCEPTED,,exact,99,1,Animalia,Rotifera,Eurotatoria,Ploima,Synchaetidae,Ploesoma,True,1.0
AH_DVN,Hồ Ayun Hạ,zooplankton,35,"Polyarthra vulgaris Carlin, 1943",,Polyarthra vulgaris,Polyarthra,"Carlin, 1943",1943.0,False,False,,,ROTIFERA,EUROTATORIA,Flosculariaceae,Synchaetidae,{},,"1,2,3",11,11,1003112,Polyarthra vulgaris,SPECIES,ACCEPTED,,exact,99,1,Animalia,Rotifera,Eurotatoria,Ploima,Synchaetidae,Polyarthra,True,1.0
AH_DVN,Hồ Ayun Hạ,zooplankton,36,"Trichocerca capucina (Wierzejski & Zacharias, 1893)",,Trichocerca capucina,Trichocerca,"(Wierzejski & Zacharias, 1893)",1893.0,False,False,,,ROTIFERA,EUROTATORIA,Flosculariaceae,Trichocercidae,{},,"2,3",9,9,1002008,Trichocerca capucina,SPECIES,ACCEPTED,,exact,99,1,Animalia,Rotifera,Eurotatoria,Ploima,Trichocercidae,Trichocerca,True,1.0
AH_DVN,Hồ Ayun Hạ,zooplankton,37,"Trichocerca cylindrica (Imhof, 1891)",,Trichocerca cylindrica,Trichocerca,"(Imhof, 1891)",1891.0,False,False,,,ROTIFERA,EUROTATORIA,Flosculariaceae,Trichocercidae,{},,"2,3",9,9,1002016,Trichocerca cylindrica,SPECIES,ACCEPTED,,exact,99,1,Animalia,Rotifera,Eurotatoria,Ploima,Trichocercidae,Trichocerca,True,1.0
AH_DVN,Hồ Ayun Hạ,zooplankton,38,"Trichocerca pusilla (Jennings, 1903)",,Trichocerca pusilla,Trichocerca,"(Jennings, 1903)",1903.0,False,False,,,ROTIFERA,EUROTATORIA,Flosculariaceae,Trichocercidae,{},,3,2,2,1001955,Trichocerca pusilla,SPECIES,ACCEPTED,,exact,98,1,Animalia,Rotifera,Eurotatoria,Ploima,Trichocercidae,Trichocerca,True,1.0
AH_DVN,Hồ Ayun Hạ,zooplankton,39,"Trichocerca rattus (Müller, 1776)",,Trichocerca rattus,Trichocerca,"(Müller, 1776)",1776.0,False,False,,diacritic_in_latin,ROTIFERA,EUROTATORIA,Flosculariaceae,Trichocercidae,{},,1,1,1,1002070,Trichocerca rattus,SPECIES,ACCEPTED,,exact,99,1,Animalia,Rotifera,Eurotatoria,Ploima,Trichocercidae,Trichocerca,True,1.0
AH_DVN,Hồ Ayun Hạ,zooplankton,40,"Trichocerca similis Wierzejski, 1893",,Trichocerca similis,Trichocerca,"Wierzejski, 1893",1893.0,False,False,,,ROTIFERA,EUROTATORIA,Flosculariaceae,Trichocercidae,{},,"1,2,3",11,11,1002086,Trichocerca similis,SPECIES,ACCEPTED,,exact,99,1,Animalia,Rotifera,Eurotatoria,Ploima,Trichocercidae,Trichocerca,True,1.0
AH_DVN,Hồ Ayun Hạ,zooplankton,41,Trichotria tetractis (Ehrenberg) 3 cera,,Trichotria tetractis,Trichotria,(Ehrenberg) 3 cera,,False,False,,authorship_without_year,ROTIFERA,EUROTATORIA,Flosculariaceae,Trichotriidae,{},,,1,1,1003057,Trichotria tetractis,SPECIES,ACCEPTED,,exact,99,1,Animalia,Rotifera,Eurotatoria,Ploima,Trichotriidae,Trichotria,True,1.0
AH_DVN,Hồ Ayun Hạ,zooplankton,42,"Bosminopsis deitersi Richard, 1895",,Bosminopsis deitersi,Bosminopsis,"Richard, 1895",1895.0,False,False,,,ARTHROPODA,BRANCHIOPODA,An da,Bosminidae,{},,"1,2,3",8,8,2234688,Bosminopsis deitersi,SPECIES,ACCEPTED,,exact,99,1,Animalia,Arthropoda,Branchiopoda,Diplostraca,Bosminidae,Bosminopsis,True,1.0
AH_DVN,Hồ Ayun Hạ,zooplankton,43,"Bosmina longirostris (Müller, 1776)",,Bosmina longirostris,Bosmina,"(Müller, 1776)",1776.0,False,False,,diacritic_in_latin,ARTHROPODA,BRANCHIOPODA,An da,Bosminidae,{},,"1,2,3",10,10,2234694,Bosmina longirostris,SPECIES,ACCEPTED,,exact,99,1,Animalia,Arthropoda,Branchiopoda,Diplostraca,Bosminidae,Bosmina,True,1.0
AH_DVN,Hồ Ayun Hạ,zooplankton,44,"Alona monacantha Sars, 1901",,Alona monacantha,Alona,"Sars, 1901",1901.0,False,False,,,ARTHROPODA,BRANCHIOPODA,An da,Chydoridae,{},,"2,3",2,2,5180051,Alona monacantha,SPECIES,ACCEPTED,,exact,99,1,Animalia,Arthropoda,Branchiopoda,Diplostraca,Chydoridae,Alona,True,1.0
AH_DVN,Hồ Ayun Hạ,zooplankton,45,"Disparalona rostrata (Koch, 1841)",,Disparalona rostrata,Disparalona,"(Koch, 1841)",1841.0,False,False,,,ARTHROPODA,BRANCHIOPODA,An da,Chydoridae,{},,2,1,1,2235025,Disparalona rostrata,SPECIES,ACCEPTED,,exact,97,1,Animalia,Arthropoda,Branchiopoda,Diplostraca,Chydoridae,Disparalona,True,1.0
AH_DVN,Hồ Ayun Hạ,zooplankton,46,"Ceriodaphnia rigaudii Richard, 1894",,Ceriodaphnia rigaudii,Ceriodaphnia,"Richard, 1894",1894.0,False,False,,,ARTHROPODA,BRANCHIOPODA,An da,Daphniidae,{},,1,3,3,2234856,Ceriodaphnia rigaudi,SPECIES,ACCEPTED,,fuzzy,96,1,Animalia,Arthropoda,Branchiopoda,Diplostraca,Daphniidae,Ceriodaphnia,True,1.0
AH_DVN,Hồ Ayun Hạ,zooplankton,47,"Ilyocryptus spinifer Herrick, 1882",,Ilyocryptus spinifer,Ilyocryptus,"Herrick, 1882",1882.0,False,False,,,ARTHROPODA,BRANCHIOPODA,An da,Macr thricidae,{},,"2,3",3,3,2234618,Ilyocryptus spinifer,SPECIES,ACCEPTED,,exact,99,1,Animalia,Arthropoda,Branchiopoda,Diplostraca,Ilyocryptidae,Ilyocryptus,False,0.519
AH_DVN,Hồ Ayun Hạ,zooplankton,48,"Moina macrocopa (Straus, 1820)",,Moina macrocopa,Moina,"(Straus, 1820)",1820.0,False,False,,,ARTHROPODA,BRANCHIOPODA,An da,Moinidae,{},,"2,3",3,3,2234757,Moina macrocopa,SPECIES,ACCEPTED,,exact,99,1,Animalia,Arthropoda,Branchiopoda,Diplostraca,Moinidae,Moina,True,1.0
AH_DVN,Hồ Ayun Hạ,zooplankton,49,"Heliodiaptomus sp. 2,3",,Heliodiaptomus sp.,Heliodiaptomus,,,True,False,,,ARTHROPODA,HEXANAUPLIA,Calanoida,Diaptomidae,{},,,8,8,4332324,Heliodiaptomus,GENUS,ACCEPTED,,exact,96,1,Animalia,Arthropoda,Copepoda,Calanoida,Diaptomidae,Heliodiaptomus,True,1.0
AH_DVN,Hồ Ayun Hạ,zooplankton,50,"Pseudodiaptomus sp. 1,2,3",,Pseudodiaptomus sp.,Pseudodiaptomus,,,True,False,,,ARTHROPODA,HEXANAUPLIA,Calanoida,Pseudodiaptomidae,{},,,11,11,2114761,Pseudodiaptomus,GENUS,ACCEPTED,,exact,96,1,Animalia,Arthropoda,Copepoda,Calanoida,Pseudodiaptomidae,Pseudodiaptomus,True,1.0
AH_DVN,Hồ Ayun Hạ,zooplankton,51,"Mesocyclops leukarti (Claus, 1857)",,Mesocyclops leukarti,Mesocyclops,"(Claus, 1857)",1857.0,False,False,,,ARTHROPODA,HEXANAUPLIA,Cyclopoida,Cyclopidae,{},,3,1,1,2116955,Mesocyclops leukarti,SPECIES,ACCEPTED,,exact,99,1,Animalia,Arthropoda,Copepoda,Cyclopoida,Cyclopidae,Mesocyclops,True,1.0
AH_DVN,Hồ Ayun Hạ,zooplankton,52,"Microcyclops varicans Sars, 1863",,Microcyclops varicans,Microcyclops,"Sars, 1863",1863.0,False,False,,,ARTHROPODA,HEXANAUPLIA,Cyclopoida,Cyclopidae,{},,"1,2,3",11,11,2116917,Microcyclops varicans,SPECIES,ACCEPTED,,exact,97,1,Animalia,Arthropoda,Copepoda,Cyclopoida,Cyclopidae,Microcyclops,True,1.0
AH_DVN,Hồ Ayun Hạ,zooplankton,53,"Heterocypris anomala Klie, 1938 LARVA",,Heterocypris anomala,Heterocypris,"Klie, 1938 LARVA",1938.0,False,False,,,ARTHROPODA,OSTRACODA,Podocopida,Cyprididae,{},,"2,3",2,2,1029111,Heterocypris,GENUS,ACCEPTED,,higherrank,92,1,Animalia,Arthropoda,Ostracoda,Podocopida,Cyprididae,Heterocypris,True,1.0
AH_DVN,Hồ Ayun Hạ,zooplankton,54,"Bivalvia 1,2,3",,Bivalvia,Bivalvia,,,False,True,,higher_or_unparsed,ARTHROPODA,OSTRACODA,Podocopida,Cyprididae,{},,,11,11,137,Bivalvia,CLASS,ACCEPTED,,exact,94,1,Animalia,Mollusca,Bivalvia,,,,,0.143
AH_DVN,Hồ Ayun Hạ,zooplankton,55,"Copepoda nauplius 1,2,3",,Copepoda,Copepoda,,,False,True,,life_stage:nauplius,ARTHROPODA,OSTRACODA,Podocopida,Cyprididae,{},,,11,11,11545536,Copepoda,CLASS,ACCEPTED,,exact,94,1,Animalia,Arthropoda,Copepoda,,,,,0.143
AH_DVD,Hồ Ayun Hạ,zoobenthos,1,"Nephthys polybranchia Southem, 1921",,Nephthys polybranchia,Nephthys,"Southem, 1921",1921.0,False,False,,,ANNELIDA,Polychaeta,Phyllodocida,Nephthydidae,{},,,9,6,5196851,Nephthys polybranchia,SPECIES,SYNONYM,Nephtys polybranchia,synonym,98,1,Animalia,Annelida,Polychaeta,Phyllodocida,Nephtyidae,Nephtys,False,0.909
AH_DVD,Hồ Ayun Hạ,zoobenthos,2,"Namalycastis longicirris Takahasa, 1933",,Namalycastis longicirris,Namalycastis,"Takahasa, 1933",1933.0,False,False,,,ANNELIDA,Polychaeta,Phyllodocida,Nereidae,{},,,9,5,2315343,Namalycastis longicirris,SPECIES,ACCEPTED,,exact,99,1,Animalia,Annelida,Polychaeta,Phyllodocida,Nereididae,Namalycastis,False,0.889
AH_DVD,Hồ Ayun Hạ,zoobenthos,3,"Namalycastis hawaiiensis Johnson, 1903",,Namalycastis hawaiiensis,Namalycastis,"Johnson, 1903",1903.0,False,False,,,ANNELIDA,Polychaeta,Phyllodocida,Nereidae,{},,,9,5,2315371,Namalycastis hawaiiensis,SPECIES,ACCEPTED,,exact,99,1,Animalia,Annelida,Polychaeta,Phyllodocida,Nereididae,Namalycastis,False,0.889
AH_DVD,Hồ Ayun Hạ,zoobenthos,4,"Branchiura sowerbyi Beddard, 1892 NGÀNH MOLLUSCA",,Branchiura sowerbyi,Branchiura,"Beddard, 1892 NGÀNH MOLLUSCA",1892.0,False,False,,diacritic_in_latin,ANNELIDA,Oligochaeta,Tubificida,Tubificidae,{},,,9,3,2308574,Branchiura sowerbyi,SPECIES,ACCEPTED,,exact,99,1,Animalia,Annelida,Clitellata,Tubificida,Naididae,Branchiura,False,0.526
AH_DVD,Hồ Ayun Hạ,zoobenthos,5,"Pomacea canaliculata Lamarck, 1822",,Pomacea canaliculata,Pomacea,"Lamarck, 1822",1822.0,False,False,,,ANNELIDA,Gastropoda,Mesogastropoda,Ampullaridae,{},,,9,4,2292582,Pomacea canaliculata,SPECIES,ACCEPTED,,exact,99,1,Animalia,Mollusca,Gastropoda,Architaenioglossa,Ampullariidae,Pomacea,False,0.96
AH_DVD,Hồ Ayun Hạ,zoobenthos,6,"Pomacea bridgesi (Reeve, 1856)",,Pomacea bridgesi,Pomacea,"(Reeve, 1856)",1856.0,False,False,,,ANNELIDA,Gastropoda,Mesogastropoda,Ampullaridae,{},,,9,5,2292581,Pomacea bridgesii,SPECIES,ACCEPTED,,fuzzy,96,1,Animalia,Mollusca,Gastropoda,Architaenioglossa,Ampullariidae,Pomacea,False,0.96
AH_DVD,Hồ Ayun Hạ,zoobenthos,7,"Sulcospira quangtriensis Köhler, Holford, Do & Ho, 2009",,Sulcospira quangtriensis,Sulcospira,"Köhler, Holford, Do & Ho, 2009",2009.0,False,False,,diacritic_in_latin,ANNELIDA,Gastropoda,Mesogastropoda,Pachychilidae,{},,,9,5,9172910,Sulcospira quangtriensis,SPECIES,ACCEPTED,,exact,99,1,Animalia,Mollusca,Gastropoda,,Pachychilidae,Sulcospira,True,1.0
AH_DVD,Hồ Ayun Hạ,zoobenthos,8,"Sulcospira tourannensis (Souleyet, 1852)",,Sulcospira tourannensis,Sulcospira,"(Souleyet, 1852)",1852.0,False,False,,,ANNELIDA,Gastropoda,Mesogastropoda,Pachychilidae,{},,,9,7,7785631,Sulcospira tourannensis,SPECIES,ACCEPTED,,exact,99,1,Animalia,Mollusca,Gastropoda,,Pachychilidae,Sulcospira,True,1.0
AH_DVD,Hồ Ayun Hạ,zoobenthos,9,"Melanoides tuberculatus ( Müller, 1774)",,Melanoides tuberculatus,Melanoides,"( Müller, 1774)",1774.0,False,False,,diacritic_in_latin,ANNELIDA,Gastropoda,Mesogastropoda,Thiaridae,{},,,9,5,4362965,Melanoides tuberculata,SPECIES,ACCEPTED,,fuzzy,96,1,Animalia,Mollusca,Gastropoda,,Thiaridae,Melanoides,True,1.0
AH_DVD,Hồ Ayun Hạ,zoobenthos,10,"Thiara scabra (Müller, 1774)",,Thiara scabra,Thiara,"(Müller, 1774)",1774.0,False,False,,diacritic_in_latin,ANNELIDA,Gastropoda,Mesogastropoda,Thiaridae,{},,,9,7,5782605,Thiara scabra,SPECIES,SYNONYM,Mieniplotia scabra,synonym,98,1,Animalia,Mollusca,Gastropoda,,Thiaridae,Mieniplotia,True,1.0
AH_DVD,Hồ Ayun Hạ,zoobenthos,11,"Angulyagra boettgeri Heude, 1939",,Angulyagra boettgeri,Angulyagra,"Heude, 1939",1939.0,False,False,,,ANNELIDA,Gastropoda,Mesogastropoda,Viviparidae,{},,,9,4,7880534,Angulyagra boettgeri,SPECIES,ACCEPTED,,exact,99,1,Animalia,Mollusca,Gastropoda,Architaenioglossa,Viviparidae,Angulyagra,True,1.0
AH_DVD,Hồ Ayun Hạ,zoobenthos,12,"Angulyagra duchieri Fischer, 1908",,Angulyagra duchieri,Angulyagra,"Fischer, 1908",1908.0,False,False,,,ANNELIDA,Gastropoda,Mesogastropoda,Viviparidae,{},,,9,5,10625599,Angulyagra duchieri,SPECIES,ACCEPTED,,exact,99,1,Animalia,Mollusca,Gastropoda,Architaenioglossa,Viviparidae,Angulyagra,True,1.0
AH_DVD,Hồ Ayun Hạ,zoobenthos,13,"Angulyagra polyzonata (Frauenfeld, 1862)",,Angulyagra polyzonata,Angulyagra,"(Frauenfeld, 1862)",1862.0,False,False,,,ANNELIDA,Gastropoda,Mesogastropoda,Viviparidae,{},,,9,4,6125991,Angulyagra polyzonata,SPECIES,ACCEPTED,,exact,99,1,Animalia,Mollusca,Gastropoda,Architaenioglossa,Viviparidae,Angulyagra,True,1.0
AH_DVD,Hồ Ayun Hạ,zoobenthos,14,"Cipangopaludina lecythoides (Benson, 1856)",,Cipangopaludina lecythoides,Cipangopaludina,"(Benson, 1856)",1856.0,False,False,,,ANNELIDA,Gastropoda,Mesogastropoda,Viviparidae,{},,,9,3,8344124,Cipangopaludina lecythoides,SPECIES,ACCEPTED,,exact,99,1,Animalia,Mollusca,Gastropoda,Architaenioglossa,Viviparidae,Cipangopaludina,True,1.0
AH_DVD,Hồ Ayun Hạ,zoobenthos,15,"Filopaludina sumatrensis (Dunker, 1852)",,Filopaludina sumatrensis,Filopaludina,"(Dunker, 1852)",1852.0,False,False,,,ANNELIDA,Gastropoda,Mesogastropoda,Viviparidae,{},,,9,5,8294275,Filopaludina sumatrensis,SPECIES,ACCEPTED,,exact,99,1,Animalia,Mollusca,Gastropoda,Architaenioglossa,Viviparidae,Filopaludina,True,1.0
AH_DVD,Hồ Ayun Hạ,zoobenthos,16,"Corbicula lamarckiana Prime, 1864",,Corbicula lamarckiana,Corbicula,"Prime, 1864",1864.0,False,False,,,ANNELIDA,Bivalvia,Veneroida,Corbiculidae,{},,,9,7,10258637,Corbicula lamarckiana,SPECIES,ACCEPTED,,exact,99,1,Animalia,Mollusca,Bivalvia,Venerida,Cyrenidae,Corbicula,False,0.571
AH_DVD,Hồ Ayun Hạ,zoobenthos,17,"Corbicula tenuis Clessin, 1887",,Corbicula tenuis,Corbicula,"Clessin, 1887",1887.0,False,False,,,ANNELIDA,Bivalvia,Veneroida,Corbiculidae,{},,,9,5,10396167,Corbicula tenuis,SPECIES,ACCEPTED,,exact,97,1,Animalia,Mollusca,Bivalvia,Venerida,Cyrenidae,Corbicula,False,0.571
AH_DVD,Hồ Ayun Hạ,zoobenthos,18,"Corbicula baudoni Morlet, 1886",,Corbicula baudoni,Corbicula,"Morlet, 1886",1886.0,False,False,,,ANNELIDA,Bivalvia,Veneroida,Corbiculidae,{},,,9,7,8774878,Corbicula baudoni,SPECIES,ACCEPTED,,exact,99,1,Animalia,Mollusca,Bivalvia,Venerida,Cyrenidae,Corbicula,False,0.571
AH_DVD,Hồ Ayun Hạ,zoobenthos,19,"Corbicula cyreniformis Prime, 1860",,Corbicula cyreniformis,Corbicula,"Prime, 1860",1860.0,False,False,,,ANNELIDA,Bivalvia,Veneroida,Corbiculidae,{},,,9,5,8226458,Corbicula cyreniformis,SPECIES,ACCEPTED,,exact,99,1,Animalia,Mollusca,Bivalvia,Venerida,Cyrenidae,Corbicula,False,0.571
AH_DVD,Hồ Ayun Hạ,zoobenthos,20,"Nodularia douglasiae crassidens Hass, 1910",,Nodularia douglasiae,Nodularia,"crassidens Hass, 1910",1910.0,False,False,,,ANNELIDA,Bivalvia,UNIONOIDA,Unionidae,{},,,9,7,7855635,Nodularia douglasiae,SPECIES,ACCEPTED,,exact,99,1,Animalia,Mollusca,Bivalvia,Unionida,Unionidae,Nodularia,True,1.0
AH_DVD,Hồ Ayun Hạ,zoobenthos,21,"Pilsbryoconcha exilis (Lea, 1839)",,Pilsbryoconcha exilis,Pilsbryoconcha,"(Lea, 1839)",1839.0,False,False,,,ANNELIDA,Bivalvia,UNIONOIDA,Unionidae,{},,,9,6,7585698,Pilsbryoconcha exilis,SPECIES,ACCEPTED,,exact,99,1,Animalia,Mollusca,Bivalvia,Unionida,Unionidae,Pilsbryoconcha,True,1.0
AH_DVD,Hồ Ayun Hạ,zoobenthos,22,"Pseudodon mouhotii (Lea, 1863)",,Pseudodon mouhotii,Pseudodon,"(Lea, 1863)",1863.0,False,False,,,ANNELIDA,Bivalvia,UNIONOIDA,Unionidae,{},,,9,6,7353486,Pseudodon mouhoti,SPECIES,SYNONYM,Bineurus mouhotii,synonym,96,1,Animalia,Mollusca,Bivalvia,Unionida,Unionidae,Bineurus,True,1.0
AH_DVD,Hồ Ayun Hạ,zoobenthos,23,"Sinanodonta jourdyi (Morlet, 1886) NGÀNH",,Sinanodonta jourdyi,Sinanodonta,"(Morlet, 1886) NGÀNH",1886.0,False,False,,diacritic_in_latin,ANNELIDA,Bivalvia,UNIONOIDA,Unionidae,{},,,9,6,7386740,Sinanodonta jourdyi,SPECIES,ACCEPTED,,exact,99,1,Animalia,Mollusca,Bivalvia,Unionida,Unionidae,Sinanodonta,True,1.0
AH_DVD,Hồ Ayun Hạ,zoobenthos,24,"Caridina serrata Simpson, 1860",,Caridina serrata,Caridina,"Simpson, 1860",1860.0,False,False,,,ANNELIDA,Malacostraca,Decapoda,Atyidae,{},,,9,9,5863030,Caridina serrata,SPECIES,ACCEPTED,,exact,97,1,Animalia,Arthropoda,Malacostraca,Decapoda,Atyidae,Caridina,True,1.0
AH_DVD,Hồ Ayun Hạ,zoobenthos,25,"Macrobrachium dalatense Nguyen, 2003",,Macrobrachium dalatense,Macrobrachium,"Nguyen, 2003",2003.0,False,False,,,ANNELIDA,Malacostraca,Decapoda,Palaemonidae,{},,,9,7,6457020,Macrobrachium dalatense,SPECIES,ACCEPTED,,exact,99,1,Animalia,Arthropoda,Malacostraca,Decapoda,Palaemonidae,Macrobrachium,True,1.0
AH_DVD,Hồ Ayun Hạ,zoobenthos,26,Macrobrachium hainanense Parisi,,Macrobrachium hainanense,Macrobrachium,Parisi,,False,False,,authorship_without_year,ANNELIDA,Malacostraca,Decapoda,Palaemonidae,{},,,9,7,5863221,Macrobrachium hainanense,SPECIES,ACCEPTED,,exact,99,1,Animalia,Arthropoda,Malacostraca,Decapoda,Palaemonidae,Macrobrachium,True,1.0
AH_DVD,Hồ Ayun Hạ,zoobenthos,27,"Macrobrachium nipponense (De Haan, 1849)",,Macrobrachium nipponense,Macrobrachium,"(De Haan, 1849)",1849.0,False,False,,,ANNELIDA,Malacostraca,Decapoda,Palaemonidae,{},,,9,9,2224515,Macrobrachium nipponense,SPECIES,ACCEPTED,,exact,99,1,Animalia,Arthropoda,Malacostraca,Decapoda,Palaemonidae,Macrobrachium,True,1.0
AH_DVD,Hồ Ayun Hạ,zoobenthos,28,"Macrobrachium pilimanus (De Man, 1879)",,Macrobrachium pilimanus,Macrobrachium,"(De Man, 1879)",1879.0,False,False,,,ANNELIDA,Malacostraca,Decapoda,Palaemonidae,{},,,0,0,2224787,Macrobrachium pilimanus,SPECIES,ACCEPTED,,exact,99,1,Animalia,Arthropoda,Malacostraca,Decapoda,Palaemonidae,Macrobrachium,True,1.0
AH_DVD,Hồ Ayun Hạ,zoobenthos,29,"Macrobrachium equidens (Dana, 1852)",,Macrobrachium equidens,Macrobrachium,"(Dana, 1852)",1852.0,False,False,,,ANNELIDA,Malacostraca,Decapoda,Palaemonidae,{},,,9,4,2224612,Macrobrachium equidens,SPECIES,ACCEPTED,,exact,99,1,Animalia,Arthropoda,Malacostraca,Decapoda,Palaemonidae,Macrobrachium,True,1.0
AH_DVD,Hồ Ayun Hạ,zoobenthos,30,"Macrobrachium thuylami Nguyen, 2006",,Macrobrachium thuylami,Macrobrachium,"Nguyen, 2006",2006.0,False,False,,,ANNELIDA,Malacostraca,Decapoda,Palaemonidae,{},,,9,3,6457045,Macrobrachium thuylami,SPECIES,ACCEPTED,,exact,99,1,Animalia,Arthropoda,Malacostraca,Decapoda,Palaemonidae,Macrobrachium,True,1.0
AH_DVD,Hồ Ayun Hạ,zoobenthos,31,"Balssipotamon ungulatum (Dang & Ho, 2003)",,Balssipotamon ungulatum,Balssipotamon,"(Dang & Ho, 2003)",2003.0,False,False,,,ANNELIDA,Malacostraca,Decapoda,Potamidae,{},,,9,5,5973329,Balssipotamon ungulatum,SPECIES,ACCEPTED,,exact,99,1,Animalia,Arthropoda,Malacostraca,Decapoda,Potamidae,Balssipotamon,True,1.0
AH_DVD,Hồ Ayun Hạ,zoobenthos,32,"Dalatomon loxophrys (Kemp, 1923)",,Dalatomon loxophrys,Dalatomon,"(Kemp, 1923)",1923.0,False,False,,,ANNELIDA,Malacostraca,Decapoda,Potamidae,{},,,9,5,5973485,Dalatomon loxophrys,SPECIES,ACCEPTED,,exact,99,1,Animalia,Arthropoda,Malacostraca,Decapoda,Potamidae,Dalatomon,True,1.0
AH_DVD,Hồ Ayun Hạ,zoobenthos,33,"Donopotamon haii Dang & Hai, 2005",,Donopotamon haii,Donopotamon,"Dang & Hai, 2005",2005.0,False,False,,,ANNELIDA,Malacostraca,Decapoda,Potamidae,{},,,9,5,5790192,Donopotamon haii,SPECIES,ACCEPTED,,exact,99,1,Animalia,Arthropoda,Malacostraca,Decapoda,Potamidae,Donopotamon,True,1.0
AH_DVD,Hồ Ayun Hạ,zoobenthos,34,"Villopotamon sphaeridium (Kemp, 1923)",,Villopotamon sphaeridium,Villopotamon,"(Kemp, 1923)",1923.0,False,False,,,ANNELIDA,Malacostraca,Decapoda,Potamidae,{},,,9,4,5790464,Villopotamon sphaeridium,SPECIES,ACCEPTED,,exact,99,1,Animalia,Arthropoda,Malacostraca,Decapoda,Potamidae,Villopotamon,True,1.0
AH_DVD,Hồ Ayun Hạ,zoobenthos,35,"Esanthelphusa dugasti (Rathbun, 1902)",,Esanthelphusa dugasti,Esanthelphusa,"(Rathbun, 1902)",1902.0,False,False,,,ANNELIDA,Malacostraca,Decapoda,Gecarcinucidae,{},,,9,6,5791005,Esanthelphusa dugasti,SPECIES,ACCEPTED,,exact,99,1,Animalia,Arthropoda,Malacostraca,Decapoda,Gecarcinucidae,Esanthelphusa,True,1.0
AH_DVD,Hồ Ayun Hạ,zoobenthos,36,"Sayamia germaini (Rathbun, 1902)",,Sayamia germaini,Sayamia,"(Rathbun, 1902)",1902.0,False,False,,,ANNELIDA,Malacostraca,Decapoda,Gecarcinucidae,{},,,9,4,5791118,Sayamia germaini,SPECIES,ACCEPTED,,exact,99,1,Animalia,Arthropoda,Malacostraca,Decapoda,Gecarcinucidae,Sayamia,True,1.0
AH_DVD,Hồ Ayun Hạ,zoobenthos,37,"Somanniathelphusa sinensis (Bott, 1970)",,Somanniathelphusa sinensis,Somanniathelphusa,"(Bott, 1970)",1970.0,False,False,,,ANNELIDA,Malacostraca,Decapoda,Gecarcinucidae,{},,,9,8,5790819,Somanniathelphusa sinensis,SPECIES,ACCEPTED,,exact,99,1,Animalia,Arthropoda,Malacostraca,Decapoda,Gecarcinucidae,Somanniathelphusa,True,1.0
AH_CA,Hồ Ayun Hạ,fish,1,"Anguilla bicolor McClelland, 1844●♠",Cá Chình mun,Anguilla bicolor,Anguilla,"McClelland, 1844",1844.0,False,False,●♠,,,,ANGUILLIFORMES,Anguillidae,"{""interview"": ""PV"", ""SDVN_2007"": ""VU"", ""IUCN_2022"": ""NT"", ""CITES_2021"": ""PL II"", ""QD82_2008"": ""VU""}",,,0,0,5712355,Anguilla bicolor,SPECIES,ACCEPTED,,exact,99,1,Animalia,Chordata,,Anguilliformes,Anguillidae,Anguilla,True,1.0
AH_CA,Hồ Ayun Hạ,fish,2,"Chitala chitala (Hamilton, 1822)●♠♦",Cá Thát lát cườm,Chitala chitala,Chitala,"(Hamilton, 1822)",1822.0,False,False,●♠♦,,,,OSTEOGLOSSIFORMES,Notopteridae,"{""specimen"": ""M"", ""IUCN_2022"": ""NT""}",,,0,0,2402277,Chitala chitala,SPECIES,ACCEPTED,,exact,99,1,Animalia,Chordata,,Osteoglossiformes,Notopteridae,Chitala,True,1.0
AH_CA,Hồ Ayun Hạ,fish,3,"Notopterus notopterus (Pallas, 1769)●♠♦",Cá Thát lát,Notopterus notopterus,Notopterus,"(Pallas, 1769)",1769.0,False,False,●♠♦,,,,OSTEOGLOSSIFORMES,Notopteridae,"{""specimen"": ""M"", ""IUCN_2022"": ""LC""}",,,0,0,5212862,Notopterus notopterus,SPECIES,ACCEPTED,,exact,99,1,Animalia,Chordata,,Osteoglossiformes,Notopteridae,Notopterus,True,1.0
AH_CA,Hồ Ayun Hạ,fish,4,"Misgurnus anguillicaudatus (Cantor, 1842)●",Cá Chạch bùn,Misgurnus anguillicaudatus,Misgurnus,"(Cantor, 1842)",1842.0,False,False,●,,,,CYPRINIFORMES,Cobitidae,"{""specimen"": ""M"", ""IUCN_2022"": ""LC""}",,,0,0,2367919,Misgurnus anguillicaudatus,SPECIES,ACCEPTED,,exact,99,1,Animalia,Chordata,,Cypriniformes,Cobitidae,Misgurnus,True,1.0
AH_CA,Hồ Ayun Hạ,fish,5,"Traccatichthys zispi ♦ (Prokofiev, 2004)",Cá Trạc cật,Traccatichthys zispi,Traccatichthys,"(Prokofiev, 2004)",2004.0,False,False,♦,,,,CYPRINIFORMES,Nemacheilidae,"{""interview"": ""PV""}",,,0,0,7613304,Traccatichthys zispi,SPECIES,SYNONYM,Micronemacheilus zispi,synonym,98,1,Animalia,Chordata,,Cypriniformes,Nemacheilidae,Micronemacheilus,True,1.0
AH_CA,Hồ Ayun Hạ,fish,6,Barbonymus gonionotus (Bleeker 1849)●♣♠♦,Cá Mè vinh,Barbonymus gonionotus,Barbonymus,(Bleeker 1849),1849.0,False,False,●♣♠♦,,,,CYPRINIFORMES,Cyprinidae,"{""specimen"": ""M""}",,,0,0,2366114,Barbonymus gonionotus,SPECIES,ACCEPTED,,exact,99,1,Animalia,Chordata,,Cypriniformes,Cyprinidae,Barbonymus,True,1.0
AH_CA,Hồ Ayun Hạ,fish,7,"Osteochilus vittatus (Valenciennes, 1842)●♦",Cá Mè lúi,Osteochilus vittatus,Osteochilus,"(Valenciennes, 1842)",1842.0,False,False,●♦,,,,CYPRINIFORMES,Cyprinidae,"{""specimen"": ""M""}",,,0,0,2364327,Osteochilus vittatus,SPECIES,ACCEPTED,,exact,99,1,Animalia,Chordata,,Cypriniformes,Cyprinidae,Osteochilus,True,1.0
AH_CA,Hồ Ayun Hạ,fish,8,"Osteochilus microcephalus (Valenciennes, 1842)●",Cá Lúi,Osteochilus microcephalus,Osteochilus,"(Valenciennes, 1842)",1842.0,False,False,●,,,,CYPRINIFORMES,Cyprinidae,"{""specimen"": ""M""}",,,0,0,2364380,Osteochilus microcephalus,SPECIES,ACCEPTED,,exact,99,1,Animalia,Chordata,,Cypriniformes,Cyprinidae,Osteochilus,True,1.0
AH_CA,Hồ Ayun Hạ,fish,9,"Cyprinus carpio Linnaeus, 1758●♠♦",Cá Chép,Cyprinus carpio,Cyprinus,"Linnaeus, 1758",1758.0,False,False,●♠♦,,,,CYPRINIFORMES,Cyprinidae,"{""specimen"": ""M"", ""IUCN_2022"": ""VU""}",,,0,0,4286975,Cyprinus carpio,SPECIES,ACCEPTED,,exact,99,1,Animalia,Chordata,,Cypriniformes,Cyprinidae,Cyprinus,True,1.0
AH_CA,Hồ Ayun Hạ,fish,10,"Carassius auratus (Linnaeus, 1758)●",Cá Diếc mắt đỏ,Carassius auratus,Carassius,"(Linnaeus, 1758)",1758.0,False,False,●,,,,CYPRINIFORMES,Cyprinidae,"{""specimen"": ""M"", ""IUCN_2022"": ""LC""}",,,0,0,4286942,Carassius auratus,SPECIES,ACCEPTED,,exact,99,1,Animalia,Chordata,,Cypriniformes,Cyprinidae,Carassius,True,1.0
AH_CA,Hồ Ayun Hạ,fish,11,"Barbodes semifasciolatus (Günther, 1868)",Cá Đòng đong/cá Cấn,Barbodes semifasciolatus,Barbodes,"(Günther, 1868)",1868.0,False,False,,diacritic_in_latin,,,CYPRINIFORMES,Cyprinidae,"{""specimen"": ""M"", ""IUCN_2022"": ""LC""}",,,0,0,9515715,Barbodes semifasciolatus,SPECIES,ACCEPTED,,exact,99,1,Animalia,Chordata,,Cypriniformes,Cyprinidae,Barbodes,True,1.0
AH_CA,Hồ Ayun Hạ,fish,12,"Hampala macrolepidota Kuhl & Van Hasselt, 1823●",Cá Ngựa nam,Hampala macrolepidota,Hampala,"Kuhl & Van Hasselt, 1823",1823.0,False,False,●,,,,CYPRINIFORMES,Cyprinidae,"{""interview"": ""PV""}",,,0,0,2367430,Hampala macrolepidota,SPECIES,ACCEPTED,,exact,97,1,Animalia,Chordata,,Cypriniformes,Cyprinidae,Hampala,True,1.0
AH_CA,Hồ Ayun Hạ,fish,13,"Rasbora lateristriata (Bleeker, 1854)♦",Cá Lòng tong kẻ,Rasbora lateristriata,Rasbora,"(Bleeker, 1854)",1854.0,False,False,♦,,,,CYPRINIFORMES,Danionidae,"{""specimen"": ""M""}",,,0,0,2359498,Rasbora lateristriata,SPECIES,ACCEPTED,,exact,99,1,Animalia,Chordata,,Cypriniformes,Cyprinidae,Rasbora,False,0.6
AH_CA,Hồ Ayun Hạ,fish,14,"Ctenopharyngodon idella (Valenciennes, 1844)●♣♠",Cá Trắm cỏ,Ctenopharyngodon idella,Ctenopharyngodon,"(Valenciennes, 1844)",1844.0,False,False,●♣♠,,,,CYPRINIFORMES,Xenocyprididae,"{""specimen"": ""M""}",,,0,0,2362030,Ctenopharyngodon idella,SPECIES,ACCEPTED,,exact,99,1,Animalia,Chordata,,Cypriniformes,Cyprinidae,Ctenopharyngodon,False,0.75
AH_CA,Hồ Ayun Hạ,fish,15,"Hypophthalmichthys molitrix (Valenciennes, 1844)●♣♠ ♦",Cá Mè trắng hoa nam,Hypophthalmichthys molitrix,Hypophthalmichthys,"(Valenciennes, 1844)",1844.0,False,False,●♣♠♦,,,,CYPRINIFORMES,Xenocyprididae,"{""specimen"": ""M"", ""IUCN_2022"": ""NT""}",,,0,0,2362473,Hypophthalmichthys molitrix,SPECIES,ACCEPTED,,exact,99,1,Animalia,Chordata,,Cypriniformes,Cyprinidae,Hypophthalmichthys,False,0.75
AH_CA,Hồ Ayun Hạ,fish,16,"Rhodeus rheinardti (Tirant, 1883)",Cá Bướm trung bộ,Rhodeus rheinardti,Rhodeus,"(Tirant, 1883)",1883.0,False,False,,,,,CYPRINIFORMES,Acheilognathidae,"{""specimen"": ""M"", ""interview"": ""PV""}",,,0,0,2360819,Rhodeus rheinardti,SPECIES,ACCEPTED,,exact,99,1,Animalia,Chordata,,Cypriniformes,Cyprinidae,Rhodeus,False,0.538
AH_CA,Hồ Ayun Hạ,fish,17,Clarias sp.●♠,Cá Trê,Clarias sp.,Clarias,,,True,False,●♠,,,,SILURIFORMES,Clariidae,"{""specimen"": ""M""}",,,0,0,5202658,Clarias,GENUS,ACCEPTED,,exact,95,1,Animalia,Chordata,,Siluriformes,Clariidae,Clarias,True,1.0
AH_CA,Hồ Ayun Hạ,fish,18,"Pseudomystus siamensis (Regan, 1913)",Cá Chốt bông,Pseudomystus siamensis,Pseudomystus,"(Regan, 1913)",1913.0,False,False,,,,,SILURIFORMES,Bagridae,"{""interview"": ""PV""}",,,0,0,2338280,Pseudomystus siamensis,SPECIES,ACCEPTED,,exact,99,1,Animalia,Chordata,,Siluriformes,Bagridae,Pseudomystus,True,1.0
AH_CA,Hồ Ayun Hạ,fish,19,"Tachysurus fluvidraco (Richardson, 1846)",Cá bò,Tachysurus fluvidraco,Tachysurus,"(Richardson, 1846)",1846.0,False,False,,,,,SILURIFORMES,Bagridae,"{""interview"": ""PV""}",,,0,0,6168091,Tachysurus fulvidraco,SPECIES,ACCEPTED,,fuzzy,95,1,Animalia,Chordata,,Siluriformes,Bagridae,Tachysurus,True,1.0
AH_CA,Hồ Ayun Hạ,fish,20,"Eleotris oxycephala Temminck & Schlegel, 1845",Cá Bống đen nhỏ,Eleotris oxycephala,Eleotris,"Temminck & Schlegel, 1845",1845.0,False,False,,,,,GOBIIFORMES,Eleotridae,"{""specimen"": ""M"", ""IUCN_2022"": ""LC""}",,,0,0,2386147,Eleotris oxycephala,SPECIES,ACCEPTED,,exact,99,1,Animalia,Chordata,,Perciformes,Eleotridae,Eleotris,True,1.0
AH_CA,Hồ Ayun Hạ,fish,21,"Rhinogobius lineatus Chen, Kottelat & Miller 1999",Cá Bống đá,Rhinogobius lineatus,Rhinogobius,"Chen, Kottelat & Miller 1999",1999.0,False,False,,,,,GOBIIFORMES,Eleotridae,"{""specimen"": ""M"", ""IUCN_2022"": ""EN""}",,,0,0,2377635,Rhinogobius lineatus,SPECIES,ACCEPTED,,exact,99,1,Animalia,Chordata,,Perciformes,Gobiidae,Rhinogobius,False,0.556
AH_CA,Hồ Ayun Hạ,fish,22,"Oxyeleotris marmoratus (Bleeker, 1852)●♣♠♦",Cá Bống tượng,Oxyeleotris marmoratus,Oxyeleotris,"(Bleeker, 1852)",1852.0,False,False,●♣♠♦,,,,GOBIIFORMES,Butidae,"{""specimen"": ""M""}",,,0,0,2386241,Oxyeleotris marmorata,SPECIES,ACCEPTED,,fuzzy_rejected,96,1,Animalia,Chordata,,Perciformes,Eleotridae,Oxyeleotris,False,0.588
AH_CA,Hồ Ayun Hạ,fish,23,"Monopterus javanensis Lacepède, 1800●♠",Lươn,Monopterus javanensis,Monopterus,"Lacepède, 1800",1800.0,False,False,●♠,diacritic_in_latin,,,SYNBRANCHIFORMES,Synbranchidae,"{""specimen"": ""M"", ""IUCN_2022"": ""LC""}",,,0,0,5204086,Monopterus javanensis,SPECIES,SYNONYM,Monopterus albus,synonym,98,1,Animalia,Chordata,,Synbranchiformes,Synbranchidae,Monopterus,True,1.0
AH_CA,Hồ Ayun Hạ,fish,24,"Mastacembelus favus (Hora, 1924)●♠",Cá Chạch bông lớn,Mastacembelus favus,Mastacembelus,"(Hora, 1924)",1924.0,False,False,●♠,,,,SYNBRANCHIFORMES,Mastacembelidae,"{""interview"": ""PV""}",,,0,0,2351761,Mastacembelus favus,SPECIES,ACCEPTED,,exact,99,1,Animalia,Chordata,,Synbranchiformes,Mastacembelidae,Mastacembelus,True,1.0
AH_CA,Hồ Ayun Hạ,fish,25,"Channa limbata (Cuvier, 1831)●♠",Cá Quả,Channa limbata,Channa,"(Cuvier, 1831)",1831.0,False,False,●♠,,,,ANABANTIFORMES,Channidae,"{""specimen"": ""M"", ""IUCN_2022"": ""LC""}",,,0,0,8514307,Channa limbata,SPECIES,SYNONYM,Channa gachua,synonym,98,1,Animalia,Chordata,,Perciformes,Channidae,Channa,True,1.0
AH_CA,Hồ Ayun Hạ,fish,26,"Anabas testudineus (Bloch, 1792)●♠",Cá Rô đồng,Anabas testudineus,Anabas,"(Bloch, 1792)",1792.0,False,False,●♠,,,,ANABANTIFORMES,Anabantidae,"{""specimen"": ""M""}",,,0,0,2391579,Anabas testudineus,SPECIES,ACCEPTED,,exact,99,1,Animalia,Chordata,,Perciformes,Anabantidae,Anabas,True,1.0
AH_CA,Hồ Ayun Hạ,fish,27,"Macropodus opercularis ♦ Linnaeus, 1758",Cá Đuôi cờ,Macropodus opercularis,Macropodus,"Linnaeus, 1758",1758.0,False,False,♦,,,,ANABANTIFORMES,Osphronemidae,"{""specimen"": ""M"", ""IUCN_2022"": ""LC""}",,,0,0,5211160,Macropodus opercularis,SPECIES,ACCEPTED,,exact,99,1,Animalia,Chordata,,Perciformes,Osphronemidae,Macropodus,True,1.0
AH_CA,Hồ Ayun Hạ,fish,28,"Trichopsis vittata (Cuvier, 1831)♦",Cá Bã trầu,Trichopsis vittata,Trichopsis,"(Cuvier, 1831)",1831.0,False,False,♦,,,,ANABANTIFORMES,Osphronemidae,"{""specimen"": ""M""}",,,0,0,5211201,Trichopsis vittata,SPECIES,ACCEPTED,,exact,99,1,Animalia,Chordata,,Perciformes,Osphronemidae,Trichopsis,True,1.0
AH_CA,Hồ Ayun Hạ,fish,29,"Trichopodus trichopterus (Pallas, 1770)●♦",Cá Sặc bướm,Trichopodus trichopterus,Trichopodus,"(Pallas, 1770)",1770.0,False,False,●♦,,,,ANABANTIFORMES,Osphronemidae,"{""specimen"": ""M""}",,,0,0,5211169,Trichopodus trichopterus,SPECIES,ACCEPTED,,exact,99,1,Animalia,Chordata,,Perciformes,Osphronemidae,Trichopodus,True,1.0
AH_CA,Hồ Ayun Hạ,fish,30,Parambassis sp.,Cá Sơn nước ngọt,Parambassis sp.,Parambassis,,,True,False,,,,,CICHLIFORMES,Ambassidae,"{""specimen"": ""M""}",,,0,0,2387201,Parambassis,GENUS,ACCEPTED,,exact,96,1,Animalia,Chordata,,Perciformes,Ambassidae,Parambassis,True,1.0
AH_CA,Hồ Ayun Hạ,fish,31,"Oreochromis niloticus (Linnaeus, 1758)●♣♠♦",Cá Rô phi vằn,Oreochromis niloticus,Oreochromis,"(Linnaeus, 1758)",1758.0,False,False,●♣♠♦,,,,CICHLIFORMES,Cichlidae,"{""specimen"": ""M"", ""IUCN_2022"": ""LC""}",,,0,0,4285694,Oreochromis niloticus,SPECIES,ACCEPTED,,exact,97,1,Animalia,Chordata,,Perciformes,Cichlidae,Oreochromis,True,1.0
AH_CA,Hồ Ayun Hạ,fish,32,Oreochromis sp.●♣♠♦,Cá Diêu hồng,Oreochromis sp.,Oreochromis,,,True,False,●♣♠♦,,,,CICHLIFORMES,Cichlidae,"{""specimen"": ""M""}",,,0,0,2372271,Oreochromis,GENUS,ACCEPTED,,exact,95,1,Animalia,Chordata,,Perciformes,Cichlidae,Oreochromis,True,1.0
AH_CA,Hồ Ayun Hạ,fish,33,"Zenarchopterus ectuntio (Hamilton, 1822)",Cá Lìm kìm sông,Zenarchopterus ectuntio,Zenarchopterus,"(Hamilton, 1822)",1822.0,False,False,,,,,BELONIFORMES,Hemiramphidae,"{""specimen"": ""M""}",,,0,0,2368796,Zenarchopterus ectuntio,SPECIES,ACCEPTED,,exact,99,1,Animalia,Chordata,,Beloniformes,Zenarchopteridae,Zenarchopterus,False,0.483
AH_CTN,Hồ Ayun Hạ,aquatic_insects,1,"Vietnamella thani Tshernova, 1972",,Vietnamella thani,Vietnamella,"Tshernova, 1972",1972.0,False,False,,,,,Ephemeroptera,Austremerellidae,{},,,9,5,6931794,Vietnamella thani,SPECIES,ACCEPTED,,exact,99,1,Animalia,Arthropoda,Insecta,Ephemeroptera,Vietnamellidae,Vietnamella,False,0.6
AH_CTN,Hồ Ayun Hạ,aquatic_insects,2,Acentrella sp.,,Acentrella sp.,Acentrella,,,True,False,,,,,Ephemeroptera,Baetidae,{},,,9,6,1407537,Acentrella,GENUS,ACCEPTED,,exact,96,1,Animalia,Arthropoda,Insecta,Ephemeroptera,Baetidae,Acentrella,True,1.0
AH_CTN,Hồ Ayun Hạ,aquatic_insects,3,Procloeon sp.,,Procloeon sp.,Procloeon,,,True,False,,,,,Ephemeroptera,Baetidae,{},,,9,4,1407651,Procloeon,GENUS,ACCEPTED,,exact,95,1,Animalia,Arthropoda,Insecta,Ephemeroptera,Baetidae,Procloeon,True,1.0
AH_CTN,Hồ Ayun Hạ,aquatic_insects,4,"Caenis cornigera Kang & Yang, 1994",,Caenis cornigera,Caenis,"Kang & Yang, 1994",1994.0,False,False,,,,,Ephemeroptera,Caenidae,{},,,9,6,5735462,Caenis cornigera,SPECIES,ACCEPTED,,exact,99,1,Animalia,Arthropoda,Insecta,Ephemeroptera,Caenidae,Caenis,True,1.0
AH_CTN,Hồ Ayun Hạ,aquatic_insects,5,Ephemera sp.,,Ephemera sp.,Ephemera,,,True,False,,,,,Ephemeroptera,Ephemeridae,{},,,9,4,1407107,Ephemera,GENUS,ACCEPTED,,exact,100,2,Animalia,Arthropoda,Insecta,Ephemeroptera,Ephemeridae,Ephemera,True,1.0
AH_CTN,Hồ Ayun Hạ,aquatic_insects,6,"Drunella perculta Allen, 1971",,Drunella perculta,Drunella,"Allen, 1971",1971.0,False,False,,,,,Ephemeroptera,Ephemerellidae,{},,,9,5,1408127,Drunella,GENUS,ACCEPTED,,higherrank,94,1,Animalia,Arthropoda,Insecta,Ephemeroptera,Ephemerellidae,Drunella,True,1.0
AH_CTN,Hồ Ayun Hạ,aquatic_insects,7,"Serratella albostriata Tong & Dudgeon, 2000",,Serratella albostriata,Serratella,"Tong & Dudgeon, 2000",2000.0,False,False,,,,,Ephemeroptera,Ephemerellidae,{},,,9,4,1408175,Serratella,GENUS,ACCEPTED,,higherrank,94,1,Animalia,Arthropoda,Insecta,Ephemeroptera,Ephemerellidae,Serratella,True,1.0
AH_CTN,Hồ Ayun Hạ,aquatic_insects,8,Serratella sp.,,Serratella sp.,Serratella,,,True,False,,,,,Ephemeroptera,Ephemerellidae,{},,,9,5,1408175,Serratella,GENUS,ACCEPTED,,exact,96,1,Animalia,Arthropoda,Insecta,Ephemeroptera,Ephemerellidae,Serratella,True,1.0
AH_CTN,Hồ Ayun Hạ,aquatic_insects,9,Ecdyonurus landai Braasch & Soldán 1984,,Ecdyonurus landai,Ecdyonurus,Braasch & Soldán 1984,1984.0,False,False,,diacritic_in_latin,,,Ephemeroptera,Heptageniidae,{},,,9,3,1408837,Ecdyonurus,GENUS,ACCEPTED,,higherrank,94,1,Animalia,Arthropoda,Insecta,Ephemeroptera,Heptageniidae,Ecdyonurus,True,1.0
AH_CTN,Hồ Ayun Hạ,aquatic_insects,10,Ecdyonurus cervina Braasch & Soldán 1984,,Ecdyonurus cervina,Ecdyonurus,Braasch & Soldán 1984,1984.0,False,False,,diacritic_in_latin,,,Ephemeroptera,Heptageniidae,{},,,9,7,1408837,Ecdyonurus,GENUS,ACCEPTED,,higherrank,94,1,Animalia,Arthropoda,Insecta,Ephemeroptera,Heptageniidae,Ecdyonurus,True,1.0
AH_CTN,Hồ Ayun Hạ,aquatic_insects,11,"Epeorus hieroglyphicus Braasch & Soldán, 1984",,Epeorus hieroglyphicus,Epeorus,"Braasch & Soldán, 1984",1984.0,False,False,,diacritic_in_latin,,,Ephemeroptera,Heptageniidae,{},,,9,3,6933230,Epeorus hieroglyphicus,SPECIES,ACCEPTED,,exact,99,1,Animalia,Arthropoda,Insecta,Ephemeroptera,Heptageniidae,Epeorus,True,1.0
AH_CTN,Hồ Ayun Hạ,aquatic_insects,12,"Epeorus bifurcatus Braasch & Soldán, 1979",,Epeorus bifurcatus,Epeorus,"Braasch & Soldán, 1979",1979.0,False,False,,diacritic_in_latin,,,Ephemeroptera,Heptageniidae,{},,,9,3,6933246,Epeorus bifurcatus,SPECIES,ACCEPTED,,exact,99,1,Animalia,Arthropoda,Insecta,Ephemeroptera,Heptageniidae,Epeorus,True,1.0
AH_CTN,Hồ Ayun Hạ,aquatic_insects,13,Iron sp.,,Iron sp.,Iron,,,True,False,,,,,Ephemeroptera,Heptageniidae,{},,,9,4,1408626,Iron,GENUS,SYNONYM,,synonym,100,2,Animalia,Arthropoda,Insecta,Ephemeroptera,Heptageniidae,Epeorus,True,1.0
AH_CTN,Hồ Ayun Hạ,aquatic_insects,14,"Thalerosphyrus vietnamensis Dang, 1967",,Thalerosphyrus vietnamensis,Thalerosphyrus,"Dang, 1967",1967.0,False,False,,,,,Ephemeroptera,Heptageniidae,{},,,9,6,6933590,Thalerosphyrus vietnamensis,SPECIES,ACCEPTED,,exact,99,1,Animalia,Arthropoda,Insecta,Ephemeroptera,Heptageniidae,Thalerosphyrus,True,1.0
AH_CTN,Hồ Ayun Hạ,aquatic_insects,15,"Choroterpes trifurcata Ulmer, 1939",,Choroterpes trifurcata,Choroterpes,"Ulmer, 1939",1939.0,False,False,,,,,Ephemeroptera,Leptophlebiidae,{},,,9,3,6134092,Choroterpes trifurcatus,SPECIES,SYNONYM,Euthraulus trifurcatus,synonym,96,1,Animalia,Arthropoda,Insecta,Ephemeroptera,Leptophlebiidae,Euthraulus,True,1.0
AH_CTN,Hồ Ayun Hạ,aquatic_insects,16,"Choroterpides major Ulmer, 1939",,Choroterpides major,Choroterpides,"Ulmer, 1939",1939.0,False,False,,,,,Ephemeroptera,Leptophlebiidae,{},,,9,5,7197091,Choroterpides major,SPECIES,ACCEPTED,,exact,99,1,Animalia,Arthropoda,Insecta,Ephemeroptera,Leptophlebiidae,Choroterpides,True,1.0
AH_CTN,Hồ Ayun Hạ,aquatic_insects,17,"Polyplocia orientallis Nguyen & Bae, 2003",,Polyplocia orientallis,Polyplocia,"Nguyen & Bae, 2003",2003.0,False,False,,,,,Ephemeroptera,Polymitacyirdae,{},,,9,5,6932648,Polyplocia orientalis,SPECIES,ACCEPTED,,fuzzy_rejected,96,1,Animalia,Arthropoda,Insecta,Ephemeroptera,Euthyplociidae,Polyplocia,False,0.483
AH_CTN,Hồ Ayun Hạ,aquatic_insects,18,Anisocentropus sp.,,Anisocentropus sp.,Anisocentropus,,,True,False,,,,,Trichoptera,Calamoceratidae,{},,,9,9,1437228,Anisocentropus,GENUS,ACCEPTED,,exact,96,1,Animalia,Arthropoda,Insecta,Trichoptera,Calamoceratidae,Anisocentropus,True,1.0
AH_CTN,Hồ Ayun Hạ,aquatic_insects,19,Ugandatrichia sp.,,Ugandatrichia sp.,Ugandatrichia,,,True,False,,,,,Trichoptera,Hydroptilidae,{},,,9,5,1431893,Ugandatrichia,GENUS,ACCEPTED,,exact,96,1,Animalia,Arthropoda,Insecta,Trichoptera,Hydroptilidae,Ugandatrichia,True,1.0
AH_CTN,Hồ Ayun Hạ,aquatic_insects,20,Cheumatopsyche sp.,,Cheumatopsyche sp.,Cheumatopsyche,,,True,False,,,,,Trichoptera,Hydropsychidae,{},,,9,5,1439645,Cheumatopsyche,GENUS,ACCEPTED,,exact,96,1,Animalia,Arthropoda,Insecta,Trichoptera,Hydropsychidae,Cheumatopsyche,True,1.0
AH_CTN,Hồ Ayun Hạ,aquatic_insects,21,Hydropsyche sp.,,Hydropsyche sp.,Hydropsyche,,,True,False,,,,,Trichoptera,Hydropsychidae,{},,,9,4,1431357,Hydropsyche,GENUS,ACCEPTED,,exact,100,2,Animalia,Arthropoda,Insecta,Trichoptera,Hydropsychidae,Hydropsyche,True,1.0
AH_CTN,Hồ Ayun Hạ,aquatic_insects,22,Macrosternum sp.,,Macrosternum sp.,Macrosternum,,,True,False,,,,,Trichoptera,Hydropsychidae,{},,,9,7,4769630,Macrosternus,GENUS,ACCEPTED,,fuzzy_rejected,85,1,Animalia,Arthropoda,Insecta,Coleoptera,Histeridae,Macrosternus,False,0.5
AH_CTN,Hồ Ayun Hạ,aquatic_insects,23,Leptocerus sp.,,Leptocerus sp.,Leptocerus,,,True,False,,,,,Trichoptera,Leptoceridae,{},,,9,3,1436142,Leptocerus,GENUS,ACCEPTED,,exact,95,1,Animalia,Arthropoda,Insecta,Trichoptera,Leptoceridae,Leptocerus,True,1.0
AH_CTN,Hồ Ayun Hạ,aquatic_insects,24,Oecetis sp.,,Oecetis sp.,Oecetis,,,True,False,,,,,Trichoptera,Leptoceridae,{},,,9,2,1436291,Oecetis,GENUS,ACCEPTED,,exact,96,1,Animalia,Arthropoda,Insecta,Trichoptera,Leptoceridae,Oecetis,True,1.0
AH_CTN,Hồ Ayun Hạ,aquatic_insects,25,Setodes sp.,,Setodes sp.,Setodes,,,True,False,,,,,Trichoptera,Leptoceridae,{},,,9,4,1436781,Setodes,GENUS,ACCEPTED,,exact,96,1,Animalia,Arthropoda,Insecta,Trichoptera,Leptoceridae,Setodes,True,1.0
AH_CTN,Hồ Ayun Hạ,aquatic_insects,26,Lepidostoma sp.,,Lepidostoma sp.,Lepidostoma,,,True,False,,,,,Trichoptera,Lepidostomatidae,{},,,9,6,1443129,Lepidostoma,GENUS,ACCEPTED,,exact,100,2,Animalia,Arthropoda,Insecta,Trichoptera,Lepidostomatidae,Lepidostoma,True,1.0
AH_CTN,Hồ Ayun Hạ,aquatic_insects,27,Chimara sp.,,Chimara sp.,Chimara,,,True,False,,,,,Trichoptera,Philopotamidae,{},,,9,5,1430802,Chimarra,GENUS,ACCEPTED,,fuzzy,100,2,Animalia,Arthropoda,Insecta,Trichoptera,Philopotamidae,Chimarra,True,1.0
AH_CTN,Hồ Ayun Hạ,aquatic_insects,28,Marilia sp.,,Marilia sp.,Marilia,,,True,False,,,,,Trichoptera,Odontoceridae,{},,,9,9,1437460,Marilia,GENUS,ACCEPTED,,exact,96,1,Animalia,Arthropoda,Insecta,Trichoptera,Odontoceridae,Marilia,True,1.0
AH_CTN,Hồ Ayun Hạ,aquatic_insects,29,Psilotreta sp.,,Psilotreta sp.,Psilotreta,,,True,False,,,,,Trichoptera,Odontoceridae,{},,,9,9,1437517,Psilotreta,GENUS,ACCEPTED,,exact,96,1,Animalia,Arthropoda,Insecta,Trichoptera,Odontoceridae,Psilotreta,True,1.0
AH_CTN,Hồ Ayun Hạ,aquatic_insects,30,"Stenopsyche siamensis Martynov, 1921",,Stenopsyche siamensis,Stenopsyche,"Martynov, 1921",1921.0,False,False,,,,,Trichoptera,Stenopsychidae,{},,,9,4,1431821,Stenopsyche siamensis,SPECIES,ACCEPTED,,exact,99,1,Animalia,Arthropoda,Insecta,Trichoptera,Stenopsychidae,Stenopsyche,True,1.0
AH_CTN,Hồ Ayun Hạ,aquatic_insects,31,"Stenopsyche angustata (Martynov, 1930)",,Stenopsyche angustata,Stenopsyche,"(Martynov, 1930)",1930.0,False,False,,,,,Trichoptera,Stenopsychidae,{},,,9,3,1431851,Stenopsyche angustata,SPECIES,ACCEPTED,,exact,99,1,Animalia,Arthropoda,Insecta,Trichoptera,Stenopsychidae,Stenopsyche,True,1.0
AH_CTN,Hồ Ayun Hạ,aquatic_insects,32,Tinodes sp.,,Tinodes sp.,Tinodes,,,True,False,,,,,Trichoptera,Psychomyiidae,{},,,9,4,1438576,Tinodes,GENUS,ACCEPTED,,exact,95,1,Animalia,Arthropoda,Insecta,Trichoptera,Psychomyiidae,Tinodes,True,1.0
AH_CTN,Hồ Ayun Hạ,aquatic_insects,33,Neureclipsis sp.,,Neureclipsis sp.,Neureclipsis,,,True,False,,,,,Trichoptera,Polycentropodidae,{},,,9,5,1437821,Neureclipsis,GENUS,ACCEPTED,,exact,96,1,Animalia,Arthropoda,Insecta,Trichoptera,Polycentropodidae,Neureclipsis,True,1.0
AH_CTN,Hồ Ayun Hạ,aquatic_insects,34,Dipseudopsis sp.,,Dipseudopsis sp.,Dipseudopsis,,,True,False,,,,,Trichoptera,Dipseudopsidae,{},,,9,9,1438910,Dipseudopsis,GENUS,ACCEPTED,,exact,96,1,Animalia,Arthropoda,Insecta,Trichoptera,Dipseudopsidae,Dipseudopsis,True,1.0
AH_CTN,Hồ Ayun Hạ,aquatic_insects,35,"Cryptoperla bisaeta (Kawai, 1968)",,Cryptoperla bisaeta,Cryptoperla,"(Kawai, 1968)",1968.0,False,False,,,,,Plecoptera,Peltoperlidae,{},,,9,5,2001348,Cryptoperla bisaeta,SPECIES,ACCEPTED,,exact,99,1,Animalia,Arthropoda,Insecta,Plecoptera,Peltoperlidae,Cryptoperla,True,1.0
AH_CTN,Hồ Ayun Hạ,aquatic_insects,36,"Peltoperlopsis swanni Stark & Sivec, 2007",,Peltoperlopsis swanni,Peltoperlopsis,"Stark & Sivec, 2007",2007.0,False,False,,,,,Plecoptera,Peltoperlidae,{},,,9,2,2001296,Peltoperlopsis swanni,SPECIES,ACCEPTED,,exact,99,1,Animalia,Arthropoda,Insecta,Plecoptera,Peltoperlidae,Peltoperlopsis,True,1.0
AH_CTN,Hồ Ayun Hạ,aquatic_insects,37,"Agnetina jarai Stark & Sivec, 1991",,Agnetina jarai,Agnetina,"Stark & Sivec, 1991",1991.0,False,False,,,,,Plecoptera,Perlidae,{},,,9,3,2005416,Agnetina jarai,SPECIES,ACCEPTED,,exact,99,1,Animalia,Arthropoda,Insecta,Plecoptera,Perlidae,Agnetina,True,1.0
AH_CTN,Hồ Ayun Hạ,aquatic_insects,38,"Acroneuria azunensis Stark & Sivec, 2008",,Acroneuria azunensis,Acroneuria,"Stark & Sivec, 2008",2008.0,False,False,,,,,Plecoptera,Perlidae,{},,,9,4,2005144,Acroneuria azunensis,SPECIES,ACCEPTED,,exact,99,1,Animalia,Arthropoda,Insecta,Plecoptera,Perlidae,Acroneuria,True,1.0
AH_CTN,Hồ Ayun Hạ,aquatic_insects,39,Bramahna sp.,,Bramahna sp.,Bramahna,,,True,False,,,,,Plecoptera,Perlidae,{},,,9,2,,,,,,none,100,1,,,,,,,,0.167
AH_CTN,Hồ Ayun Hạ,aquatic_insects,40,"Etrocorema nigrogeniculatum Enderlein, 1909",,Etrocorema nigrogeniculatum,Etrocorema,"Enderlein, 1909",1909.0,False,False,,,,,Plecoptera,Perlidae,{},,,9,2,2004984,Etrocorema nigrogeniculatum,SPECIES,ACCEPTED,,exact,99,1,Animalia,Arthropoda,Insecta,Plecoptera,Perlidae,Etrocorema,True,1.0
AH_CTN,Hồ Ayun Hạ,aquatic_insects,41,"Kamimuria azunensis Sivec & Stark, 2008",,Kamimuria azunensis,Kamimuria,"Sivec & Stark, 2008",2008.0,False,False,,,,,Plecoptera,Perlidae,{},,,9,4,2004735,Kamimuria azunensis,SPECIES,ACCEPTED,,exact,99,1,Animalia,Arthropoda,Insecta,Plecoptera,Perlidae,Kamimuria,True,1.0
AH_CTN,Hồ Ayun Hạ,aquatic_insects,42,"Flavoperla hmong Stark & Sivec, 2008",,Flavoperla hmong,Flavoperla,"Stark & Sivec, 2008",2008.0,False,False,,,,,Plecoptera,Perlidae,{},,,9,3,2004906,Flavoperla hmong,SPECIES,ACCEPTED,,exact,99,1,Animalia,Arthropoda,Insecta,Plecoptera,Perlidae,Flavoperla,True,1.0
AH_CTN,Hồ Ayun Hạ,aquatic_insects,43,Neoperla sp.,,Neoperla sp.,Neoperla,,,True,False,,,,,Plecoptera,Perlidae,{},,,9,4,2005820,Neoperla,GENUS,ACCEPTED,,exact,95,1,Animalia,Arthropoda,Insecta,Plecoptera,Perlidae,Neoperla,True,1.0
AH_CTN,Hồ Ayun Hạ,aquatic_insects,44,"Neoperla tamdao Cao & Bae, 2007",,Neoperla tamdao,Neoperla,"Cao & Bae, 2007",2007.0,False,False,,,,,Plecoptera,Perlidae,{},,,9,2,2006007,Neoperla tamdao,SPECIES,ACCEPTED,,exact,99,1,Animalia,Arthropoda,Insecta,Plecoptera,Perlidae,Neoperla,True,1.0
AH_CTN,Hồ Ayun Hạ,aquatic_insects,45,"Neoperla mnong Stark, 1987",,Neoperla mnong,Neoperla,"Stark, 1987",1987.0,False,False,,,,,Plecoptera,Perlidae,{},,,9,3,2005844,Neoperla mnong,SPECIES,ACCEPTED,,exact,99,1,Animalia,Arthropoda,Insecta,Plecoptera,Perlidae,Neoperla,True,1.0
AH_CTN,Hồ Ayun Hạ,aquatic_insects,46,"Neoperla multispinosa Stark & Sivec, 2008",,Neoperla multispinosa,Neoperla,"Stark & Sivec, 2008",2008.0,False,False,,,,,Plecoptera,Perlidae,{},,,9,3,2005855,Neoperla multispinosa,SPECIES,ACCEPTED,,exact,99,1,Animalia,Arthropoda,Insecta,Plecoptera,Perlidae,Neoperla,True,1.0
AH_CTN,Hồ Ayun Hạ,aquatic_insects,47,Togoperla sp.,,Togoperla sp.,Togoperla,,,True,False,,,,,Plecoptera,Perlidae,{},,,9,9,2004422,Togoperla,GENUS,ACCEPTED,,exact,96,1,Animalia,Arthropoda,Insecta,Plecoptera,Perlidae,Togoperla,True,1.0
AH_CTN,Hồ Ayun Hạ,aquatic_insects,48,"Tyloperla khang Stark & Sivec, 2005",,Tyloperla khang,Tyloperla,"Stark & Sivec, 2005",2005.0,False,False,,,,,Plecoptera,Perlidae,{},,,9,2,2005042,Tyloperla khang,SPECIES,ACCEPTED,,exact,99,1,Animalia,Arthropoda,Insecta,Plecoptera,Perlidae,Tyloperla,True,1.0
AH_CTN,Hồ Ayun Hạ,aquatic_insects,49,"Tyloperla trui Cao & Bae, 2007",,Tyloperla trui,Tyloperla,"Cao & Bae, 2007",2007.0,False,False,,,,,Plecoptera,Perlidae,{},,,9,3,4383133,Tyloperla trui,SPECIES,ACCEPTED,,exact,99,1,Animalia,Arthropoda,Insecta,Plecoptera,Perlidae,Tyloperla,True,1.0
AH_CTN,Hồ Ayun Hạ,aquatic_insects,50,Gestroiella sp.,,Gestroiella sp.,Gestroiella,,,True,False,,,,,Hemiptera,Naucoridae,{},,,9,6,4774644,Gestroiella,GENUS,ACCEPTED,,exact,96,1,Animalia,Arthropoda,Insecta,Hemiptera,Naucoridae,Gestroiella,True,1.0
AH_CTN,Hồ Ayun Hạ,aquatic_insects,51,Heleocoris sp.,,Heleocoris sp.,Heleocoris,,,True,False,,,,,Hemiptera,Naucoridae,{},,,9,4,4780104,Heleocoris,GENUS,ACCEPTED,,exact,96,1,Animalia,Arthropoda,Insecta,Hemiptera,Naucoridae,Heleocoris,True,1.0
AH_CTN,Hồ Ayun Hạ,aquatic_insects,52,Naucoris sp.,,Naucoris sp.,Naucoris,,,True,False,,,,,Hemiptera,Naucoridae,{},,,9,5,8349552,Naucoris,GENUS,ACCEPTED,,exact,95,1,Animalia,Arthropoda,Insecta,Hemiptera,Naucoridae,Naucoris,True,1.0
AH_CTN,Hồ Ayun Hạ,aquatic_insects,53,Aphelocheirus sp.,,Aphelocheirus sp.,Aphelocheirus,,,True,False,,,,,Hemiptera,Aphelocheiridae,{},,,9,9,3265576,Aphelocheirus,GENUS,ACCEPTED,,exact,96,1,Animalia,Arthropoda,Insecta,Hemiptera,Aphelocheiridae,Aphelocheirus,True,1.0
AH_CTN,Hồ Ayun Hạ,aquatic_insects,54,Ophiogomphus sp.,,Ophiogomphus sp.,Ophiogomphus,,,True,False,,,,,Odonata,Gomphidae,{},,,9,6,1426026,Ophiogomphus,GENUS,ACCEPTED,,exact,95,1,Animalia,Arthropoda,Insecta,Odonata,Gomphidae,Ophiogomphus,True,1.0
AH_CTN,Hồ Ayun Hạ,aquatic_insects,55,Lamelligomphus sp.,,Lamelligomphus sp.,Lamelligomphus,,,True,False,,,,,Odonata,Gomphidae,{},,,9,6,1425706,Lamelligomphus,GENUS,ACCEPTED,,exact,96,1,Animalia,Arthropoda,Insecta,Odonata,Gomphidae,Lamelligomphus,True,1.0
AH_CTN,Hồ Ayun Hạ,aquatic_insects,56,Melliogomphus sp.,,Melliogomphus sp.,Melliogomphus,,,True,False,,,,,Odonata,Gomphidae,{},,,9,6,1426720,Melligomphus,GENUS,ACCEPTED,,fuzzy,85,1,Animalia,Arthropoda,Insecta,Odonata,Gomphidae,Melligomphus,True,1.0
AH_CTN,Hồ Ayun Hạ,aquatic_insects,57,Lyriothemis sp.,,Lyriothemis sp.,Lyriothemis,,,True,False,,,,,Odonata,Libellulidae,{},,,9,6,1428361,Lyriothemis,GENUS,ACCEPTED,,exact,96,1,Animalia,Arthropoda,Insecta,Odonata,Libellulidae,Lyriothemis,True,1.0
AH_CTN,Hồ Ayun Hạ,aquatic_insects,58,Brachythemis sp.,,Brachythemis sp.,Brachythemis,,,True,False,,,,,Odonata,Libellulidae,{},,,9,8,8165048,Brachythemis,GENUS,ACCEPTED,,exact,95,1,Animalia,Arthropoda,Insecta,Odonata,Libellulidae,Brachythemis,True,1.0
AH_CTN,Hồ Ayun Hạ,aquatic_insects,59,Trithemis sp.,,Trithemis sp.,Trithemis,,,True,False,,,,,Odonata,Libellulidae,{},,,9,9,7960601,Trithemis,GENUS,ACCEPTED,,exact,95,1,Animalia,Arthropoda,Insecta,Odonata,Libellulidae,Trithemis,True,1.0
AH_CTN,Hồ Ayun Hạ,aquatic_insects,60,Macromia sp.,,Macromia sp.,Macromia,,,True,False,,,,,Odonata,Macromiidae,{},,,9,5,1429846,Macromia,GENUS,ACCEPTED,,exact,95,1,Animalia,Arthropoda,Insecta,Odonata,Macromiidae,Macromia,True,1.0
AH_CTN,Hồ Ayun Hạ,aquatic_insects,61,Dineutus sp.,,Dineutus sp.,Dineutus,,,True,False,,,,,Coleoptera,Gyrinidae,{},,,9,4,1034541,Dineutus,GENUS,ACCEPTED,,exact,96,1,Animalia,Arthropoda,Insecta,Coleoptera,Gyrinidae,Dineutus,True,1.0
AH_CTN,Hồ Ayun Hạ,aquatic_insects,62,Neocylloepus sp.,,Neocylloepus sp.,Neocylloepus,,,True,False,,,,,Coleoptera,Elmidae,{},,,9,5,1033604,Neocylloepus,GENUS,ACCEPTED,,exact,96,1,Animalia,Arthropoda,Insecta,Coleoptera,Elmidae,Neocylloepus,True,1.0
AH_CTN,Hồ Ayun Hạ,aquatic_insects,63,Microcylloepus sp.,,Microcylloepus sp.,Microcylloepus,,,True,False,,,,,Coleoptera,Elmidae,{},,,9,3,1033606,Microcylloepus,GENUS,ACCEPTED,,exact,96,1,Animalia,Arthropoda,Insecta,Coleoptera,Elmidae,Microcylloepus,True,1.0
AH_CTN,Hồ Ayun Hạ,aquatic_insects,64,Ectopria sp.,,Ectopria sp.,Ectopria,,,True,False,,,,,Coleoptera,Psephenidae,{},,,9,3,1033431,Ectopria,GENUS,ACCEPTED,,exact,96,1,Animalia,Arthropoda,Insecta,Coleoptera,Psephenidae,Ectopria,True,1.0
AH_CTN,Hồ Ayun Hạ,aquatic_insects,65,Psephenus sp.,,Psephenus sp.,Psephenus,,,True,False,,,,,Coleoptera,Psephenidae,{},,,9,7,1033415,Psephenus,GENUS,ACCEPTED,,exact,96,1,Animalia,Arthropoda,Insecta,Coleoptera,Psephenidae,Psephenus,True,1.0
AH_CTN,Hồ Ayun Hạ,aquatic_insects,66,Chironomus sp.,,Chironomus sp.,Chironomus,,,True,False,,,,,Diptera,Chironomidae,{},,,9,3,1448033,Chironomus,GENUS,ACCEPTED,,exact,96,1,Animalia,Arthropoda,Insecta,Diptera,Chironomidae,Chironomus,True,1.0
AH_CTN,Hồ Ayun Hạ,aquatic_insects,67,Tanytarsus sp.,,Tanytarsus sp.,Tanytarsus,,,True,False,,,,,Diptera,Chironomidae,{},,,9,4,1451718,Tanytarsus,GENUS,ACCEPTED,,exact,95,1,Animalia,Arthropoda,Insecta,Diptera,Chironomidae,Tanytarsus,True,1.0
AH_CTN,Hồ Ayun Hạ,aquatic_insects,68,Antocha sp.,,Antocha sp.,Antocha,,,True,False,,,,,Diptera,Tipulidae,{},,,7,6,1513860,Antocha,GENUS,ACCEPTED,,exact,96,1,Animalia,Arthropoda,Insecta,Diptera,Limoniidae,Antocha,False,0.526
AH_CTN,Hồ Ayun Hạ,aquatic_insects,69,Hexatoma sp.,,Hexatoma sp.,Hexatoma,,,True,False,,,,,Diptera,Tipulidae,{},,,9,6,3264603,Hexatoma,GENUS,ACCEPTED,,exact,95,1,Animalia,Arthropoda,Insecta,Diptera,Limoniidae,Hexatoma,False,0.526
AH_CTN,Hồ Ayun Hạ,aquatic_insects,70,Limnophila sp.,,Limnophila sp.,Limnophila,,,True,False,,,,,Diptera,Tipulidae,{},,,9,8,1520958,Limnophila,GENUS,ACCEPTED,,exact,98,2,Animalia,Arthropoda,Insecta,Diptera,Limoniidae,Limnophila,False,0.526
AH_CTN,Hồ Ayun Hạ,aquatic_insects,71,Tipula sp.,,Tipula sp.,Tipula,,,True,False,,,,,Diptera,Tipulidae,{},,,9,7,1446543,Tipula,GENUS,ACCEPTED,,exact,95,1,Animalia,Arthropoda,Insecta,Diptera,Tipulidae,Tipula,True,1.0
AH_CTN,Hồ Ayun Hạ,aquatic_insects,72,Limnophora sp.,,Limnophora sp.,Limnophora,,,True,False,,,,,Diptera,Muscidae,{},,,9,3,1529975,Limnophora,GENUS,ACCEPTED,,exact,95,1,Animalia,Arthropoda,Insecta,Diptera,Muscidae,Limnophora,True,1.0
AH_CTN,Hồ Ayun Hạ,aquatic_insects,73,Simulium sp.,,Simulium sp.,Simulium,,,True,False,,,,,Diptera,Simulidae,{},,,9,6,5734043,Simulium,GENUS,ACCEPTED,,exact,95,1,Animalia,Arthropoda,Insecta,Diptera,Simuliidae,Simulium,False,0.947
AH_NL,Hồ Ayun Hạ,invasive_alien,1,Phytophthora cinnamomi Rands Trung và Nam,Nấm gây bệnh thối rễ,Phytophthora cinnamomi,Phytophthora,Rands Trung và Nam,,False,False,,diacritic_in_latin;authorship_without_year,Oomycota,,Peronosporales,Peronosporaceae,"{""invasive"": ""X""}",Đông Nam Á,,0,0,3203682,Phytophthora cinnamomi,SPECIES,ACCEPTED,,exact,99,1,Chromista,Oomycota,Peronosporea,Peronosporales,Peronosporaceae,Phytophthora,True,1.0
AH_NL,Hồ Ayun Hạ,invasive_alien,2,"Pomacea canaliculata (Lamarck, 1828)",Ốc bươu vàng Mỹ,Pomacea canaliculata,Pomacea,"(Lamarck, 1828)",1828.0,False,False,,,Mollusca,,Mesogastropoda,Ampullariidae,"{""invasive"": ""X"", ""widespread_invasive"": ""X""}",,,0,0,2292582,Pomacea canaliculata,SPECIES,ACCEPTED,,exact,99,1,Animalia,Mollusca,Gastropoda,Architaenioglossa,Ampullariidae,Pomacea,True,1.0
AH_NL,Hồ Ayun Hạ,invasive_alien,3,"Achatina albopicta Smith, 1878",Ốc sên Châu Phi,Achatina albopicta,Achatina,"Smith, 1878",1878.0,False,False,,,Mollusca,,Stylommatophora,Achatinidae,"{""invasive"": ""X""}",Châu Phi Ngành Động vật có dây sống,,0,0,8981811,Achatina albopicta,SPECIES,SYNONYM,Lissachatina albopicta,synonym,98,1,Animalia,Mollusca,Gastropoda,Stylommatophora,Achatinidae,Lissachatina,True,1.0
AH_NL,Hồ Ayun Hạ,invasive_alien,4,"Oreochromis mossambicus (Peters, 1852)",Cá rô phi đen,Oreochromis mossambicus,Oreochromis,"(Peters, 1852)",1852.0,False,False,,,Chordata,,Perciformes,Cichlidae,"{""potential_invasive"": ""X""}",Châu Phi,,0,0,2372396,Oreochromis mossambicus,SPECIES,ACCEPTED,,exact,99,1,Animalia,Chordata,,Perciformes,Cichlidae,Oreochromis,True,1.0
AH_NL,Hồ Ayun Hạ,invasive_alien,5,"Hypostomus punctatus (Valeciaennes, 1840)",Cá dọn bể/cá lau kính,Hypostomus punctatus,Hypostomus,"(Valeciaennes, 1840)",1840.0,False,False,,,Chordata,,Siluriformes,Loricariidae,"{""invasive"": ""X""}",Nam Mỹ,,0,0,5202194,Hypostomus punctatus,SPECIES,ACCEPTED,,exact,99,1,Animalia,Chordata,,Siluriformes,Loricariidae,Hypostomus,True,1.0
AH_NL,Hồ Ayun Hạ,invasive_alien,6,"Clarias gariepinus Burchell, 1822",Cá trê phi,Clarias gariepinus,Clarias,"Burchell, 1822",1822.0,False,False,,,Chordata,,Siluriformes,Clariidae,"{""potential_invasive"": ""X""}",Châu Phi,,0,0,5202793,Clarias gariepinus,SPECIES,ACCEPTED,,exact,99,1,Animalia,Chordata,,Siluriformes,Clariidae,Clarias,True,1.0
AH_NL,Hồ Ayun Hạ,invasive_alien,7,"Eichhornia crassipes Mart Solms, 1883",Cây Bèo lục bình,Eichhornia crassipes,Eichhornia,"Mart Solms, 1883",1883.0,False,False,,,Magnoliophyta,,Liliales,Pontederiaceae,"{""invasive"": ""X"", ""widespread_invasive"": ""X""}",Nam Mỹ,,0,0,2765940,Eichhornia crassipes,SPECIES,SYNONYM,Pontederia crassipes,synonym,98,1,Plantae,Tracheophyta,Liliopsida,Commelinales,Pontederiaceae,Pontederia,True,1.0
AH_NL,Hồ Ayun Hạ,invasive_alien,8,"Mimosa pigra Linnaeus, 1758",Cây Mai dương,Mimosa pigra,Mimosa,"Linnaeus, 1758",1758.0,False,False,,,Magnoliophyta,,Fabales,Fabaceae,"{""invasive"": ""X"", ""widespread_invasive"": ""X""}",Nam Mỹ,,0,0,2969431,Mimosa pigra,SPECIES,ACCEPTED,,exact,99,1,Plantae,Tracheophyta,Magnoliopsida,Fabales,Fabaceae,Mimosa,True,1.0
AH_NL,Hồ Ayun Hạ,invasive_alien,9,"Mimosa diplotricha Wright ex Sauvalle, 1869",Cây Trinh nữ móc,Mimosa diplotricha,Mimosa,"Wright ex Sauvalle, 1869",1869.0,False,False,,,Magnoliophyta,,Fabales,Fabaceae,"{""invasive"": ""X"", ""widespread_invasive"": ""X""}",Châu Mỹ,,0,0,7808904,Mimosa diplotricha,SPECIES,ACCEPTED,,exact,98,1,Plantae,Tracheophyta,Magnoliopsida,Fabales,Fabaceae,Mimosa,True,1.0
AH_NL,Hồ Ayun Hạ,invasive_alien,10,"Ageratum conyzoides Linnaeus, 1753",Cây cỏ hôi,Ageratum conyzoides,Ageratum,"Linnaeus, 1753",1753.0,False,False,,,Magnoliophyta,,Asterales,Asteraceae,"{""invasive"": ""X""}",Châu Mỹ,,0,0,5401673,Ageratum conyzoides,SPECIES,ACCEPTED,,exact,97,1,Plantae,Tracheophyta,Magnoliopsida,Asterales,Asteraceae,Ageratum,True,1.0
AH_NL,Hồ Ayun Hạ,invasive_alien,11,"Chromolaena odorata Linnaeus, 1758",Cây cỏ lào,Chromolaena odorata,Chromolaena,"Linnaeus, 1758",1758.0,False,False,,,Magnoliophyta,,Asterales,Asteraceae,"{""invasive"": ""X"", ""widespread_invasive"": ""X""}",Châu Mỹ,,0,0,3087725,Chromolaena odorata,SPECIES,ACCEPTED,,exact,99,1,Plantae,Tracheophyta,Magnoliopsida,Asterales,Asteraceae,Chromolaena,True,1.0
AH_NL,Hồ Ayun Hạ,invasive_alien,12,"Sphagneticola trilobata Linnaeus, 1996",Cây cúc bò,Sphagneticola trilobata,Sphagneticola,"Linnaeus, 1996",1996.0,False,False,,,Magnoliophyta,,Asterales,Asteraceae,"{""potential_invasive"": ""X""}",Trung Mỹ,,0,0,3116842,Sphagneticola trilobata,SPECIES,ACCEPTED,,exact,99,1,Plantae,Tracheophyta,Magnoliopsida,Asterales,Asteraceae,Sphagneticola,True,1.0
AH_NL,Hồ Ayun Hạ,invasive_alien,13,"Opuntia stricta Haw, 1812",Cây xương rồng đất,Opuntia stricta,Opuntia,"Haw, 1812",1812.0,False,False,,,Magnoliophyta,,Caryophyllales,Cactaceae,"{""potential_invasive"": ""X""}",Đông Bắc Mỹ,,0,0,5384075,Opuntia stricta,SPECIES,ACCEPTED,,exact,99,1,Plantae,Tracheophyta,Magnoliopsida,Caryophyllales,Cactaceae,Opuntia,True,1.0
AH_NL,Hồ Ayun Hạ,invasive_alien,14,"Lantana camara Linnaeus, 1758",Cây Ngũ sắc,Lantana camara,Lantana,"Linnaeus, 1758",1758.0,False,False,,,Magnoliophyta,,Lamiales,Verbenaceae,"{""invasive"": ""X""}",Trung Mỹ,,0,0,2925303,Lantana camara,SPECIES,ACCEPTED,,exact,99,1,Plantae,Tracheophyta,Magnoliopsida,Lamiales,Verbenaceae,Lantana,True,1.0
SESAN_CA,Sông Sê San,fish,1,"Chitala blanci (d'Aubenton, 1965)",cá nàng hương,Chitala blanci,Chitala,"(d'Aubenton, 1965)",1965.0,False,False,,,,,OSTEOGLOSSIFORMES,Notopteridae,"{""IUCN_2026"": ""NT"", ""ND37_2024"": ""NII""}",,,0,0,2402266,Chitala blanci,SPECIES,ACCEPTED,,exact,99,1,Animalia,Chordata,,Osteoglossiformes,Notopteridae,Chitala,True,1.0
SESAN_CA,Sông Sê San,fish,2,"Chitala ornata (Gray, 1831)",cá còm,Chitala ornata,Chitala,"(Gray, 1831)",1831.0,False,False,,,,,OSTEOGLOSSIFORMES,Notopteridae,"{""IUCN_2026"": ""LC"", ""DLDVN_2024"": ""VU"", ""ND37_2024"": ""NII""}",,,0,0,2402260,Chitala ornata,SPECIES,ACCEPTED,,exact,99,1,Animalia,Chordata,,Osteoglossiformes,Notopteridae,Chitala,True,1.0
SESAN_CA,Sông Sê San,fish,3,"Notopterus notopterus (Pallas, 1769)",cá thát lát,Notopterus notopterus,Notopterus,"(Pallas, 1769)",1769.0,False,False,,,,,OSTEOGLOSSIFORMES,Notopteridae,"{""IUCN_2026"": ""LC""}",,,0,0,5212862,Notopterus notopterus,SPECIES,ACCEPTED,,exact,99,1,Animalia,Chordata,,Osteoglossiformes,Notopteridae,Notopterus,True,1.0
SESAN_CA,Sông Sê San,fish,4,"Anguilla marmorata Quoy & Gaimard, 1824",cá chình hoa,Anguilla marmorata,Anguilla,"Quoy & Gaimard, 1824",1824.0,False,False,,,,,ANGUILLIFORMES,Anguillidae,"{""IUCN_2026"": ""LC"", ""DLDVN_2024"": ""EN"", ""ND37_2024"": ""NII""}",,,0,0,5213048,Anguilla marmorata,SPECIES,ACCEPTED,,exact,99,1,Animalia,Chordata,,Anguilliformes,Anguillidae,Anguilla,True,1.0
SESAN_CA,Sông Sê San,fish,5,"Gyrinocheilus pennocki (Fowler, 1937)",cá bám đá,Gyrinocheilus pennocki,Gyrinocheilus,"(Fowler, 1937)",1937.0,False,False,,,,,CYPRINIFORMES,Gyrinocheilidae,"{""IUCN_2026"": ""LC"", ""ND37_2024"": ""NI""}",,,0,0,2368344,Gyrinocheilus pennocki,SPECIES,ACCEPTED,,exact,99,1,Animalia,Chordata,,Cypriniformes,Gyrinocheilidae,Gyrinocheilus,True,1.0
SESAN_CA,Sông Sê San,fish,6,"Yasuhikotakia lecontei (Fowler, 1937)",cá heo đuôi đỏ,Yasuhikotakia lecontei,Yasuhikotakia,"(Fowler, 1937)",1937.0,False,False,,,,,CYPRINIFORMES,Botiidae,"{""IUCN_2026"": ""LC""}",,,0,0,2367790,Yasuhikotakia lecontei,SPECIES,ACCEPTED,,exact,99,1,Animalia,Chordata,,Cypriniformes,Cobitidae,Yasuhikotakia,False,0.706
SESAN_CA,Sông Sê San,fish,7,"Yasuhikotakia modesta (Bleeker, 1864)",cá heo vạch,Yasuhikotakia modesta,Yasuhikotakia,"(Bleeker, 1864)",1864.0,False,False,,,,,CYPRINIFORMES,Botiidae,"{""IUCN_2026"": ""LC""}",,,0,0,2367775,Yasuhikotakia modesta,SPECIES,ACCEPTED,,exact,99,1,Animalia,Chordata,,Cypriniformes,Cobitidae,Yasuhikotakia,False,0.706
SESAN_CA,Sông Sê San,fish,8,"Acanthopsoides delphax Siebert, 1991",cá trạch,Acanthopsoides delphax,Acanthopsoides,"Siebert, 1991",1991.0,False,False,,,,,CYPRINIFORMES,Cobitidae,"{""IUCN_2026"": ""LC""}",,,0,0,2368117,Acanthopsoides delphax,SPECIES,ACCEPTED,,exact,99,1,Animalia,Chordata,,Cypriniformes,Cobitidae,Acanthopsoides,True,1.0
SESAN_CA,Sông Sê San,fish,9,"Acanthopsoides hapalias Siebert, 1991",,Acanthopsoides hapalias,Acanthopsoides,"Siebert, 1991",1991.0,False,False,,,,,CYPRINIFORMES,Cobitidae,"{""IUCN_2026"": ""LC""}",,,0,0,2368113,Acanthopsoides hapalias,SPECIES,ACCEPTED,,exact,99,1,Animalia,Chordata,,Cypriniformes,Cobitidae,Acanthopsoides,True,1.0
SESAN_CA,Sông Sê San,fish,10,"Sewellia patella Freyhof & Serov, 2000",cá đép,Sewellia patella,Sewellia,"Freyhof & Serov, 2000",2000.0,False,False,,,,,CYPRINIFORMES,Gastromyzontidae,"{""IUCN_2026"": ""EN"", ""DLDVN_2024"": ""EN""}",,,0,0,5205388,Sewellia patella,SPECIES,ACCEPTED,,exact,99,1,Animalia,Chordata,,Cypriniformes,Balitoridae,Sewellia,False,0.519
SESAN_CA,Sông Sê San,fish,11,"Balitora annamitica Kottelat, 1988",cá bám đá an nam,Balitora annamitica,Balitora,"Kottelat, 1988",1988.0,False,False,,,,,CYPRINIFORMES,Balitoridae,"{""IUCN_2026"": ""LC""}",,,0,0,2357527,Balitora annamitica,SPECIES,ACCEPTED,,exact,99,1,Animalia,Chordata,,Cypriniformes,Balitoridae,Balitora,True,1.0
SESAN_CA,Sông Sê San,fish,12,"Homaloptera confuzona Kottelat, 2000",cá bám đá,Homaloptera confuzona,Homaloptera,"Kottelat, 2000",2000.0,False,False,,,,,CYPRINIFORMES,Balitoridae,"{""IUCN_2026"": ""DD""}",,,0,0,2358573,Homaloptera confuzona,SPECIES,ACCEPTED,,exact,99,1,Animalia,Chordata,,Cypriniformes,Balitoridae,Homaloptera,True,1.0
SESAN_CA,Sông Sê San,fish,13,"Homalopteroides smithi (Hora, 1932)",cá bám đá,Homalopteroides smithi,Homalopteroides,"(Hora, 1932)",1932.0,False,False,,,,,CYPRINIFORMES,Balitoridae,{},,,0,0,9455883,Homalopteroides smithi,SPECIES,ACCEPTED,,exact,99,1,Animalia,Chordata,,Cypriniformes,Balitoridae,Homalopteroides,True,1.0
SESAN_CA,Sông Sê San,fish,14,"Pseudohomaloptera leonardi (Hora, 1941)",cá bám đá,Pseudohomaloptera leonardi,Pseudohomaloptera,"(Hora, 1941)",1941.0,False,False,,,,,CYPRINIFORMES,Balitoridae,"{""IUCN_2026"": ""LC""}",,,0,0,9308187,Pseudohomaloptera leonardi,SPECIES,ACCEPTED,,exact,99,1,Animalia,Chordata,,Cypriniformes,Balitoridae,Pseudohomaloptera,True,1.0
SESAN_CA,Sông Sê San,fish,15,"Amblyrhynchichthys truncatus (Bleeker, 1850)",cá trao tráo,Amblyrhynchichthys truncatus,Amblyrhynchichthys,"(Bleeker, 1850)",1850.0,False,False,,,,,CYPRINIFORMES,Cyprinidae,"{""IUCN_2026"": ""LC""}",,,0,0,2360476,Amblyrhynchichthys truncatus,SPECIES,ACCEPTED,,exact,99,1,Animalia,Chordata,,Cypriniformes,Cyprinidae,Amblyrhynchichthys,True,1.0
SESAN_CA,Sông Sê San,fish,16,"Anematichthys repasson (Bleeker, 1853)",cá ba kỳ,Anematichthys repasson,Anematichthys,"(Bleeker, 1853)",1853.0,False,False,,,,,CYPRINIFORMES,Cyprinidae,{},,,0,0,7564873,Anematichthys repasson,SPECIES,ACCEPTED,,exact,99,1,Animalia,Chordata,,Cypriniformes,Cyprinidae,Anematichthys,True,1.0
SESAN_CA,Sông Sê San,fish,17,"Barbodes aurotaeniatus (Tirant, 1885)",cá đong chấm,Barbodes aurotaeniatus,Barbodes,"(Tirant, 1885)",1885.0,False,False,,,,,CYPRINIFORMES,Cyprinidae,"{""IUCN_2026"": ""LC""}",,,0,0,9552418,Barbodes aurotaeniatus,SPECIES,ACCEPTED,,exact,99,1,Animalia,Chordata,,Cypriniformes,Cyprinidae,Barbodes,True,1.0
SESAN_CA,Sông Sê San,fish,18,"Barbodes binotatus (Valenciennes, 1842)",cá trẳng,Barbodes binotatus,Barbodes,"(Valenciennes, 1842)",1842.0,False,False,,,,,CYPRINIFORMES,Cyprinidae,"{""IUCN_2026"": ""LC""}",,,0,0,2363847,Barbodes binotatus,SPECIES,ACCEPTED,,exact,99,1,Animalia,Chordata,,Cypriniformes,Cyprinidae,Barbodes,True,1.0
SESAN_CA,Sông Sê San,fish,19,"Barbonymus altus (Günther, 1868)",cá he vàng,Barbonymus altus,Barbonymus,"(Günther, 1868)",1868.0,False,False,,diacritic_in_latin,,,CYPRINIFORMES,Cyprinidae,"{""IUCN_2026"": ""LC"", ""ND37_2024"": ""NII""}",,,0,0,2366091,Barbonymus altus,SPECIES,ACCEPTED,,exact,99,1,Animalia,Chordata,,Cypriniformes,Cyprinidae,Barbonymus,True,1.0
SESAN_CA,Sông Sê San,fish,20,"Barbonymus schwanenfeldii (Bleeker, 1854)",cá he đỏ,Barbonymus schwanenfeldii,Barbonymus,"(Bleeker, 1854)",1854.0,False,False,,,,,CYPRINIFORMES,Cyprinidae,"{""IUCN_2026"": ""LC"", ""ND37_2024"": ""NII""}",,,0,0,2366101,Barbonymus schwanenfeldii,SPECIES,ACCEPTED,,exact,99,1,Animalia,Chordata,,Cypriniformes,Cyprinidae,Barbonymus,True,1.0
SESAN_CA,Sông Sê San,fish,21,"Catlocarpio siamensis Boulenger, 1898",cá hô,Catlocarpio siamensis,Catlocarpio,"Boulenger, 1898",1898.0,False,False,,,,,CYPRINIFORMES,Cyprinidae,"{""IUCN_2026"": ""CR"", ""DLDVN_2024"": ""CR"", ""ND37_2024"": ""NI""}",,,0,0,2359467,Catlocarpio siamensis,SPECIES,ACCEPTED,,exact,99,1,Animalia,Chordata,,Cypriniformes,Cyprinidae,Catlocarpio,True,1.0
SESAN_CA,Sông Sê San,fish,22,"Ceratogarra cambodgiensis (Tirant,1883)",cá may campuchia,Ceratogarra cambodgiensis,Ceratogarra,"(Tirant,1883)",1883.0,False,False,,,,,CYPRINIFORMES,Cyprinidae,{},,,0,0,,,,,,none,100,1,,,,,,,,0.286
SESAN_CA,Sông Sê San,fish,23,"Ceratogarra fasciacauda (Fowler, 1937)",cá núi sọc,Ceratogarra fasciacauda,Ceratogarra,"(Fowler, 1937)",1937.0,False,False,,,,,CYPRINIFORMES,Cyprinidae,{},,,0,0,,,,,,none,100,1,,,,,,,,0.286
SESAN_CA,Sông Sê San,fish,24,"Cirrhinus jullieni Sauvage, 1878",cá linh ống,Cirrhinus jullieni,Cirrhinus,"Sauvage, 1878",1878.0,False,False,,,,,CYPRINIFORMES,Cyprinidae,"{""IUCN_2026"": ""DD""}",,,0,0,5205979,Cirrhinus jullieni,SPECIES,ACCEPTED,,exact,99,1,Animalia,Chordata,,Cypriniformes,Cyprinidae,Cirrhinus,True,1.0
SESAN_CA,Sông Sê San,fish,25,"Cirrhinus molitorella (Valenciennes, 1844)",cá trôi,Cirrhinus molitorella,Cirrhinus,"(Valenciennes, 1844)",1844.0,False,False,,,,,CYPRINIFORMES,Cyprinidae,"{""IUCN_2026"": ""NT""}",,,0,0,5206449,Cirrhinus molitorella,SPECIES,ACCEPTED,,exact,99,1,Animalia,Chordata,,Cypriniformes,Cyprinidae,Cirrhinus,True,1.0
SESAN_CA,Sông Sê San,fish,26,"Cirrhinus microlepis Sauvage, 1878",cá duồng,Cirrhinus microlepis,Cirrhinus,"Sauvage, 1878",1878.0,False,False,,,,,CYPRINIFORMES,Cyprinidae,"{""IUCN_2026"": ""VU"", ""DLDVN_2024"": ""VU"", ""ND37_2024"": ""NII""}",,,0,0,5206472,Cirrhinus microlepis,SPECIES,ACCEPTED,,exact,99,1,Animalia,Chordata,,Cypriniformes,Cyprinidae,Cirrhinus,True,1.0
SESAN_CA,Sông Sê San,fish,27,"Cirrhinus mrigala (Hamilton, 1822)",cá trôi digan,Cirrhinus mrigala,Cirrhinus,"(Hamilton, 1822)",1822.0,False,False,,,,,CYPRINIFORMES,Cyprinidae,"{""IUCN_2026"": ""LC""}",,,0,0,5206447,Cirrhinus mrigala,SPECIES,ACCEPTED,,exact,99,1,Animalia,Chordata,,Cypriniformes,Cyprinidae,Cirrhinus,True,1.0
SESAN_CA,Sông Sê San,fish,28,"Cosmochilus harmandi Sauvage, 1878",cá duồng bay,Cosmochilus harmandi,Cosmochilus,"Sauvage, 1878",1878.0,False,False,,,,,CYPRINIFORMES,Cyprinidae,"{""IUCN_2026"": ""LC"", ""ND37_2024"": ""NII""}",,,0,0,2362431,Cosmochilus harmandi,SPECIES,ACCEPTED,,exact,99,1,Animalia,Chordata,,Cypriniformes,Cyprinidae,Cosmochilus,True,1.0
SESAN_CA,Sông Sê San,fish,29,"Crossocheilus atrilimes Kottelat, 2000",cá dút chì,Crossocheilus atrilimes,Crossocheilus,"Kottelat, 2000",2000.0,False,False,,,,,CYPRINIFORMES,Cyprinidae,"{""IUCN_2026"": ""LC""}",,,0,0,2361915,Crossocheilus atrilimes,SPECIES,ACCEPTED,,exact,99,1,Animalia,Chordata,,Cypriniformes,Cyprinidae,Crossocheilus,True,1.0
SESAN_CA,Sông Sê San,fish,30,"Crossocheilus oblongus Kuhl & Van Hasselt, 1823",cá hắc bạc,Crossocheilus oblongus,Crossocheilus,"Kuhl & Van Hasselt, 1823",1823.0,False,False,,,,,CYPRINIFORMES,Cyprinidae,"{""IUCN_2026"": ""LC""}",,,0,0,2361970,Crossocheilus oblongus,SPECIES,ACCEPTED,,exact,99,1,Animalia,Chordata,,Cypriniformes,Cyprinidae,Crossocheilus,True,1.0
SESAN_CA,Sông Sê San,fish,31,"Crossocheilus reticulatus (Fowler, 1934)",cá linh nút,Crossocheilus reticulatus,Crossocheilus,"(Fowler, 1934)",1934.0,False,False,,,,,CYPRINIFORMES,Cyprinidae,"{""IUCN_2026"": ""LC""}",,,0,0,8240642,Crossocheilus reticulatus,SPECIES,ACCEPTED,,exact,99,1,Animalia,Chordata,,Cypriniformes,Cyprinidae,Crossocheilus,True,1.0
SESAN_CA,Sông Sê San,fish,32,"Cyclocheilichthys armatus (Valenciennes, 1842)",cá cóc gai,Cyclocheilichthys armatus,Cyclocheilichthys,"(Valenciennes, 1842)",1842.0,False,False,,,,,CYPRINIFORMES,Cyprinidae,"{""IUCN_2026"": ""LC""}",,,0,0,2364411,Cyclocheilichthys armatus,SPECIES,ACCEPTED,,exact,99,1,Animalia,Chordata,,Cypriniformes,Cyprinidae,Cyclocheilichthys,True,1.0
SESAN_CA,Sông Sê San,fish,33,"Cyclocheilichthys enoplos (Bleeker, 1849",cá cóc,Cyclocheilichthys enoplos,Cyclocheilichthys,"(Bleeker, 1849",1849.0,False,False,,unbalanced_parenthesis,,,CYPRINIFORMES,Cyprinidae,"{""IUCN_2026"": ""LC""}",,,0,0,2364438,Cyclocheilichthys enoplos,SPECIES,ACCEPTED,,exact,99,1,Animalia,Chordata,,Cypriniformes,Cyprinidae,Cyclocheilichthys,True,1.0
SESAN_CA,Sông Sê San,fish,34,"Cyprinus carpio Linnaeus, 1758",cá chép,Cyprinus carpio,Cyprinus,"Linnaeus, 1758",1758.0,False,False,,,,,CYPRINIFORMES,Cyprinidae,"{""IUCN_2026"": ""LC""}",,,0,0,4286975,Cyprinus carpio,SPECIES,ACCEPTED,,exact,99,1,Animalia,Chordata,,Cypriniformes,Cyprinidae,Cyprinus,True,1.0
SESAN_CA,Sông Sê San,fish,35,"Discherodontus ashmeadi (Fowler, 1937)",cá đuôi đỏ,Discherodontus ashmeadi,Discherodontus,"(Fowler, 1937)",1937.0,False,False,,,,,CYPRINIFORMES,Cyprinidae,"{""IUCN_2026"": ""LC""}",,,0,0,2364562,Discherodontus ashmeadi,SPECIES,ACCEPTED,,exact,99,1,Animalia,Chordata,,Cypriniformes,Cyprinidae,Discherodontus,True,1.0
SESAN_CA,Sông Sê San,fish,36,"Hampala dispar Smith, 1934",cá ngựa chấm,Hampala dispar,Hampala,"Smith, 1934",1934.0,False,False,,,,,CYPRINIFORMES,Cyprinidae,"{""IUCN_2026"": ""LC""}",,,0,0,2367439,Hampala dispar,SPECIES,ACCEPTED,,exact,99,1,Animalia,Chordata,,Cypriniformes,Cyprinidae,Hampala,True,1.0
SESAN_CA,Sông Sê San,fish,37,"Hampala macrolepidota Kuhl & Van Hasselt, 1823",cá ngựa nam,Hampala macrolepidota,Hampala,"Kuhl & Van Hasselt, 1823",1823.0,False,False,,,,,CYPRINIFORMES,Cyprinidae,"{""IUCN_2026"": ""LC"", ""ND37_2024"": ""NII""}",,,0,0,2367430,Hampala macrolepidota,SPECIES,ACCEPTED,,exact,97,1,Animalia,Chordata,,Cypriniformes,Cyprinidae,Hampala,True,1.0
SESAN_CA,Sông Sê San,fish,38,"Henicorhynchus entmema (Fowler, 1934)",cá linh rìa đuôi vàng,Henicorhynchus entmema,Henicorhynchus,"(Fowler, 1934)",1934.0,False,False,,,,,CYPRINIFORMES,Cyprinidae,{},,,0,0,11141644,Henicorhynchus entmema,SPECIES,ACCEPTED,,exact,99,1,Animalia,Chordata,,Cypriniformes,Cyprinidae,Henicorhynchus,True,1.0
SESAN_CA,Sông Sê San,fish,39,"Hypsibarbus lagleri Rainboth, 1996",cá hồng nhau,Hypsibarbus lagleri,Hypsibarbus,"Rainboth, 1996",1996.0,False,False,,,,,CYPRINIFORMES,Cyprinidae,"{""IUCN_2026"": ""VU""}",,,0,0,2365526,Hypsibarbus lagleri,SPECIES,ACCEPTED,,exact,99,1,Animalia,Chordata,,Cypriniformes,Cyprinidae,Hypsibarbus,True,1.0
SESAN_CA,Sông Sê San,fish,40,"Hypsibarbus wetmorei (Smith, 1931)",cá mè vinh giả,Hypsibarbus wetmorei,Hypsibarbus,"(Smith, 1931)",1931.0,False,False,,,,,CYPRINIFORMES,Cyprinidae,"{""IUCN_2026"": ""LC""}",,,0,0,2365518,Hypsibarbus wetmorei,SPECIES,ACCEPTED,,exact,99,1,Animalia,Chordata,,Cypriniformes,Cyprinidae,Hypsibarbus,True,1.0
SESAN_CA,Sông Sê San,fish,41,"Incisilabeo behri (Fowler, 1937)",cá mõm trâu,Incisilabeo behri,Incisilabeo,"(Fowler, 1937)",1937.0,False,False,,,,,CYPRINIFORMES,Cyprinidae,"{""IUCN_2026"": ""VU"", ""DLDVN_2024"": ""VU"", ""ND37_2024"": ""NII""}",,,0,0,10556037,Incisilabeo behri,SPECIES,SYNONYM,Bangana behri,synonym,98,1,Animalia,Chordata,,Cypriniformes,Cyprinidae,Bangana,True,1.0
SESAN_CA,Sông Sê San,fish,42,"Labeo chrysophekadion (Bleeker, 1849)",cá ét mọi,Labeo chrysophekadion,Labeo,"(Bleeker, 1849)",1849.0,False,False,,,,,CYPRINIFORMES,Cyprinidae,"{""IUCN_2026"": ""LC"", ""ND37_2024"": ""NII""}",,,0,0,5206198,Labeo chrysophekadion,SPECIES,ACCEPTED,,exact,99,1,Animalia,Chordata,,Cypriniformes,Cyprinidae,Labeo,True,1.0
SESAN_CA,Sông Sê San,fish,43,"Labeo erythropterus Valenciennes, 1842",cá linh,Labeo erythropterus,Labeo,"Valenciennes, 1842",1842.0,False,False,,,,,CYPRINIFORMES,Cyprinidae,"{""IUCN_2026"": ""LC""}",,,0,0,5206016,Labeo erythropterus,SPECIES,ACCEPTED,,exact,99,1,Animalia,Chordata,,Cypriniformes,Cyprinidae,Labeo,True,1.0
SESAN_CA,Sông Sê San,fish,44,"Labeo rohita (Hamilton, 1822)",cá trôi ấn độ,Labeo rohita,Labeo,"(Hamilton, 1822)",1822.0,False,False,,,,,CYPRINIFORMES,Cyprinidae,"{""IUCN_2026"": ""LC""}",,,0,0,5206083,Labeo rohita,SPECIES,ACCEPTED,,exact,99,1,Animalia,Chordata,,Cypriniformes,Cyprinidae,Labeo,True,1.0
SESAN_CA,Sông Sê San,fish,45,"Labiobarbus lineatus (Sauvage, 1878)",cá linh rìa sọc,Labiobarbus lineatus,Labiobarbus,"(Sauvage, 1878)",1878.0,False,False,,,,,CYPRINIFORMES,Cyprinidae,{},,,0,0,2366266,Labiobarbus lineatus,SPECIES,ACCEPTED,,exact,99,1,Animalia,Chordata,,Cypriniformes,Cyprinidae,Labiobarbus,True,1.0
SESAN_CA,Sông Sê San,fish,46,"Mekongina erythrospila Fowler, 1937",cá đá sông,Mekongina erythrospila,Mekongina,"Fowler, 1937",1937.0,False,False,,,,,CYPRINIFORMES,Cyprinidae,"{""IUCN_2026"": ""NT""}",,,0,0,2367766,Mekongina erythrospila,SPECIES,ACCEPTED,,exact,99,1,Animalia,Chordata,,Cypriniformes,Cyprinidae,Mekongina,True,1.0
SESAN_CA,Sông Sê San,fish,47,"Osteochilus lini Fowler, 1935",cá lúi,Osteochilus lini,Osteochilus,"Fowler, 1935",1935.0,False,False,,,,,CYPRINIFORMES,Cyprinidae,"{""IUCN_2026"": ""LC""}",,,0,0,2364375,Osteochilus lini,SPECIES,ACCEPTED,,exact,99,1,Animalia,Chordata,,Cypriniformes,Cyprinidae,Osteochilus,True,1.0
SESAN_CA,Sông Sê San,fish,48,"Osteochilus melanopleurus (Bleeker, 1852)",cá mè hôi,Osteochilus melanopleurus,Osteochilus,"(Bleeker, 1852)",1852.0,False,False,,,,,CYPRINIFORMES,Cyprinidae,{},,,0,0,2364311,Osteochilus melanopleurus,SPECIES,ACCEPTED,,exact,99,1,Animalia,Chordata,,Cypriniformes,Cyprinidae,Osteochilus,True,1.0
SESAN_CA,Sông Sê San,fish,49,"Osteochilus microcephalus (Valenciennes, 1842)",cá lúi sọc,Osteochilus microcephalus,Osteochilus,"(Valenciennes, 1842)",1842.0,False,False,,,,,CYPRINIFORMES,Cyprinidae,"{""IUCN_2026"": ""LC""}",,,0,0,2364380,Osteochilus microcephalus,SPECIES,ACCEPTED,,exact,99,1,Animalia,Chordata,,Cypriniformes,Cyprinidae,Osteochilus,True,1.0
SESAN_CA,Sông Sê San,fish,50,"Osteochilus vittatus (Valenciennes, 1842)",cá mè lúi,Osteochilus vittatus,Osteochilus,"(Valenciennes, 1842)",1842.0,False,False,,,,,CYPRINIFORMES,Cyprinidae,"{""IUCN_2026"": ""LC""}",,,0,0,2364327,Osteochilus vittatus,SPECIES,ACCEPTED,,exact,99,1,Animalia,Chordata,,Cypriniformes,Cyprinidae,Osteochilus,True,1.0
SESAN_CA,Sông Sê San,fish,51,"Osteochilus waandersii (Bleeker, 1853)",cá mè lúi nâu,Osteochilus waandersii,Osteochilus,"(Bleeker, 1853)",1853.0,False,False,,,,,CYPRINIFORMES,Cyprinidae,"{""IUCN_2026"": ""LC""}",,,0,0,2364337,Osteochilus waandersii,SPECIES,ACCEPTED,,exact,99,1,Animalia,Chordata,,Cypriniformes,Cyprinidae,Osteochilus,True,1.0
SESAN_CA,Sông Sê San,fish,52,"Osteochilus schlegelii (Bleeker, 1851)",cá mè hương,Osteochilus schlegelii,Osteochilus,"(Bleeker, 1851)",1851.0,False,False,,,,,CYPRINIFORMES,Cyprinidae,"{""IUCN_2026"": ""DD""}",,,0,0,2364333,Osteochilus schlegelii,SPECIES,ACCEPTED,,exact,99,1,Animalia,Chordata,,Cypriniformes,Cyprinidae,Osteochilus,True,1.0
SESAN_CA,Sông Sê San,fish,53,"Poropuntius deauratus (Valenciennes, 1842)",cá hồng nhau bầu,Poropuntius deauratus,Poropuntius,"(Valenciennes, 1842)",1842.0,False,False,,,,,CYPRINIFORMES,Cyprinidae,"{""IUCN_2026"": ""EN"", ""DLDVN_2024"": ""VU""}",,,0,0,2366178,Poropuntius deauratus,SPECIES,ACCEPTED,,exact,99,1,Animalia,Chordata,,Cypriniformes,Cyprinidae,Poropuntius,True,1.0
SESAN_CA,Sông Sê San,fish,54,"Probarbus jullieni Sauvage, 1880",cá trà sóc,Probarbus jullieni,Probarbus,"Sauvage, 1880",1880.0,False,False,,,,,CYPRINIFORMES,Cyprinidae,"{""IUCN_2026"": ""CR"", ""DLDVN_2024"": ""CR""}",,,0,0,2363810,Probarbus jullieni,SPECIES,ACCEPTED,,exact,99,1,Animalia,Chordata,,Cypriniformes,Cyprinidae,Probarbus,True,1.0
SESAN_CA,Sông Sê San,fish,55,"Puntioplites falcifer Smith, 1929",cá dảnh,Puntioplites falcifer,Puntioplites,"Smith, 1929",1929.0,False,False,,,,,CYPRINIFORMES,Cyprinidae,"{""IUCN_2026"": ""LC""}",,,0,0,2366495,Puntioplites falcifer,SPECIES,ACCEPTED,,exact,99,1,Animalia,Chordata,,Cypriniformes,Cyprinidae,Puntioplites,True,1.0
SESAN_CA,Sông Sê San,fish,56,"Scaphognathops stejnegeri (Smith, 1931)",cá dảnh giả,Scaphognathops stejnegeri,Scaphognathops,"(Smith, 1931)",1931.0,False,False,,,,,CYPRINIFORMES,Cyprinidae,"{""IUCN_2026"": ""LC""}",,,0,0,2363119,Scaphognathops stejnegeri,SPECIES,ACCEPTED,,exact,99,1,Animalia,Chordata,,Cypriniformes,Cyprinidae,Scaphognathops,True,1.0
SESAN_CA,Sông Sê San,fish,57,"Systomus orphoides (Valenciennes, 1842)",cá đỏ mang,Systomus orphoides,Systomus,"(Valenciennes, 1842)",1842.0,False,False,,,,,CYPRINIFORMES,Cyprinidae,{},,,0,0,2364120,Systomus orphoides,SPECIES,ACCEPTED,,exact,99,1,Animalia,Chordata,,Cypriniformes,Cyprinidae,Systomus,True,1.0
SESAN_CA,Sông Sê San,fish,58,"Thynnichthys thynnoides (Bleeker, 1852)",cá linh cám,Thynnichthys thynnoides,Thynnichthys,"(Bleeker, 1852)",1852.0,False,False,,,,,CYPRINIFORMES,Cyprinidae,"{""IUCN_2026"": ""LC""}",,,0,0,5207541,Thynnichthys thynnoides,SPECIES,ACCEPTED,,exact,99,1,Animalia,Chordata,,Cypriniformes,Cyprinidae,Thynnichthys,True,1.0
SESAN_CA,Sông Sê San,fish,59,"Tor tambroides (Bleeker, 1854)",cá ngựa xám,Tor tambroides,Tor,"(Bleeker, 1854)",1854.0,False,False,,,,,CYPRINIFORMES,Cyprinidae,"{""IUCN_2026"": ""DD"", ""ND37_2024"": ""NII""}",,,0,0,2364503,Tor tambroides,SPECIES,ACCEPTED,,exact,99,1,Animalia,Chordata,,Cypriniformes,Cyprinidae,Tor,True,1.0
SESAN_CA,Sông Sê San,fish,60,"Esomus metallicus Ahl, 1923",cá lòng tong sắt,Esomus metallicus,Esomus,"Ahl, 1923",1923.0,False,False,,,,,CYPRINIFORMES,Danionidae,"{""IUCN_2026"": ""LC""}",,,0,0,2364604,Esomus metallicus,SPECIES,ACCEPTED,,exact,99,1,Animalia,Chordata,,Cypriniformes,Cyprinidae,Esomus,False,0.6
SESAN_CA,Sông Sê San,fish,61,"Luciosoma bleekeri Steindachner, 1878",cá lòng tong mương,Luciosoma bleekeri,Luciosoma,"Steindachner, 1878",1878.0,False,False,,,,,CYPRINIFORMES,Danionidae,"{""IUCN_2026"": ""LC""}",,,0,0,2360866,Luciosoma bleekeri,SPECIES,ACCEPTED,,exact,99,1,Animalia,Chordata,,Cypriniformes,Cyprinidae,Luciosoma,False,0.6
SESAN_CA,Sông Sê San,fish,62,"Rasbora borapetensis Smith, 1934",cá lòng tong đuôi đỏ,Rasbora borapetensis,Rasbora,"Smith, 1934",1934.0,False,False,,,,,CYPRINIFORMES,Danionidae,"{""IUCN_2026"": ""LC""}",,,0,0,2359536,Rasbora borapetensis,SPECIES,ACCEPTED,,exact,99,1,Animalia,Chordata,,Cypriniformes,Cyprinidae,Rasbora,False,0.6
SESAN_CA,Sông Sê San,fish,63,"Rasbora daniconius (Hamilton, 1822)",cá lòng tong vạch đen,Rasbora daniconius,Rasbora,"(Hamilton, 1822)",1822.0,False,False,,,,,CYPRINIFORMES,Danionidae,"{""IUCN_2026"": ""LC""}",,,0,0,2359512,Rasbora daniconius,SPECIES,ACCEPTED,,exact,99,1,Animalia,Chordata,,Cypriniformes,Cyprinidae,Rasbora,False,0.6
SESAN_CA,Sông Sê San,fish,64,"Rasbora dusonensis (Bleeker, 1850)",cá lòng tong lưng thấp,Rasbora dusonensis,Rasbora,"(Bleeker, 1850)",1850.0,False,False,,,,,CYPRINIFORMES,Danionidae,"{""IUCN_2026"": ""LC""}",,,0,0,2359520,Rasbora dusonensis,SPECIES,ACCEPTED,,exact,99,1,Animalia,Chordata,,Cypriniformes,Cyprinidae,Rasbora,False,0.6
SESAN_CA,Sông Sê San,fish,65,"Rasbora paviana Tirant, 1885",cá lòng tong đá,Rasbora paviana,Rasbora,"Tirant, 1885",1885.0,False,False,,,,,CYPRINIFORMES,Danionidae,"{""IUCN_2026"": ""LC""}",,,0,0,2359497,Rasbora paviana,SPECIES,ACCEPTED,,exact,99,1,Animalia,Chordata,,Cypriniformes,Cyprinidae,Rasbora,False,0.6
SESAN_CA,Sông Sê San,fish,66,"Rasbora trilineata Steindachner, 1870",cá lòng tong sọc,Rasbora trilineata,Rasbora,"Steindachner, 1870",1870.0,False,False,,,,,CYPRINIFORMES,Danionidae,"{""IUCN_2026"": ""LC""}",,,0,0,2359627,Rasbora trilineata,SPECIES,ACCEPTED,,exact,99,1,Animalia,Chordata,,Cypriniformes,Cyprinidae,Rasbora,False,0.6
SESAN_CA,Sông Sê San,fish,67,"Ctenopharyngodon idella (Valenciennes, 1844)",cá trắm cỏ,Ctenopharyngodon idella,Ctenopharyngodon,"(Valenciennes, 1844)",1844.0,False,False,,,,,CYPRINIFORMES,Xenocyprididae,"{""IUCN_2026"": ""LC""}",,,0,0,2362030,Ctenopharyngodon idella,SPECIES,ACCEPTED,,exact,99,1,Animalia,Chordata,,Cypriniformes,Cyprinidae,Ctenopharyngodon,False,0.75
SESAN_CA,Sông Sê San,fish,68,"Hypophthalmichthys molitrix (Valenciennes, 1844)",cá mè trắng hoa nam,Hypophthalmichthys molitrix,Hypophthalmichthys,"(Valenciennes, 1844)",1844.0,False,False,,,,,CYPRINIFORMES,Xenocyprididae,"{""IUCN_2026"": ""NT""}",,,0,0,2362473,Hypophthalmichthys molitrix,SPECIES,ACCEPTED,,exact,99,1,Animalia,Chordata,,Cypriniformes,Cyprinidae,Hypophthalmichthys,False,0.75
SESAN_CA,Sông Sê San,fish,69,"Clarias batrachus (Linnaeus, 1758)",cá trê trắng,Clarias batrachus,Clarias,"(Linnaeus, 1758)",1758.0,False,False,,,,,SILURIFORMES,Clariidae,"{""IUCN_2026"": ""LC"", ""ND37_2024"": ""NI""}",,,0,0,5202683,Clarias batrachus,SPECIES,ACCEPTED,,exact,99,1,Animalia,Chordata,,Siluriformes,Clariidae,Clarias,True,1.0
SESAN_CA,Sông Sê San,fish,70,"Clarias macrocephalus Gunther, 1864",cá trê vàng,Clarias macrocephalus,Clarias,"Gunther, 1864",1864.0,False,False,,,,,SILURIFORMES,Clariidae,"{""IUCN_2026"": ""DD""}",,,0,0,5202728,Clarias macrocephalus,SPECIES,ACCEPTED,,exact,99,1,Animalia,Chordata,,Siluriformes,Clariidae,Clarias,True,1.0
SESAN_CA,Sông Sê San,fish,71,"Clarias fuscus (Lacepède, 1803)",cá trê đen,Clarias fuscus,Clarias,"(Lacepède, 1803)",1803.0,False,False,,diacritic_in_latin,,,SILURIFORMES,Clariidae,"{""IUCN_2026"": ""LC""}",,,0,0,5202694,Clarias fuscus,SPECIES,ACCEPTED,,exact,99,1,Animalia,Chordata,,Siluriformes,Clariidae,Clarias,True,1.0
SESAN_CA,Sông Sê San,fish,72,"Kryptopterus cheveyi Durand, 1940",cá trèn,Kryptopterus cheveyi,Kryptopterus,"Durand, 1940",1940.0,False,False,,,,,SILURIFORMES,Siluridae,"{""IUCN_2026"": ""DD""}",,,0,0,2337895,Kryptopterus cheveyi,SPECIES,ACCEPTED,,exact,99,1,Animalia,Chordata,,Siluriformes,Siluridae,Kryptopterus,True,1.0
SESAN_CA,Sông Sê San,fish,73,"Kryptopterus cryptopterus (Bleeker, 1851)",cá trèn đá,Kryptopterus cryptopterus,Kryptopterus,"(Bleeker, 1851)",1851.0,False,False,,,,,SILURIFORMES,Siluridae,"{""IUCN_2026"": ""LC""}",,,0,0,2337905,Kryptopterus cryptopterus,SPECIES,ACCEPTED,,exact,99,1,Animalia,Chordata,,Siluriformes,Siluridae,Kryptopterus,True,1.0
SESAN_CA,Sông Sê San,fish,74,"Ompok siluroides Lacepède, 1803",cá trèn bầu,Ompok siluroides,Ompok,"Lacepède, 1803",1803.0,False,False,,diacritic_in_latin,,,SILURIFORMES,Siluridae,"{""IUCN_2026"": ""LC""}",,,0,0,2337685,Ompok siluroides,SPECIES,ACCEPTED,,exact,99,1,Animalia,Chordata,,Siluriformes,Siluridae,Ompok,True,1.0
SESAN_CA,Sông Sê San,fish,75,"Wallago attu (Bloch & Schneider, 1801)",cá leo,Wallago attu,Wallago,"(Bloch & Schneider, 1801)",1801.0,False,False,,,,,SILURIFORMES,Siluridae,"{""IUCN_2026"": ""VU"", ""DLDVN_2024"": ""VU""}",,,0,0,2337824,Wallago attu,SPECIES,ACCEPTED,,exact,99,1,Animalia,Chordata,,Siluriformes,Siluridae,Wallago,True,1.0
SESAN_CA,Sông Sê San,fish,76,"Wallago micropogon Ng, 2004",cá sơn đài,Wallago micropogon,Wallago,"Ng, 2004",2004.0,False,False,,,,,SILURIFORMES,Siluridae,"{""IUCN_2026"": ""DD"", ""DLDVN_2024"": ""EN""}",,,0,0,2337848,Wallago micropogon,SPECIES,ACCEPTED,,exact,99,1,Animalia,Chordata,,Siluriformes,Siluridae,Wallago,True,1.0
SESAN_CA,Sông Sê San,fish,77,"Bagrichthys macropterus (Bleeker, 1854)",cá chốt cờ,Bagrichthys macropterus,Bagrichthys,"(Bleeker, 1854)",1854.0,False,False,,,,,SILURIFORMES,Bagridae,"{""IUCN_2026"": ""LC""}",,,0,0,2338048,Bagrichthys macropterus,SPECIES,ACCEPTED,,exact,99,1,Animalia,Chordata,,Siluriformes,Bagridae,Bagrichthys,True,1.0
SESAN_CA,Sông Sê San,fish,78,"Hemibagrus nemurus (Valenciennes, 1840)",cá lăng vàng,Hemibagrus nemurus,Hemibagrus,"(Valenciennes, 1840)",1840.0,False,False,,,,,SILURIFORMES,Bagridae,"{""IUCN_2026"": ""LC""}",,,0,0,2338172,Hemibagrus nemurus,SPECIES,ACCEPTED,,exact,99,1,Animalia,Chordata,,Siluriformes,Bagridae,Hemibagrus,True,1.0
SESAN_CA,Sông Sê San,fish,79,"Hemibagrus wyckii (Bleeker, 1858)",cá lăng ki,Hemibagrus wyckii,Hemibagrus,"(Bleeker, 1858)",1858.0,False,False,,,,,SILURIFORMES,Bagridae,"{""IUCN_2026"": ""LC""}",,,0,0,2338255,Hemibagrus wyckii,SPECIES,ACCEPTED,,exact,99,1,Animalia,Chordata,,Siluriformes,Bagridae,Hemibagrus,True,1.0
SESAN_CA,Sông Sê San,fish,80,"Hemibagrus wyckioides (Fang & Chaux, 1949)",cá lăng nha,Hemibagrus wyckioides,Hemibagrus,"(Fang & Chaux, 1949)",1949.0,False,False,,,,,SILURIFORMES,Bagridae,"{""IUCN_2026"": ""LC""}",,,0,0,2338196,Hemibagrus wyckioides,SPECIES,ACCEPTED,,exact,99,1,Animalia,Chordata,,Siluriformes,Bagridae,Hemibagrus,True,1.0
SESAN_CA,Sông Sê San,fish,81,"Mystus bocourti (Bleeker, 1864)",cá chốt cờ,Mystus bocourti,Mystus,"(Bleeker, 1864)",1864.0,False,False,,,,,SILURIFORMES,Bagridae,"{""IUCN_2026"": ""VU"", ""DLDVN_2024"": ""VU""}",,,0,0,5201906,Mystus bocourti,SPECIES,ACCEPTED,,exact,99,1,Animalia,Chordata,,Siluriformes,Bagridae,Mystus,True,1.0
SESAN_CA,Sông Sê San,fish,82,"Bagarius lica Volz, 1903",cá chiên nam,Bagarius lica,Bagarius,"Volz, 1903",1903.0,False,False,,,,,SILURIFORMES,Sisoridae,"{""IUCN_2026"": ""LC"", ""DLDVN_2024"": ""VU""}",,,0,0,5961241,Bagarius lica,SPECIES,SYNONYM,Bagarius yarrelli,synonym,98,1,Animalia,Chordata,,Siluriformes,Sisoridae,Bagarius,True,1.0
SESAN_CA,Sông Sê San,fish,83,"Bagarius vegrandis Ng & Kottelat, 2021",cá chiên,Bagarius vegrandis,Bagarius,"Ng & Kottelat, 2021",2021.0,False,False,,,,,SILURIFORMES,Sisoridae,"{""IUCN_2026"": ""LC""}",,,0,0,10858102,Bagarius vegrandis,SPECIES,ACCEPTED,,exact,99,1,Animalia,Chordata,,Siluriformes,Sisoridae,Bagarius,True,1.0
SESAN_CA,Sông Sê San,fish,84,"Bagarius suchus Roberts, 1983",cá chiên sông,Bagarius suchus,Bagarius,"Roberts, 1983",1983.0,False,False,,,,,SILURIFORMES,Sisoridae,"{""IUCN_2026"": ""NT""}",,,0,0,2341214,Bagarius suchus,SPECIES,ACCEPTED,,exact,99,1,Animalia,Chordata,,Siluriformes,Sisoridae,Bagarius,True,1.0
SESAN_CA,Sông Sê San,fish,85,"Glyptothorax filicatus Ng & Freyhof, 2008",cá chiên lược,Glyptothorax filicatus,Glyptothorax,"Ng & Freyhof, 2008",2008.0,False,False,,,,,SILURIFORMES,Sisoridae,"{""IUCN_2026"": ""DD""}",,,0,0,2341283,Glyptothorax filicatus,SPECIES,ACCEPTED,,exact,99,1,Animalia,Chordata,,Siluriformes,Sisoridae,Glyptothorax,True,1.0
SESAN_CA,Sông Sê San,fish,86,"Glyptothorax laosensis Fowler, 1934",cá chiên lào,Glyptothorax laosensis,Glyptothorax,"Fowler, 1934",1934.0,False,False,,,,,SILURIFORMES,Sisoridae,"{""IUCN_2026"": ""LC""}",,,0,0,2341327,Glyptothorax laosensis,SPECIES,ACCEPTED,,exact,99,1,Animalia,Chordata,,Siluriformes,Sisoridae,Glyptothorax,True,1.0
SESAN_CA,Sông Sê San,fish,87,"Helicophagus waandersii Bleeker, 1858",cá tra chuột,Helicophagus waandersii,Helicophagus,"Bleeker, 1858",1858.0,False,False,,,,,SILURIFORMES,Pangasiidae,"{""IUCN_2026"": ""LC""}",,,0,0,2340694,Helicophagus waandersii,SPECIES,ACCEPTED,,exact,99,1,Animalia,Chordata,,Siluriformes,Pangasiidae,Helicophagus,True,1.0
SESAN_CA,Sông Sê San,fish,88,"Pangasianodon hypophthalmus (Sauvage, 1878)",cá tra,Pangasianodon hypophthalmus,Pangasianodon,"(Sauvage, 1878)",1878.0,False,False,,,,,SILURIFORMES,Pangasiidae,"{""IUCN_2026"": ""EN""}",,,0,0,2340714,Pangasianodon hypophthalmus,SPECIES,ACCEPTED,,exact,99,1,Animalia,Chordata,,Siluriformes,Pangasiidae,Pangasianodon,True,1.0
SESAN_CA,Sông Sê San,fish,89,"Pangasius krempfi Fang & Chaux, 1949",cá bông lau,Pangasius krempfi,Pangasius,"Fang & Chaux, 1949",1949.0,False,False,,,,,SILURIFORMES,Pangasiidae,"{""IUCN_2026"": ""VU"", ""DLDVN_2024"": ""VU""}",,,0,0,5202442,Pangasius krempfi,SPECIES,ACCEPTED,,exact,99,1,Animalia,Chordata,,Siluriformes,Pangasiidae,Pangasius,True,1.0
SESAN_CA,Sông Sê San,fish,90,"Pangasius larnaudii Bocourt, 1866",cá vồ đém,Pangasius larnaudii,Pangasius,"Bocourt, 1866",1866.0,False,False,,,,,SILURIFORMES,Pangasiidae,"{""IUCN_2026"": ""LC""}",,,0,0,5202460,Pangasius larnaudii,SPECIES,ACCEPTED,,exact,99,1,Animalia,Chordata,,Siluriformes,Pangasiidae,Pangasius,True,1.0
SESAN_CA,Sông Sê San,fish,91,"Pangasius macronema Bleeker, 1850",cá sát sọc,Pangasius macronema,Pangasius,"Bleeker, 1850",1850.0,False,False,,,,,SILURIFORMES,Pangasiidae,"{""IUCN_2026"": ""LC""}",,,0,0,5202451,Pangasius macronema,SPECIES,ACCEPTED,,exact,99,1,Animalia,Chordata,,Siluriformes,Pangasiidae,Pangasius,True,1.0
SESAN_CA,Sông Sê San,fish,92,"Oxyeleotris marmorata (Bleeker, 1852)",cá bống tượng,Oxyeleotris marmorata,Oxyeleotris,"(Bleeker, 1852)",1852.0,False,False,,,,,GOBIIFORMES,Butidae,"{""IUCN_2026"": ""LC""}",,,0,0,2386241,Oxyeleotris marmorata,SPECIES,ACCEPTED,,exact,99,1,Animalia,Chordata,,Perciformes,Eleotridae,Oxyeleotris,False,0.588
SESAN_CA,Sông Sê San,fish,93,"Papuligobius ocellatus (Fowler, 1937)",cá bống mắt,Papuligobius ocellatus,Papuligobius,"(Fowler, 1937)",1937.0,False,False,,,,,GOBIIFORMES,Gobiidae,"{""IUCN_2026"": ""LC""}",,,0,0,2376385,Papuligobius ocellatus,SPECIES,ACCEPTED,,exact,99,1,Animalia,Chordata,,Perciformes,Gobiidae,Papuligobius,True,1.0
SESAN_CA,Sông Sê San,fish,94,"Mastacembelus armatus (Lacepède, 1800)",cá chạch sông,Mastacembelus armatus,Mastacembelus,"(Lacepède, 1800)",1800.0,False,False,,diacritic_in_latin,,,SYNBRANCHIFORMES,Mastacembelidae,"{""IUCN_2026"": ""LC""}",,,0,0,2351784,Mastacembelus armatus,SPECIES,ACCEPTED,,exact,99,1,Animalia,Chordata,,Synbranchiformes,Mastacembelidae,Mastacembelus,True,1.0
SESAN_CA,Sông Sê San,fish,95,"Mastacembelus favus Hora, 1923",cá chạch bông,Mastacembelus favus,Mastacembelus,"Hora, 1923",1923.0,False,False,,,,,SYNBRANCHIFORMES,Mastacembelidae,"{""IUCN_2026"": ""LC""}",,,0,0,2351761,Mastacembelus favus,SPECIES,ACCEPTED,,exact,99,1,Animalia,Chordata,,Synbranchiformes,Mastacembelidae,Mastacembelus,True,1.0
SESAN_CA,Sông Sê San,fish,96,"Macrognathus siamensis (Günther, 1861)",cá chạch lá tre,Macrognathus siamensis,Macrognathus,"(Günther, 1861)",1861.0,False,False,,diacritic_in_latin,,,SYNBRANCHIFORMES,Mastacembelidae,"{""IUCN_2026"": ""LC""}",,,0,0,5204055,Macrognathus siamensis,SPECIES,ACCEPTED,,exact,99,1,Animalia,Chordata,,Synbranchiformes,Mastacembelidae,Macrognathus,True,1.0
SESAN_CA,Sông Sê San,fish,97,"Macrognathus taeniagaster (Fowler, 1935)",cá chạch rằn,Macrognathus taeniagaster,Macrognathus,"(Fowler, 1935)",1935.0,False,False,,,,,SYNBRANCHIFORMES,Mastacembelidae,"{""IUCN_2026"": ""LC""}",,,0,0,5204070,Macrognathus taeniagaster,SPECIES,ACCEPTED,,exact,99,1,Animalia,Chordata,,Synbranchiformes,Mastacembelidae,Macrognathus,True,1.0
SESAN_CA,Sông Sê San,fish,98,"Monopterus albus (Zuiew, 1793)",Lươn đồng,Monopterus albus,Monopterus,"(Zuiew, 1793)",1793.0,False,False,,,,,SYNBRANCHIFORMES,Synbranchidae,"{""IUCN_2026"": ""LC""}",,,0,0,5204081,Monopterus albus,SPECIES,ACCEPTED,,exact,99,1,Animalia,Chordata,,Synbranchiformes,Synbranchidae,Monopterus,True,1.0
SESAN_CA,Sông Sê San,fish,99,"Anabas testudineus (Bloch, 1792)",cá rô đồng,Anabas testudineus,Anabas,"(Bloch, 1792)",1792.0,False,False,,,,,ANABANTIFORMES,Anabantidae,"{""IUCN_2026"": ""LC""}",,,0,0,2391579,Anabas testudineus,SPECIES,ACCEPTED,,exact,99,1,Animalia,Chordata,,Perciformes,Anabantidae,Anabas,True,1.0
SESAN_CA,Sông Sê San,fish,100,"Osphronemus exodon Roberts, 1994",cá rô cờ,Osphronemus exodon,Osphronemus,"Roberts, 1994",1994.0,False,False,,,,,ANABANTIFORMES,Osphronemidae,"{""IUCN_2026"": ""VU""}",,,0,0,2394167,Osphronemus exodon,SPECIES,ACCEPTED,,exact,99,1,Animalia,Chordata,,Perciformes,Osphronemidae,Osphronemus,True,1.0
SESAN_CA,Sông Sê San,fish,101,"Trichopodus trichopterus (Pallas, 1770)",cá sặc bướm,Trichopodus trichopterus,Trichopodus,"(Pallas, 1770)",1770.0,False,False,,,,,ANABANTIFORMES,Osphronemidae,"{""IUCN_2026"": ""LC""}",,,0,0,5211169,Trichopodus trichopterus,SPECIES,ACCEPTED,,exact,99,1,Animalia,Chordata,,Perciformes,Osphronemidae,Trichopodus,True,1.0
SESAN_CA,Sông Sê San,fish,102,"Trichopodus pectoralis Regan, 1910",cá sặc rằn,Trichopodus pectoralis,Trichopodus,"Regan, 1910",1910.0,False,False,,,,,ANABANTIFORMES,Osphronemidae,"{""IUCN_2026"": ""LC""}",,,0,0,5211177,Trichopodus pectoralis,SPECIES,ACCEPTED,,exact,99,1,Animalia,Chordata,,Perciformes,Osphronemidae,Trichopodus,True,1.0
SESAN_CA,Sông Sê San,fish,103,"Channa gachua (Hamilton, 1822)",cá chành đục,Channa gachua,Channa,"(Hamilton, 1822)",1822.0,False,False,,,,,ANABANTIFORMES,Channidae,"{""IUCN_2026"": ""LC""}",,,0,0,2391514,Channa gachua,SPECIES,ACCEPTED,,exact,99,1,Animalia,Chordata,,Perciformes,Channidae,Channa,True,1.0
SESAN_CA,Sông Sê San,fish,104,"Channa lucius (Cuvier, 1831)",cá tràu dày,Channa lucius,Channa,"(Cuvier, 1831)",1831.0,False,False,,,,,ANABANTIFORMES,Channidae,"{""IUCN_2026"": ""LC""}",,,0,0,2391505,Channa lucius,SPECIES,ACCEPTED,,exact,99,1,Animalia,Chordata,,Perciformes,Channidae,Channa,True,1.0
SESAN_CA,Sông Sê San,fish,105,"Channa marulius (Hamilton, 1822)",cá tràu mắt,Channa marulius,Channa,"(Hamilton, 1822)",1822.0,False,False,,,,,ANABANTIFORMES,Channidae,"{""IUCN_2026"": ""LC""}",,,0,0,2391548,Channa marulius,SPECIES,ACCEPTED,,exact,99,1,Animalia,Chordata,,Perciformes,Channidae,Channa,True,1.0
SESAN_CA,Sông Sê San,fish,106,"Channa micropeltes (Cuvier, 1831)",cá lóc bông,Channa micropeltes,Channa,"(Cuvier, 1831)",1831.0,False,False,,,,,ANABANTIFORMES,Channidae,"{""IUCN_2026"": ""LC""}",,,0,0,2391455,Channa micropeltes,SPECIES,ACCEPTED,,exact,99,1,Animalia,Chordata,,Perciformes,Channidae,Channa,True,1.0
SESAN_CA,Sông Sê San,fish,107,"Channa striata (Bloch, 1793)",cá lóc,Channa striata,Channa,"(Bloch, 1793)",1793.0,False,False,,,,,ANABANTIFORMES,Channidae,"{""IUCN_2026"": ""LC""}",,,0,0,2391463,Channa striata,SPECIES,ACCEPTED,,exact,99,1,Animalia,Chordata,,Perciformes,Channidae,Channa,True,1.0
SESAN_CA,Sông Sê San,fish,108,"Pristolepis fasciata (Bleeker, 1851)",cá rô biển,Pristolepis fasciata,Pristolepis,"(Bleeker, 1851)",1851.0,False,False,,,,,ANABANTIFORMES,Pristolepididae,"{""IUCN_2026"": ""LC""}",,,0,0,2399391,Pristolepis fasciata,SPECIES,ACCEPTED,,exact,99,1,Animalia,Chordata,,Perciformes,Pristolepididae,Pristolepis,True,1.0
SESAN_CA,Sông Sê San,fish,109,"Oreochromis mossambicus (Peters, 1852)",cá rô phi đen,Oreochromis mossambicus,Oreochromis,"(Peters, 1852)",1852.0,False,False,,,,,CICHLIFORMES,Cichlidae,"{""IUCN_2026"": ""VU""}",,,0,0,2372396,Oreochromis mossambicus,SPECIES,ACCEPTED,,exact,99,1,Animalia,Chordata,,Perciformes,Cichlidae,Oreochromis,True,1.0
SESAN_CA,Sông Sê San,fish,110,"Oreochromis niloticus (Linnaeus, 1758)",cá rô phi vằn,Oreochromis niloticus,Oreochromis,"(Linnaeus, 1758)",1758.0,False,False,,,,,CICHLIFORMES,Cichlidae,"{""IUCN_2026"": ""LC""}",,,0,0,4285694,Oreochromis niloticus,SPECIES,ACCEPTED,,exact,97,1,Animalia,Chordata,,Perciformes,Cichlidae,Oreochromis,True,1.0
IALY_CA,Hồ TĐ Ialy,fish,1,"Chitala ornata (Gray, 1831)",Cá Còm,Chitala ornata,Chitala,"(Gray, 1831)",1831.0,False,False,,,,,OSTEOGLOSSIFORMES,Notopteridae,"{""ND26_2019"": ""NII""}",,,0,0,2402260,Chitala ornata,SPECIES,ACCEPTED,,exact,99,1,Animalia,Chordata,,Osteoglossiformes,Notopteridae,Chitala,True,1.0
IALY_CA,Hồ TĐ Ialy,fish,2,"Notopterus notopterus (Pallas, 1769)",Cá Thát lát,Notopterus notopterus,Notopterus,"(Pallas, 1769)",1769.0,False,False,,,,,OSTEOGLOSSIFORMES,Notopteridae,{},,,0,0,5212862,Notopterus notopterus,SPECIES,ACCEPTED,,exact,99,1,Animalia,Chordata,,Osteoglossiformes,Notopteridae,Notopterus,True,1.0
IALY_CA,Hồ TĐ Ialy,fish,3,"Megalops cyprinoides (Broussonet, 1782)",Cá Cháo,Megalops cyprinoides,Megalops,"(Broussonet, 1782)",1782.0,False,False,,,,,ELOPIFORMES,Megalopidae,"{""ND26_2019"": ""NII""}",,,0,0,5203127,Megalops cyprinoides,SPECIES,ACCEPTED,,exact,99,1,Animalia,Chordata,,Elopiformes,Megalopidae,Megalops,True,1.0
IALY_CA,Hồ TĐ Ialy,fish,4,"Anguilla marmorata Quoy & Gaimard, 1824",Cá Chình hoa,Anguilla marmorata,Anguilla,"Quoy & Gaimard, 1824",1824.0,False,False,,,,,ANGUILLIFORMES,Anguillidae,"{""ND26_2019"": ""NII"", ""CITES_2026"": ""PLII""}",,,0,0,5213048,Anguilla marmorata,SPECIES,ACCEPTED,,exact,99,1,Animalia,Chordata,,Anguilliformes,Anguillidae,Anguilla,True,1.0
IALY_CA,Hồ TĐ Ialy,fish,5,"Gyrinocheilus pennocki (Fowler, 1937)",Cá Bám đá,Gyrinocheilus pennocki,Gyrinocheilus,"(Fowler, 1937)",1937.0,False,False,,,,,CYPRINIFORMES,Gyrinocheilidae,"{""ND26_2019"": ""NI""}",,,0,0,2368344,Gyrinocheilus pennocki,SPECIES,ACCEPTED,,exact,99,1,Animalia,Chordata,,Cypriniformes,Gyrinocheilidae,Gyrinocheilus,True,1.0
IALY_CA,Hồ TĐ Ialy,fish,6,"Yasuhikotakia modesta (Bleeker, 1864)",Cá Heo vạch,Yasuhikotakia modesta,Yasuhikotakia,"(Bleeker, 1864)",1864.0,False,False,,,,,CYPRINIFORMES,Botiidae,{},,,0,0,2367775,Yasuhikotakia modesta,SPECIES,ACCEPTED,,exact,99,1,Animalia,Chordata,,Cypriniformes,Cobitidae,Yasuhikotakia,False,0.706
IALY_CA,Hồ TĐ Ialy,fish,7,"Balitoropsis zollingeri (Bleeker, 1853)",Cá Bám nam,Balitoropsis zollingeri,Balitoropsis,"(Bleeker, 1853)",1853.0,False,False,,,,,CYPRINIFORMES,Balitoridae,{},,,0,0,8597456,Balitoropsis zollingeri,SPECIES,ACCEPTED,,exact,99,1,Animalia,Chordata,,Cypriniformes,Balitoridae,Balitoropsis,True,1.0
IALY_CA,Hồ TĐ Ialy,fish,8,"Acrossocheilus iridescens (Nichols & Pope, 1927)",Cá Hoa,Acrossocheilus iridescens,Acrossocheilus,"(Nichols & Pope, 1927)",1927.0,False,False,,,,,CYPRINIFORMES,Cyprinidae,{},,,0,0,2366427,Acrossocheilus iridescens,SPECIES,ACCEPTED,,exact,99,1,Animalia,Chordata,,Cypriniformes,Cyprinidae,Acrossocheilus,True,1.0
IALY_CA,Hồ TĐ Ialy,fish,9,"Altigena tonkinensis (Pellegrin & Chevey, 1934)",Cá Hỏa,Altigena tonkinensis,Altigena,"(Pellegrin & Chevey, 1934)",1934.0,False,False,,,,,CYPRINIFORMES,Cyprinidae,"{""ND26_2019"": ""NII"", ""DLDVN_2024"": ""VU""}",,,0,0,12101382,Altigena tonkinensis,SPECIES,SYNONYM,Bangana tonkinensis,synonym,98,1,Animalia,Chordata,,Cypriniformes,Cyprinidae,Bangana,True,1.0
IALY_CA,Hồ TĐ Ialy,fish,10,"Amblyrhynchichthys truncatus (Bleeker, 1850)",Cá Trao tráo,Amblyrhynchichthys truncatus,Amblyrhynchichthys,"(Bleeker, 1850)",1850.0,False,False,,,,,CYPRINIFORMES,Cyprinidae,{},,,0,0,2360476,Amblyrhynchichthys truncatus,SPECIES,ACCEPTED,,exact,99,1,Animalia,Chordata,,Cypriniformes,Cyprinidae,Amblyrhynchichthys,True,1.0
IALY_CA,Hồ TĐ Ialy,fish,11,"Anematichthys repasson (Bleeker, 1853)",Cá Ba kỳ trắng,Anematichthys repasson,Anematichthys,"(Bleeker, 1853)",1853.0,False,False,,,,,CYPRINIFORMES,Cyprinidae,{},,,0,0,7564873,Anematichthys repasson,SPECIES,ACCEPTED,,exact,99,1,Animalia,Chordata,,Cypriniformes,Cyprinidae,Anematichthys,True,1.0
IALY_CA,Hồ TĐ Ialy,fish,12,"Barbodes aurotaeniatus (Tirant, 1885)",Cá Dong chấm,Barbodes aurotaeniatus,Barbodes,"(Tirant, 1885)",1885.0,False,False,,,,,CYPRINIFORMES,Cyprinidae,{},,,0,0,9552418,Barbodes aurotaeniatus,SPECIES,ACCEPTED,,exact,99,1,Animalia,Chordata,,Cypriniformes,Cyprinidae,Barbodes,True,1.0
IALY_CA,Hồ TĐ Ialy,fish,13,"Barbodes binotatus (Valenciennes, 1842)",Cá Trắng,Barbodes binotatus,Barbodes,"(Valenciennes, 1842)",1842.0,False,False,,,,,CYPRINIFORMES,Cyprinidae,{},,,0,0,2363847,Barbodes binotatus,SPECIES,ACCEPTED,,exact,99,1,Animalia,Chordata,,Cypriniformes,Cyprinidae,Barbodes,True,1.0
IALY_CA,Hồ TĐ Ialy,fish,14,Barbodes sp.,Cá Dong,Barbodes sp.,Barbodes,,,True,False,,,,,CYPRINIFORMES,Cyprinidae,{},,,0,0,2365861,Barbodes,GENUS,ACCEPTED,,exact,96,1,Animalia,Chordata,,Cypriniformes,Cyprinidae,Barbodes,True,1.0
IALY_CA,Hồ TĐ Ialy,fish,15,"Barbonymus gonionotus (Bleeker, 1849)",Cá Mè vinh,Barbonymus gonionotus,Barbonymus,"(Bleeker, 1849)",1849.0,False,False,,,,,CYPRINIFORMES,Cyprinidae,{},,,0,0,2366114,Barbonymus gonionotus,SPECIES,ACCEPTED,,exact,99,1,Animalia,Chordata,,Cypriniformes,Cyprinidae,Barbonymus,True,1.0
IALY_CA,Hồ TĐ Ialy,fish,16,"Barbonymus schwanenfeldii (Bleeker, 1854)*",Cá He vàng,Barbonymus schwanenfeldii,Barbonymus,"(Bleeker, 1854)",1854.0,False,False,*,,,,CYPRINIFORMES,Cyprinidae,"{""ND26_2019"": ""NII""}",,,0,0,2366101,Barbonymus schwanenfeldii,SPECIES,ACCEPTED,,exact,99,1,Animalia,Chordata,,Cypriniformes,Cyprinidae,Barbonymus,True,1.0
IALY_CA,Hồ TĐ Ialy,fish,17,"Carassioides cantonensis (Heinke, 1892)",Cá Nhưng,Carassioides cantonensis,Carassioides,"(Heinke, 1892)",1892.0,False,False,,,,,CYPRINIFORMES,Cyprinidae,{},,,0,0,2366026,Carassioides cantonensis,SPECIES,SYNONYM,Carassioides acuminatus,synonym,98,1,Animalia,Chordata,,Cypriniformes,Cyprinidae,Carassioides,True,1.0
IALY_CA,Hồ TĐ Ialy,fish,18,"Carassius auratus (Linnaeus, 1758)",Cá Diếc vàng,Carassius auratus,Carassius,"(Linnaeus, 1758)",1758.0,False,False,,,,,CYPRINIFORMES,Cyprinidae,{},,,0,0,4286942,Carassius auratus,SPECIES,ACCEPTED,,exact,99,1,Animalia,Chordata,,Cypriniformes,Cyprinidae,Carassius,True,1.0
IALY_CA,Hồ TĐ Ialy,fish,19,"Carassius carassius (Linnaeus, 1758)*",Cá Diếc,Carassius carassius,Carassius,"(Linnaeus, 1758)",1758.0,False,False,*,,,,CYPRINIFORMES,Cyprinidae,{},,,0,0,2366645,Carassius carassius,SPECIES,ACCEPTED,,exact,99,1,Animalia,Chordata,,Cypriniformes,Cyprinidae,Carassius,True,1.0
IALY_CA,Hồ TĐ Ialy,fish,20,"Cirrhinus jullieni Sauvage, 1878",Cá Linh ống,Cirrhinus jullieni,Cirrhinus,"Sauvage, 1878",1878.0,False,False,,,,,CYPRINIFORMES,Cyprinidae,{},,,0,0,5205979,Cirrhinus jullieni,SPECIES,ACCEPTED,,exact,99,1,Animalia,Chordata,,Cypriniformes,Cyprinidae,Cirrhinus,True,1.0
IALY_CA,Hồ TĐ Ialy,fish,21,"Cirrhinus molitorella (Valenciennes, 1844)",Cá Trôi,Cirrhinus molitorella,Cirrhinus,"(Valenciennes, 1844)",1844.0,False,False,,,,,CYPRINIFORMES,Cyprinidae,"{""IUCN_2025"": ""NT""}",,,0,0,5206449,Cirrhinus molitorella,SPECIES,ACCEPTED,,exact,99,1,Animalia,Chordata,,Cypriniformes,Cyprinidae,Cirrhinus,True,1.0
IALY_CA,Hồ TĐ Ialy,fish,22,"Cirrhinus microlepis Sauvage, 1878*",Cá Duồng,Cirrhinus microlepis,Cirrhinus,"Sauvage, 1878",1878.0,False,False,*,,,,CYPRINIFORMES,Cyprinidae,"{""ND26_2019"": ""NII"", ""IUCN_2025"": ""VU""}",,,0,0,5206472,Cirrhinus microlepis,SPECIES,ACCEPTED,,exact,99,1,Animalia,Chordata,,Cypriniformes,Cyprinidae,Cirrhinus,True,1.0
IALY_CA,Hồ TĐ Ialy,fish,23,"Cirrhinus mrigala (Hamilton, 1822)",Cá Trôi mrigal,Cirrhinus mrigala,Cirrhinus,"(Hamilton, 1822)",1822.0,False,False,,,,,CYPRINIFORMES,Cyprinidae,{},,,0,0,5206447,Cirrhinus mrigala,SPECIES,ACCEPTED,,exact,99,1,Animalia,Chordata,,Cypriniformes,Cyprinidae,Cirrhinus,True,1.0
IALY_CA,Hồ TĐ Ialy,fish,24,"Cosmochilus harmandi Sauvage, 1878",Cá Duồng ay,Cosmochilus harmandi,Cosmochilus,"Sauvage, 1878",1878.0,False,False,,,,,CYPRINIFORMES,Cyprinidae,"{""ND26_2019"": ""NII""}",,,0,0,2362431,Cosmochilus harmandi,SPECIES,ACCEPTED,,exact,99,1,Animalia,Chordata,,Cypriniformes,Cyprinidae,Cosmochilus,True,1.0
IALY_CA,Hồ TĐ Ialy,fish,25,"Crossocheilus oblongus Kuhl & Van Hasselt, 1823",Cá Chuồn,Crossocheilus oblongus,Crossocheilus,"Kuhl & Van Hasselt, 1823",1823.0,False,False,,,,,CYPRINIFORMES,Cyprinidae,{},,,0,0,2361970,Crossocheilus oblongus,SPECIES,ACCEPTED,,exact,99,1,Animalia,Chordata,,Cypriniformes,Cyprinidae,Crossocheilus,True,1.0
IALY_CA,Hồ TĐ Ialy,fish,26,"Cyprinus carpio Linnaeus, 1758",Cá Chép,Cyprinus carpio,Cyprinus,"Linnaeus, 1758",1758.0,False,False,,,,,CYPRINIFORMES,Cyprinidae,{},,,0,0,4286975,Cyprinus carpio,SPECIES,ACCEPTED,,exact,99,1,Animalia,Chordata,,Cypriniformes,Cyprinidae,Cyprinus,True,1.0
IALY_CA,Hồ TĐ Ialy,fish,27,"Garra fuliginosa Fowler, 1934",Cá Sứt mũi,Garra fuliginosa,Garra,"Fowler, 1934",1934.0,False,False,,,,,CYPRINIFORMES,Cyprinidae,{},,,0,0,2366747,Garra fuliginosa,SPECIES,ACCEPTED,,exact,99,1,Animalia,Chordata,,Cypriniformes,Cyprinidae,Garra,True,1.0
IALY_CA,Hồ TĐ Ialy,fish,28,"Hampala macrolepidota Kuhl & Van Hasselt, 1823",Cá Ngựa nam,Hampala macrolepidota,Hampala,"Kuhl & Van Hasselt, 1823",1823.0,False,False,,,,,CYPRINIFORMES,Cyprinidae,"{""ND26_2019"": ""NII""}",,,0,0,2367430,Hampala macrolepidota,SPECIES,ACCEPTED,,exact,97,1,Animalia,Chordata,,Cypriniformes,Cyprinidae,Hampala,True,1.0
IALY_CA,Hồ TĐ Ialy,fish,29,"Hypsibarbus lagleri Rainboth, 1996",Cá Hồng nhau,Hypsibarbus lagleri,Hypsibarbus,"Rainboth, 1996",1996.0,False,False,,,,,CYPRINIFORMES,Cyprinidae,{},,,0,0,2365526,Hypsibarbus lagleri,SPECIES,ACCEPTED,,exact,99,1,Animalia,Chordata,,Cypriniformes,Cyprinidae,Hypsibarbus,True,1.0
IALY_CA,Hồ TĐ Ialy,fish,30,"Hypsibarbus pierrei (Sauvage, 1880)",Cá Hepi,Hypsibarbus pierrei,Hypsibarbus,"(Sauvage, 1880)",1880.0,False,False,,,,,CYPRINIFORMES,Cyprinidae,{},,,0,0,2365507,Hypsibarbus pierrei,SPECIES,ACCEPTED,,exact,99,1,Animalia,Chordata,,Cypriniformes,Cyprinidae,Hypsibarbus,True,1.0
IALY_CA,Hồ TĐ Ialy,fish,31,"Hypsibarbus vernayi (Norman, 1925)",Cá Mè vinh giả,Hypsibarbus vernayi,Hypsibarbus,"(Norman, 1925)",1925.0,False,False,,,,,CYPRINIFORMES,Cyprinidae,{},,,0,0,2365514,Hypsibarbus vernayi,SPECIES,ACCEPTED,,exact,99,1,Animalia,Chordata,,Cypriniformes,Cyprinidae,Hypsibarbus,True,1.0
IALY_CA,Hồ TĐ Ialy,fish,32,"Incisilabeo behri (Fowler, 1937)",Cá Mõm trâu,Incisilabeo behri,Incisilabeo,"(Fowler, 1937)",1937.0,False,False,,,,,CYPRINIFORMES,Cyprinidae,"{""ND26_2019"": ""NII"", ""DLDVN_2024"": ""VU""}",,,0,0,10556037,Incisilabeo behri,SPECIES,SYNONYM,Bangana behri,synonym,98,1,Animalia,Chordata,,Cypriniformes,Cyprinidae,Bangana,True,1.0
IALY_CA,Hồ TĐ Ialy,fish,33,"Labeo chrysophekadion (Bleeker, 1849)",Cá Ét mọi,Labeo chrysophekadion,Labeo,"(Bleeker, 1849)",1849.0,False,False,,,,,CYPRINIFORMES,Cyprinidae,"{""ND26_2019"": ""NII""}",,,0,0,5206198,Labeo chrysophekadion,SPECIES,ACCEPTED,,exact,99,1,Animalia,Chordata,,Cypriniformes,Cyprinidae,Labeo,True,1.0
IALY_CA,Hồ TĐ Ialy,fish,34,"Labeo dyocheilus (McClelland, 1839)",Cá Vũ,Labeo dyocheilus,Labeo,"(McClelland, 1839)",1839.0,False,False,,,,,CYPRINIFORMES,Cyprinidae,{},,,0,0,5205982,Labeo dyocheilus,SPECIES,ACCEPTED,,exact,99,1,Animalia,Chordata,,Cypriniformes,Cyprinidae,Labeo,True,1.0
IALY_CA,Hồ TĐ Ialy,fish,35,"Labeo erythropterus Valenciennes, 1842",Cá Trôi đỏ,Labeo erythropterus,Labeo,"Valenciennes, 1842",1842.0,False,False,,,,,CYPRINIFORMES,Cyprinidae,{},,,0,0,5206016,Labeo erythropterus,SPECIES,ACCEPTED,,exact,99,1,Animalia,Chordata,,Cypriniformes,Cyprinidae,Labeo,True,1.0
IALY_CA,Hồ TĐ Ialy,fish,36,"Labeo rohita (Hamilton, 1822)",Cá Rô hu,Labeo rohita,Labeo,"(Hamilton, 1822)",1822.0,False,False,,,,,CYPRINIFORMES,Cyprinidae,{},,,0,0,5206083,Labeo rohita,SPECIES,ACCEPTED,,exact,99,1,Animalia,Chordata,,Cypriniformes,Cyprinidae,Labeo,True,1.0
IALY_CA,Hồ TĐ Ialy,fish,37,"Labiobarbus lineatus (Sauvage, 1878)",Cá Linh tía,Labiobarbus lineatus,Labiobarbus,"(Sauvage, 1878)",1878.0,False,False,,,,,CYPRINIFORMES,Cyprinidae,{},,,0,0,2366266,Labiobarbus lineatus,SPECIES,ACCEPTED,,exact,99,1,Animalia,Chordata,,Cypriniformes,Cyprinidae,Labiobarbus,True,1.0
IALY_CA,Hồ TĐ Ialy,fish,38,"Osteochilus melanopleurus (Bleeker, 1852)*",Cá Mè hôi,Osteochilus melanopleurus,Osteochilus,"(Bleeker, 1852)",1852.0,False,False,*,,,,CYPRINIFORMES,Cyprinidae,{},,,0,0,2364311,Osteochilus melanopleurus,SPECIES,ACCEPTED,,exact,99,1,Animalia,Chordata,,Cypriniformes,Cyprinidae,Osteochilus,True,1.0
IALY_CA,Hồ TĐ Ialy,fish,39,"Osteochilus salsburyi Nichols & Pope, 1927",Cá Dầm đất,Osteochilus salsburyi,Osteochilus,"Nichols & Pope, 1927",1927.0,False,False,,,,,CYPRINIFORMES,Cyprinidae,{},,,0,0,2364371,Osteochilus salsburyi,SPECIES,ACCEPTED,,exact,99,1,Animalia,Chordata,,Cypriniformes,Cyprinidae,Osteochilus,True,1.0
IALY_CA,Hồ TĐ Ialy,fish,40,"Osteochilus schlegelii (Bleeker, 1851)*",Cá Mè hương,Osteochilus schlegelii,Osteochilus,"(Bleeker, 1851)",1851.0,False,False,*,,,,CYPRINIFORMES,Cyprinidae,{},,,0,0,2364333,Osteochilus schlegelii,SPECIES,ACCEPTED,,exact,99,1,Animalia,Chordata,,Cypriniformes,Cyprinidae,Osteochilus,True,1.0
IALY_CA,Hồ TĐ Ialy,fish,41,"Osteochilus vittatus (Valenciennes, 1842)",Cá Mè lúi,Osteochilus vittatus,Osteochilus,"(Valenciennes, 1842)",1842.0,False,False,,,,,CYPRINIFORMES,Cyprinidae,{},,,0,0,2364327,Osteochilus vittatus,SPECIES,ACCEPTED,,exact,99,1,Animalia,Chordata,,Cypriniformes,Cyprinidae,Osteochilus,True,1.0
IALY_CA,Hồ TĐ Ialy,fish,42,"Poropuntius kontumensis (Chevey, 1934)",Cá Hồng kon tum,Poropuntius kontumensis,Poropuntius,"(Chevey, 1934)",1934.0,False,False,,,,,CYPRINIFORMES,Cyprinidae,{},,,0,0,2366152,Poropuntius kontumensis,SPECIES,ACCEPTED,,exact,99,1,Animalia,Chordata,,Cypriniformes,Cyprinidae,Poropuntius,True,1.0
IALY_CA,Hồ TĐ Ialy,fish,43,"Puntius brevis (Bleeker, 1849)",Cá Dầm,Puntius brevis,Puntius,"(Bleeker, 1849)",1849.0,False,False,,,,,CYPRINIFORMES,Cyprinidae,{},,,0,0,2364211,Puntius brevis,SPECIES,ACCEPTED,,exact,99,1,Animalia,Chordata,,Cypriniformes,Cyprinidae,Puntius,True,1.0
IALY_CA,Hồ TĐ Ialy,fish,44,"Systomus orphoides (Valenciennes, 1842)*",Cá Đỏ mang,Systomus orphoides,Systomus,"(Valenciennes, 1842)",1842.0,False,False,*,,,,CYPRINIFORMES,Cyprinidae,{},,,0,0,2364120,Systomus orphoides,SPECIES,ACCEPTED,,exact,99,1,Animalia,Chordata,,Cypriniformes,Cyprinidae,Systomus,True,1.0
IALY_CA,Hồ TĐ Ialy,fish,45,"Thynnichthys thynnoides (Bleeker, 1852)*",Cá Linh ản,Thynnichthys thynnoides,Thynnichthys,"(Bleeker, 1852)",1852.0,False,False,*,,,,CYPRINIFORMES,Cyprinidae,{},,,0,0,5207541,Thynnichthys thynnoides,SPECIES,ACCEPTED,,exact,99,1,Animalia,Chordata,,Cypriniformes,Cyprinidae,Thynnichthys,True,1.0
IALY_CA,Hồ TĐ Ialy,fish,46,"Esomus metallicus Ahl, 1923",Cá Lòng tong sắt,Esomus metallicus,Esomus,"Ahl, 1923",1923.0,False,False,,,,,CYPRINIFORMES,Danionidae,{},,,0,0,2364604,Esomus metallicus,SPECIES,ACCEPTED,,exact,99,1,Animalia,Chordata,,Cypriniformes,Cyprinidae,Esomus,False,0.6
IALY_CA,Hồ TĐ Ialy,fish,47,"Esomus longimanus (Lunel, 1881)",Cá Lòng tong dài,Esomus longimanus,Esomus,"(Lunel, 1881)",1881.0,False,False,,,,,CYPRINIFORMES,Danionidae,{},,,0,0,2364610,Esomus longimanus,SPECIES,ACCEPTED,,exact,99,1,Animalia,Chordata,,Cypriniformes,Cyprinidae,Esomus,False,0.6
IALY_CA,Hồ TĐ Ialy,fish,48,"Laubuka laubuca (Hamilton, 1822)",Cá Mại nam,Laubuka laubuca,Laubuka,"(Hamilton, 1822)",1822.0,False,False,,,,,CYPRINIFORMES,Danionidae,{},,,0,0,8283254,Laubuka laubuca,SPECIES,ACCEPTED,,exact,99,1,Animalia,Chordata,,Cypriniformes,Cyprinidae,Laubuka,False,0.6
IALY_CA,Hồ TĐ Ialy,fish,49,"Luciosoma bleekeri Steindachner, 1878*",Cá Lòng tong,Luciosoma bleekeri,Luciosoma,"Steindachner, 1878",1878.0,False,False,*,,,,CYPRINIFORMES,Danionidae,{},,,0,0,2360866,Luciosoma bleekeri,SPECIES,ACCEPTED,,exact,99,1,Animalia,Chordata,,Cypriniformes,Cyprinidae,Luciosoma,False,0.6
IALY_CA,Hồ TĐ Ialy,fish,50,"Rasbora aurotaenia Tirant, 1885",Cá Lòng tong đuôi dài,Rasbora aurotaenia,Rasbora,"Tirant, 1885",1885.0,False,False,,,,,CYPRINIFORMES,Danionidae,{},,,0,0,2359508,Rasbora aurotaenia,SPECIES,ACCEPTED,,exact,99,1,Animalia,Chordata,,Cypriniformes,Cyprinidae,Rasbora,False,0.6
IALY_CA,Hồ TĐ Ialy,fish,51,"Rasbora atridorsalis Kottelat & Chu, 1988",Cá Lòng tong lưng thấp,Rasbora atridorsalis,Rasbora,"Kottelat & Chu, 1988",1988.0,False,False,,,,,CYPRINIFORMES,Danionidae,{},,,0,0,2359507,Rasbora atridorsalis,SPECIES,ACCEPTED,,exact,99,1,Animalia,Chordata,,Cypriniformes,Cyprinidae,Rasbora,False,0.6
IALY_CA,Hồ TĐ Ialy,fish,52,"Rasbora borapetensis Smith, 1934*",Cá Lòng tong đuôi đỏ,Rasbora borapetensis,Rasbora,"Smith, 1934",1934.0,False,False,*,,,,CYPRINIFORMES,Danionidae,{},,,0,0,2359536,Rasbora borapetensis,SPECIES,ACCEPTED,,exact,99,1,Animalia,Chordata,,Cypriniformes,Cyprinidae,Rasbora,False,0.6
IALY_CA,Hồ TĐ Ialy,fish,53,"Rasbora cephalotaenia (Bleeker, 1852)",Cá Mại sọc ên,Rasbora cephalotaenia,Rasbora,"(Bleeker, 1852)",1852.0,False,False,,,,,CYPRINIFORMES,Danionidae,{},,,0,0,2359632,Rasbora cephalotaenia,SPECIES,ACCEPTED,,exact,99,1,Animalia,Chordata,,Cypriniformes,Cyprinidae,Rasbora,False,0.6
IALY_CA,Hồ TĐ Ialy,fish,54,"Rasbora daniconius (Hamilton, 1822)*",Cá Lòng tong vạch,Rasbora daniconius,Rasbora,"(Hamilton, 1822)",1822.0,False,False,*,,,,CYPRINIFORMES,Danionidae,{},,,0,0,2359512,Rasbora daniconius,SPECIES,ACCEPTED,,exact,99,1,Animalia,Chordata,,Cypriniformes,Cyprinidae,Rasbora,False,0.6
IALY_CA,Hồ TĐ Ialy,fish,55,"Rasbora trilineata Steindachner, 1870*",Cá Lòng tong sọc,Rasbora trilineata,Rasbora,"Steindachner, 1870",1870.0,False,False,*,,,,CYPRINIFORMES,Danionidae,{},,,0,0,2359627,Rasbora trilineata,SPECIES,ACCEPTED,,exact,99,1,Animalia,Chordata,,Cypriniformes,Cyprinidae,Rasbora,False,0.6
IALY_CA,Hồ TĐ Ialy,fish,56,"Semilabeo notabilis Peters, 1881",Cá Anh vũ,Semilabeo notabilis,Semilabeo,"Peters, 1881",1881.0,False,False,,,,,CYPRINIFORMES,Danionidae,{},,,0,0,2359276,Semilabeo notabilis,SPECIES,ACCEPTED,,exact,99,1,Animalia,Chordata,,Cypriniformes,Cyprinidae,Semilabeo,False,0.6
IALY_CA,Hồ TĐ Ialy,fish,57,"Trigonostigma espei (Meinken, 1967)",Cá Lòng tong tam giác,Trigonostigma espei,Trigonostigma,"(Meinken, 1967)",1967.0,False,False,,,,,CYPRINIFORMES,Danionidae,{},,,0,0,2367616,Trigonostigma espei,SPECIES,ACCEPTED,,exact,99,1,Animalia,Chordata,,Cypriniformes,Cyprinidae,Trigonostigma,False,0.6
IALY_CA,Hồ TĐ Ialy,fish,58,"Ctenopharyngodon idella (Valenciennes, 1844)",Cá Trắm cỏ,Ctenopharyngodon idella,Ctenopharyngodon,"(Valenciennes, 1844)",1844.0,False,False,,,,,CYPRINIFORMES,Xenocyprididae,{},,,0,0,2362030,Ctenopharyngodon idella,SPECIES,ACCEPTED,,exact,99,1,Animalia,Chordata,,Cypriniformes,Cyprinidae,Ctenopharyngodon,False,0.75
IALY_CA,Hồ TĐ Ialy,fish,59,"Hemiculter leucisculus (Basilewsky, 1855)",Cá Mương,Hemiculter leucisculus,Hemiculter,"(Basilewsky, 1855)",1855.0,False,False,,,,,CYPRINIFORMES,Xenocyprididae,{},,,0,0,2367280,Hemiculter leucisculus,SPECIES,ACCEPTED,,exact,99,1,Animalia,Chordata,,Cypriniformes,Cyprinidae,Hemiculter,False,0.75
IALY_CA,Hồ TĐ Ialy,fish,60,"Hypophthalmichthys molitrix (Valenciennes, 1844)",Cá Mè trắng hoa nam,Hypophthalmichthys molitrix,Hypophthalmichthys,"(Valenciennes, 1844)",1844.0,False,False,,,,,CYPRINIFORMES,Xenocyprididae,"{""IUCN_2025"": ""NT""}",,,0,0,2362473,Hypophthalmichthys molitrix,SPECIES,ACCEPTED,,exact,99,1,Animalia,Chordata,,Cypriniformes,Cyprinidae,Hypophthalmichthys,False,0.75
IALY_CA,Hồ TĐ Ialy,fish,61,"Hypophthalmichthys nobilis (Richardson, 1845)",Cá Mè hoa,Hypophthalmichthys nobilis,Hypophthalmichthys,"(Richardson, 1845)",1845.0,False,False,,,,,CYPRINIFORMES,Xenocyprididae,{},,,0,0,2362486,Hypophthalmichthys nobilis,SPECIES,ACCEPTED,,exact,99,1,Animalia,Chordata,,Cypriniformes,Cyprinidae,Hypophthalmichthys,False,0.75
IALY_CA,Hồ TĐ Ialy,fish,62,"Megalobrama terminalis (Richardson, 1846)",Cá Vền,Megalobrama terminalis,Megalobrama,"(Richardson, 1846)",1846.0,False,False,,,,,CYPRINIFORMES,Xenocyprididae,{},,,0,0,2362745,Megalobrama terminalis,SPECIES,ACCEPTED,,exact,99,1,Animalia,Chordata,,Cypriniformes,Cyprinidae,Megalobrama,False,0.75
IALY_CA,Hồ TĐ Ialy,fish,63,"Metzia lineata (Pellegrin, 1907)",Cá Mại,Metzia lineata,Metzia,"(Pellegrin, 1907)",1907.0,False,False,,,,,CYPRINIFORMES,Xenocyprididae,{},,,0,0,2362362,Metzia lineata,SPECIES,ACCEPTED,,exact,99,1,Animalia,Chordata,,Cypriniformes,Cyprinidae,Metzia,False,0.75
IALY_CA,Hồ TĐ Ialy,fish,64,"Mylopharyngodon piceus (Richardson, 1846)",Cá Trắm đen,Mylopharyngodon piceus,Mylopharyngodon,"(Richardson, 1846)",1846.0,False,False,,,,,CYPRINIFORMES,Xenocyprididae,{},,,0,0,2362110,Mylopharyngodon piceus,SPECIES,ACCEPTED,,exact,99,1,Animalia,Chordata,,Cypriniformes,Cyprinidae,Mylopharyngodon,False,0.75
IALY_CA,Hồ TĐ Ialy,fish,65,"Paralaubuca barroni (Fowler, 1934)",Cá Thiểu mại,Paralaubuca barroni,Paralaubuca,"(Fowler, 1934)",1934.0,False,False,,,,,CYPRINIFORMES,Xenocyprididae,{},,,0,0,2362375,Paralaubuca barroni,SPECIES,ACCEPTED,,exact,99,1,Animalia,Chordata,,Cypriniformes,Cyprinidae,Paralaubuca,False,0.75
IALY_CA,Hồ TĐ Ialy,fish,66,"Paralaubuca riveroi (Fowler, 1935)",Cá Thiểu nam,Paralaubuca riveroi,Paralaubuca,"(Fowler, 1935)",1935.0,False,False,,,,,CYPRINIFORMES,Xenocyprididae,{},,,0,0,2362384,Paralaubuca riveroi,SPECIES,ACCEPTED,,exact,99,1,Animalia,Chordata,,Cypriniformes,Cyprinidae,Paralaubuca,False,0.75
IALY_CA,Hồ TĐ Ialy,fish,67,"Oxygaster pointoni (Fowler, 1934)",Cá Thiểu,Oxygaster pointoni,Oxygaster,"(Fowler, 1934)",1934.0,False,False,,,,,CYPRINIFORMES,Xenocyprididae,{},,,0,0,2362107,Oxygaster pointoni,SPECIES,ACCEPTED,,exact,99,1,Animalia,Chordata,,Cypriniformes,Cyprinidae,Oxygaster,False,0.75
IALY_CA,Hồ TĐ Ialy,fish,68,"Clarias batrachus (Linneaus, 1758)",Cá Trê trắng,Clarias batrachus,Clarias,"(Linneaus, 1758)",1758.0,False,False,,,,,SILURIFORMES,Clariidae,"{""ND26_2019"": ""NI""}",,,0,0,5202683,Clarias batrachus,SPECIES,ACCEPTED,,exact,99,1,Animalia,Chordata,,Siluriformes,Clariidae,Clarias,True,1.0
IALY_CA,Hồ TĐ Ialy,fish,69,"Clarias macrocephalus Gunther, 1864",Cá Trê vàng,Clarias macrocephalus,Clarias,"Gunther, 1864",1864.0,False,False,,,,,SILURIFORMES,Clariidae,{},,,0,0,5202728,Clarias macrocephalus,SPECIES,ACCEPTED,,exact,99,1,Animalia,Chordata,,Siluriformes,Clariidae,Clarias,True,1.0
IALY_CA,Hồ TĐ Ialy,fish,70,"Clarias fuscus (Lacepède, 1803)",Cá Trê đen,Clarias fuscus,Clarias,"(Lacepède, 1803)",1803.0,False,False,,diacritic_in_latin,,,SILURIFORMES,Clariidae,{},,,0,0,5202694,Clarias fuscus,SPECIES,ACCEPTED,,exact,99,1,Animalia,Chordata,,Siluriformes,Clariidae,Clarias,True,1.0
IALY_CA,Hồ TĐ Ialy,fish,71,"Clarias gariepinus (Burchell, 1822)",Cá Trê phi,Clarias gariepinus,Clarias,"(Burchell, 1822)",1822.0,False,False,,,,,SILURIFORMES,Clariidae,{},,,0,0,5202793,Clarias gariepinus,SPECIES,ACCEPTED,,exact,99,1,Animalia,Chordata,,Siluriformes,Clariidae,Clarias,True,1.0
IALY_CA,Hồ TĐ Ialy,fish,72,"Kryptopterus cheveyi Durand, 1940*",Cá Trèn,Kryptopterus cheveyi,Kryptopterus,"Durand, 1940",1940.0,False,False,*,,,,SILURIFORMES,Siluridae,{},,,0,0,2337895,Kryptopterus cheveyi,SPECIES,ACCEPTED,,exact,99,1,Animalia,Chordata,,Siluriformes,Siluridae,Kryptopterus,True,1.0
IALY_CA,Hồ TĐ Ialy,fish,73,"Pterocryptis cochinchinensis (Valenciennes, 1840)",Cá Thèo,Pterocryptis cochinchinensis,Pterocryptis,"(Valenciennes, 1840)",1840.0,False,False,,,,,SILURIFORMES,Siluridae,{},,,0,0,2337794,Pterocryptis cochinchinensis,SPECIES,ACCEPTED,,exact,99,1,Animalia,Chordata,,Siluriformes,Siluridae,Pterocryptis,True,1.0
IALY_CA,Hồ TĐ Ialy,fish,74,"Ompok siluroides Lacepède, 1803",Cá Trèn ầu,Ompok siluroides,Ompok,"Lacepède, 1803",1803.0,False,False,,diacritic_in_latin,,,SILURIFORMES,Siluridae,"{""ND26_2019"": ""NII""}",,,0,0,2337685,Ompok siluroides,SPECIES,ACCEPTED,,exact,99,1,Animalia,Chordata,,Siluriformes,Siluridae,Ompok,True,1.0
IALY_CA,Hồ TĐ Ialy,fish,75,"Bagrichthys macracanthus (Bleeker, 1854)",Cá Chốt chuột,Bagrichthys macracanthus,Bagrichthys,"(Bleeker, 1854)",1854.0,False,False,,,,,SILURIFORMES,Bagridae,{},,,0,0,2338046,Bagrichthys macracanthus,SPECIES,ACCEPTED,,exact,99,1,Animalia,Chordata,,Siluriformes,Bagridae,Bagrichthys,True,1.0
IALY_CA,Hồ TĐ Ialy,fish,76,"Bagrichthys macropterus (Bleeker, 1854)",Cá Chốt cờ,Bagrichthys macropterus,Bagrichthys,"(Bleeker, 1854)",1854.0,False,False,,,,,SILURIFORMES,Bagridae,{},,,0,0,2338048,Bagrichthys macropterus,SPECIES,ACCEPTED,,exact,99,1,Animalia,Chordata,,Siluriformes,Bagridae,Bagrichthys,True,1.0
IALY_CA,Hồ TĐ Ialy,fish,77,"Hemibagrus guttatus (Lacepède, 1803)",Cá Lăng chấm,Hemibagrus guttatus,Hemibagrus,"(Lacepède, 1803)",1803.0,False,False,,diacritic_in_latin,,,SILURIFORMES,Bagridae,"{""ND26_2019"": ""NII""}",,,0,0,2338188,Hemibagrus guttatus,SPECIES,ACCEPTED,,exact,99,1,Animalia,Chordata,,Siluriformes,Bagridae,Hemibagrus,True,1.0
IALY_CA,Hồ TĐ Ialy,fish,78,"Hemibagrus nemurus (Valenciennes, 1840)",Cá Lăng vàng,Hemibagrus nemurus,Hemibagrus,"(Valenciennes, 1840)",1840.0,False,False,,,,,SILURIFORMES,Bagridae,{},,,0,0,2338172,Hemibagrus nemurus,SPECIES,ACCEPTED,,exact,99,1,Animalia,Chordata,,Siluriformes,Bagridae,Hemibagrus,True,1.0
IALY_CA,Hồ TĐ Ialy,fish,79,"Hemibagrus wyckii (Bleeker, 1858)",Cá Lăng ki,Hemibagrus wyckii,Hemibagrus,"(Bleeker, 1858)",1858.0,False,False,,,,,SILURIFORMES,Bagridae,{},,,0,0,2338255,Hemibagrus wyckii,SPECIES,ACCEPTED,,exact,99,1,Animalia,Chordata,,Siluriformes,Bagridae,Hemibagrus,True,1.0
IALY_CA,Hồ TĐ Ialy,fish,80,"Mystus bocourti (Bleeker, 1864)*",Cá Chốt cờ,Mystus bocourti,Mystus,"(Bleeker, 1864)",1864.0,False,False,*,,,,SILURIFORMES,Bagridae,"{""IUCN_2025"": ""VU""}",,,0,0,5201906,Mystus bocourti,SPECIES,ACCEPTED,,exact,99,1,Animalia,Chordata,,Siluriformes,Bagridae,Mystus,True,1.0
IALY_CA,Hồ TĐ Ialy,fish,81,"Pseudomystus siamensis (Regan, 1913)",Cá Chốt ông,Pseudomystus siamensis,Pseudomystus,"(Regan, 1913)",1913.0,False,False,,,,,SILURIFORMES,Bagridae,{},,,0,0,2338280,Pseudomystus siamensis,SPECIES,ACCEPTED,,exact,99,1,Animalia,Chordata,,Siluriformes,Bagridae,Pseudomystus,True,1.0
IALY_CA,Hồ TĐ Ialy,fish,82,"Bagarius bagarius (Hamilton, 1822)",Cá Chiên,Bagarius bagarius,Bagarius,"(Hamilton, 1822)",1822.0,False,False,,,,,SILURIFORMES,Sisoridae,"{""ND26_2019"": ""NII"", ""IUCN_2025"": ""VU""}",,,0,0,2341206,Bagarius bagarius,SPECIES,ACCEPTED,,exact,99,1,Animalia,Chordata,,Siluriformes,Sisoridae,Bagarius,True,1.0
IALY_CA,Hồ TĐ Ialy,fish,83,"Glyptothorax trilineatus Blyth, 1860",Cá Chiên suối,Glyptothorax trilineatus,Glyptothorax,"Blyth, 1860",1860.0,False,False,,,,,SILURIFORMES,Sisoridae,{},,,0,0,2341413,Glyptothorax trilineatus,SPECIES,ACCEPTED,,exact,99,1,Animalia,Chordata,,Siluriformes,Sisoridae,Glyptothorax,True,1.0
IALY_CA,Hồ TĐ Ialy,fish,84,"Glyptothorax laosensis Fowler, 1934",Cá Chiên lăng,Glyptothorax laosensis,Glyptothorax,"Fowler, 1934",1934.0,False,False,,,,,SILURIFORMES,Sisoridae,{},,,0,0,2341327,Glyptothorax laosensis,SPECIES,ACCEPTED,,exact,99,1,Animalia,Chordata,,Siluriformes,Sisoridae,Glyptothorax,True,1.0
IALY_CA,Hồ TĐ Ialy,fish,85,"Butis butis (Hamilton, 1822)",Cá Bống cau,Butis butis,Butis,"(Hamilton, 1822)",1822.0,False,False,,,,,GOBIIFORMES,Butidae,{},,,0,0,2386080,Butis butis,SPECIES,ACCEPTED,,exact,99,1,Animalia,Chordata,,Perciformes,Eleotridae,Butis,False,0.588
IALY_CA,Hồ TĐ Ialy,fish,86,"Oxyeleotris marmorata (Bleeker, 1852)",Cá Bống tượng,Oxyeleotris marmorata,Oxyeleotris,"(Bleeker, 1852)",1852.0,False,False,,,,,GOBIIFORMES,Butidae,{},,,0,0,2386241,Oxyeleotris marmorata,SPECIES,ACCEPTED,,exact,99,1,Animalia,Chordata,,Perciformes,Eleotridae,Oxyeleotris,False,0.588
IALY_CA,Hồ TĐ Ialy,fish,87,"Glossogobius giuris (Hamilton, 1822)",Cá Bống trắng,Glossogobius giuris,Glossogobius,"(Hamilton, 1822)",1822.0,False,False,,,,,GOBIIFORMES,Gobiidae,{},,,0,0,2378087,Glossogobius giuris,SPECIES,ACCEPTED,,exact,99,1,Animalia,Chordata,,Perciformes,Gobiidae,Glossogobius,True,1.0
IALY_CA,Hồ TĐ Ialy,fish,88,"Glossogobius sparsipapillus Akihito & Meguro, 1976",Cá Bống cát trắng,Glossogobius sparsipapillus,Glossogobius,"Akihito & Meguro, 1976",1976.0,False,False,,,,,GOBIIFORMES,Gobiidae,{},,,0,0,2379441,Glossogobius sparsipapillus,SPECIES,ACCEPTED,,exact,99,1,Animalia,Chordata,,Perciformes,Gobiidae,Glossogobius,True,1.0
IALY_CA,Hồ TĐ Ialy,fish,89,"Papuligobius ocellatus (Fowler, 1937)",Cá Bống mắt,Papuligobius ocellatus,Papuligobius,"(Fowler, 1937)",1937.0,False,False,,,,,GOBIIFORMES,Gobiidae,{},,,0,0,2376385,Papuligobius ocellatus,SPECIES,ACCEPTED,,exact,99,1,Animalia,Chordata,,Perciformes,Gobiidae,Papuligobius,True,1.0
IALY_CA,Hồ TĐ Ialy,fish,90,"Macrognathus aculeatus (Bloch, 1786)",Cá Chạch ông é,Macrognathus aculeatus,Macrognathus,"(Bloch, 1786)",1786.0,False,False,,,,,SYNBRANCHIFORMES,Mastacembelidae,{},,,0,0,5204062,Macrognathus aculeatus,SPECIES,ACCEPTED,,exact,99,1,Animalia,Chordata,,Synbranchiformes,Mastacembelidae,Macrognathus,True,1.0
IALY_CA,Hồ TĐ Ialy,fish,91,"Macrognathus siamensis (Günther, 1861)",Cá Chạch lá tre,Macrognathus siamensis,Macrognathus,"(Günther, 1861)",1861.0,False,False,,diacritic_in_latin,,,SYNBRANCHIFORMES,Mastacembelidae,{},,,0,0,5204055,Macrognathus siamensis,SPECIES,ACCEPTED,,exact,99,1,Animalia,Chordata,,Synbranchiformes,Mastacembelidae,Macrognathus,True,1.0
IALY_CA,Hồ TĐ Ialy,fish,92,"Macrognathus taeniagaster (Fowler, 1935)",Cá Chạch rằn,Macrognathus taeniagaster,Macrognathus,"(Fowler, 1935)",1935.0,False,False,,,,,SYNBRANCHIFORMES,Mastacembelidae,{},,,0,0,5204070,Macrognathus taeniagaster,SPECIES,ACCEPTED,,exact,99,1,Animalia,Chordata,,Synbranchiformes,Mastacembelidae,Macrognathus,True,1.0
IALY_CA,Hồ TĐ Ialy,fish,93,"Mastacembelus armatus (Lacepède, 1800)",Cá Chạch sông,Mastacembelus armatus,Mastacembelus,"(Lacepède, 1800)",1800.0,False,False,,diacritic_in_latin,,,SYNBRANCHIFORMES,Mastacembelidae,{},,,0,0,2351784,Mastacembelus armatus,SPECIES,ACCEPTED,,exact,99,1,Animalia,Chordata,,Synbranchiformes,Mastacembelidae,Mastacembelus,True,1.0
IALY_CA,Hồ TĐ Ialy,fish,94,"Mastacembelus favus Hora, 1924*",Cá Chạch ông lớn,Mastacembelus favus,Mastacembelus,"Hora, 1924",1924.0,False,False,*,,,,SYNBRANCHIFORMES,Mastacembelidae,{},,,0,0,2351761,Mastacembelus favus,SPECIES,ACCEPTED,,exact,99,1,Animalia,Chordata,,Synbranchiformes,Mastacembelidae,Mastacembelus,True,1.0
IALY_CA,Hồ TĐ Ialy,fish,95,"Monopterus albus (Zuiew, 1793)",Lươn,Monopterus albus,Monopterus,"(Zuiew, 1793)",1793.0,False,False,,,,,SYNBRANCHIFORMES,Synbranchidae,{},,,0,0,5204081,Monopterus albus,SPECIES,ACCEPTED,,exact,99,1,Animalia,Chordata,,Synbranchiformes,Synbranchidae,Monopterus,True,1.0
IALY_CA,Hồ TĐ Ialy,fish,96,"Anabas testudineus (Bloch, 1792)",Cá Rô đồng,Anabas testudineus,Anabas,"(Bloch, 1792)",1792.0,False,False,,,,,ANABANTIFORMES,Anabantidae,{},,,0,0,2391579,Anabas testudineus,SPECIES,ACCEPTED,,exact,99,1,Animalia,Chordata,,Perciformes,Anabantidae,Anabas,True,1.0
IALY_CA,Hồ TĐ Ialy,fish,97,"Betta taeniata Regan, 1910",Cá Thia ta,Betta taeniata,Betta,"Regan, 1910",1910.0,False,False,,,,,ANABANTIFORMES,Osphronemiidae,{},,,0,0,2394036,Betta taeniata,SPECIES,ACCEPTED,,exact,99,1,Animalia,Chordata,,Perciformes,Osphronemidae,Betta,False,0.963
IALY_CA,Hồ TĐ Ialy,fish,98,"Macropodus opercularis (Linnaeus, 1758)",Cá Thia cờ,Macropodus opercularis,Macropodus,"(Linnaeus, 1758)",1758.0,False,False,,,,,ANABANTIFORMES,Osphronemiidae,{},,,0,0,5211160,Macropodus opercularis,SPECIES,ACCEPTED,,exact,99,1,Animalia,Chordata,,Perciformes,Osphronemidae,Macropodus,False,0.963
IALY_CA,Hồ TĐ Ialy,fish,99,"Trichopodus microlepis (Günther, 1861)",Cá Sặc điệp,Trichopodus microlepis,Trichopodus,"(Günther, 1861)",1861.0,False,False,,diacritic_in_latin,,,ANABANTIFORMES,Osphronemiidae,{},,,0,0,5211179,Trichopodus microlepis,SPECIES,ACCEPTED,,exact,99,1,Animalia,Chordata,,Perciformes,Osphronemidae,Trichopodus,False,0.963
IALY_CA,Hồ TĐ Ialy,fish,100,"Trichopodus pectoralis Regan, 1910",Cá Sặc rằn,Trichopodus pectoralis,Trichopodus,"Regan, 1910",1910.0,False,False,,,,,ANABANTIFORMES,Osphronemiidae,{},,,0,0,5211177,Trichopodus pectoralis,SPECIES,ACCEPTED,,exact,99,1,Animalia,Chordata,,Perciformes,Osphronemidae,Trichopodus,False,0.963
IALY_CA,Hồ TĐ Ialy,fish,101,"Trichopodus trichopterus (Pallas, 1770)",Cá Sặc ướm,Trichopodus trichopterus,Trichopodus,"(Pallas, 1770)",1770.0,False,False,,,,,ANABANTIFORMES,Osphronemiidae,{},,,0,0,5211169,Trichopodus trichopterus,SPECIES,ACCEPTED,,exact,99,1,Animalia,Chordata,,Perciformes,Osphronemidae,Trichopodus,False,0.963
IALY_CA,Hồ TĐ Ialy,fish,102,"Channa gachua (Hamilton, 1822)*",Cá Chành đục,Channa gachua,Channa,"(Hamilton, 1822)",1822.0,False,False,*,,,,ANABANTIFORMES,Channidae,{},,,0,0,2391514,Channa gachua,SPECIES,ACCEPTED,,exact,99,1,Animalia,Chordata,,Perciformes,Channidae,Channa,True,1.0
IALY_CA,Hồ TĐ Ialy,fish,103,"Channa lucius (Cuvier, 1831)",Cá Tràu dày,Channa lucius,Channa,"(Cuvier, 1831)",1831.0,False,False,,,,,ANABANTIFORMES,Channidae,{},,,0,0,2391505,Channa lucius,SPECIES,ACCEPTED,,exact,99,1,Animalia,Chordata,,Perciformes,Channidae,Channa,True,1.0
IALY_CA,Hồ TĐ Ialy,fish,104,"Channa marulius (Hamilton, 1822)",Cá Tràu mắt,Channa marulius,Channa,"(Hamilton, 1822)",1822.0,False,False,,,,,ANABANTIFORMES,Channidae,{},,,0,0,2391548,Channa marulius,SPECIES,ACCEPTED,,exact,99,1,Animalia,Chordata,,Perciformes,Channidae,Channa,True,1.0
IALY_CA,Hồ TĐ Ialy,fish,105,"Channa micropeltes (Cuvier, 1831)",Cá Lóc bông,Channa micropeltes,Channa,"(Cuvier, 1831)",1831.0,False,False,,,,,ANABANTIFORMES,Channidae,{},,,0,0,2391455,Channa micropeltes,SPECIES,ACCEPTED,,exact,99,1,Animalia,Chordata,,Perciformes,Channidae,Channa,True,1.0
IALY_CA,Hồ TĐ Ialy,fish,106,"Channa striata (Bloch, 1793)",Cá Lóc,Channa striata,Channa,"(Bloch, 1793)",1793.0,False,False,,,,,ANABANTIFORMES,Channidae,{},,,0,0,2391463,Channa striata,SPECIES,ACCEPTED,,exact,99,1,Animalia,Chordata,,Perciformes,Channidae,Channa,True,1.0
IALY_CA,Hồ TĐ Ialy,fish,107,"Pristolepis fasciatus (Bleeker, 1851)",Cá Rô sông,Pristolepis fasciatus,Pristolepis,"(Bleeker, 1851)",1851.0,False,False,,,,,ANABANTIFORMES,Pristolepididae,{},,,0,0,2399391,Pristolepis fasciata,SPECIES,ACCEPTED,,fuzzy,96,1,Animalia,Chordata,,Perciformes,Pristolepididae,Pristolepis,True,1.0
IALY_CA,Hồ TĐ Ialy,fish,108,"Oreochromis mossambicus (Peters , 1852)",Cá Rô phi đen,Oreochromis mossambicus,Oreochromis,"(Peters , 1852)",1852.0,False,False,,,,,CICHLIFORMES,Cichlidae,{},,,0,0,2372396,Oreochromis mossambicus,SPECIES,ACCEPTED,,exact,99,1,Animalia,Chordata,,Perciformes,Cichlidae,Oreochromis,True,1.0
IALY_CA,Hồ TĐ Ialy,fish,109,"Oreochromis niloticus (Linnaeus, 1758)",Cá Rô phi vằn,Oreochromis niloticus,Oreochromis,"(Linnaeus, 1758)",1758.0,False,False,,,,,CICHLIFORMES,Cichlidae,{},,,0,0,4285694,Oreochromis niloticus,SPECIES,ACCEPTED,,exact,97,1,Animalia,Chordata,,Perciformes,Cichlidae,Oreochromis,True,1.0
BH_DVD,Biển Hồ,zoobenthos,1,"Nephtys polybranchia Southern, 1921",,Nephtys polybranchia,Nephtys,"Southern, 1921",1921.0,False,False,,,ANNELIDA,Polychaeta,Phyllodocida,Nephthyidae,"{""codes"": ""NE""}",,,7,6,2317027,Nephtys polybranchia,SPECIES,ACCEPTED,,exact,99,1,Animalia,Annelida,Polychaeta,Phyllodocida,Nephtyidae,Nephtys,False,0.952
BH_DVD,Biển Hồ,zoobenthos,2,"Namalycastis abiuma (Grube, 1872)",,Namalycastis abiuma,Namalycastis,"(Grube, 1872)",1872.0,False,False,,,ANNELIDA,Polychaeta,Phyllodocida,Nereididae,"{""codes"": ""NE""}",,,7,5,2315369,Namalycastis abiuma,SPECIES,ACCEPTED,,exact,99,1,Animalia,Annelida,Polychaeta,Phyllodocida,Nereididae,Namalycastis,True,1.0
BH_DVD,Biển Hồ,zoobenthos,3,"Namalycastis hawaiiensis (Johnson, 1903)",,Namalycastis hawaiiensis,Namalycastis,"(Johnson, 1903)",1903.0,False,False,,,ANNELIDA,Polychaeta,Phyllodocida,Nereididae,"{""codes"": ""NE""}",,,7,5,2315371,Namalycastis hawaiiensis,SPECIES,ACCEPTED,,exact,99,1,Animalia,Annelida,Polychaeta,Phyllodocida,Nereididae,Namalycastis,True,1.0
BH_DVD,Biển Hồ,zoobenthos,4,"Branchiura sowerbyi Beddard, 1892 B",,Branchiura sowerbyi,Branchiura,"Beddard, 1892 B",1892.0,False,False,,,ANNELIDA,Oligochaeta,Tubificida,Tubificidae,"{""codes"": ""NE""}",,,7,3,2308574,Branchiura sowerbyi,SPECIES,ACCEPTED,,exact,99,1,Animalia,Annelida,Clitellata,Tubificida,Naididae,Branchiura,False,0.526
BH_DVD,Biển Hồ,zoobenthos,5,"Pomacea canaliculata (Lamarck, 1822)",,Pomacea canaliculata,Pomacea,"(Lamarck, 1822)",1822.0,False,False,,,MOLLUSCA,Gastropoda,Architaenioglossa,Ampullariidae,"{""codes"": ""LC""}",,,7,4,2292582,Pomacea canaliculata,SPECIES,ACCEPTED,,exact,99,1,Animalia,Mollusca,Gastropoda,Architaenioglossa,Ampullariidae,Pomacea,True,1.0
BH_DVD,Biển Hồ,zoobenthos,6,"Pomacea bridgesi (Reeve, 1856)",,Pomacea bridgesi,Pomacea,"(Reeve, 1856)",1856.0,False,False,,,MOLLUSCA,Gastropoda,Architaenioglossa,Ampullariidae,"{""codes"": ""LC""}",,,7,5,2292581,Pomacea bridgesii,SPECIES,ACCEPTED,,fuzzy,96,1,Animalia,Mollusca,Gastropoda,Architaenioglossa,Ampullariidae,Pomacea,True,1.0
BH_DVD,Biển Hồ,zoobenthos,7,"Sulcospira tourannensis (Souleyet, 1852)",,Sulcospira tourannensis,Sulcospira,"(Souleyet, 1852)",1852.0,False,False,,,MOLLUSCA,Gastropoda,Caenogastropoda,Pachychilidae,"{""codes"": ""LC""}",,,7,5,7785631,Sulcospira tourannensis,SPECIES,ACCEPTED,,exact,99,1,Animalia,Mollusca,Gastropoda,,Pachychilidae,Sulcospira,True,1.0
BH_DVD,Biển Hồ,zoobenthos,8,"Angulyagra polyzonata (Frauenfeld, 1862)",,Angulyagra polyzonata,Angulyagra,"(Frauenfeld, 1862)",1862.0,False,False,,,MOLLUSCA,Gastropoda,Caenogastropoda,Viviparidae,"{""codes"": ""LC""}",,,7,2,6125991,Angulyagra polyzonata,SPECIES,ACCEPTED,,exact,99,1,Animalia,Mollusca,Gastropoda,Architaenioglossa,Viviparidae,Angulyagra,True,1.0
BH_DVD,Biển Hồ,zoobenthos,9,"Cipangopaludina lecythoides (Benson, 1856)",,Cipangopaludina lecythoides,Cipangopaludina,"(Benson, 1856)",1856.0,False,False,,,MOLLUSCA,Gastropoda,Caenogastropoda,Viviparidae,{},,,7,3,8344124,Cipangopaludina lecythoides,SPECIES,ACCEPTED,,exact,99,1,Animalia,Mollusca,Gastropoda,Architaenioglossa,Viviparidae,Cipangopaludina,True,1.0
BH_DVD,Biển Hồ,zoobenthos,10,"Filopaludina sumatrensis (Dunker, 1852)",,Filopaludina sumatrensis,Filopaludina,"(Dunker, 1852)",1852.0,False,False,,,MOLLUSCA,Gastropoda,Caenogastropoda,Viviparidae,"{""codes"": ""LC""}",,,7,4,8294275,Filopaludina sumatrensis,SPECIES,ACCEPTED,,exact,99,1,Animalia,Mollusca,Gastropoda,Architaenioglossa,Viviparidae,Filopaludina,True,1.0
BH_DVD,Biển Hồ,zoobenthos,11,"Corbicula tenuis Clessin, 1887",,Corbicula tenuis,Corbicula,"Clessin, 1887",1887.0,False,False,,,MOLLUSCA,Bivalvia,Veneroida,Corbiculidae,"{""codes"": ""DD""}",,,7,5,10396167,Corbicula tenuis,SPECIES,ACCEPTED,,exact,97,1,Animalia,Mollusca,Bivalvia,Venerida,Cyrenidae,Corbicula,False,0.571
BH_DVD,Biển Hồ,zoobenthos,12,"Corbicula baudoni Morlet, 1886",,Corbicula baudoni,Corbicula,"Morlet, 1886",1886.0,False,False,,,MOLLUSCA,Bivalvia,Veneroida,Corbiculidae,"{""codes"": ""DD""}",,,7,6,8774878,Corbicula baudoni,SPECIES,ACCEPTED,,exact,99,1,Animalia,Mollusca,Bivalvia,Venerida,Cyrenidae,Corbicula,False,0.571
BH_DVD,Biển Hồ,zoobenthos,13,"Corbicula cyreniformis Prime, 1860",,Corbicula cyreniformis,Corbicula,"Prime, 1860",1860.0,False,False,,,MOLLUSCA,Bivalvia,Veneroida,Corbiculidae,"{""codes"": ""DD""}",,,7,4,8226458,Corbicula cyreniformis,SPECIES,ACCEPTED,,exact,99,1,Animalia,Mollusca,Bivalvia,Venerida,Cyrenidae,Corbicula,False,0.571
BH_DVD,Biển Hồ,zoobenthos,14,"Pilsbryoconcha exilis (Lea, 1839)",,Pilsbryoconcha exilis,Pilsbryoconcha,"(Lea, 1839)",1839.0,False,False,,,MOLLUSCA,Bivalvia,Unionoida,Unionidae,"{""codes"": ""LC""}",,,7,4,7585698,Pilsbryoconcha exilis,SPECIES,ACCEPTED,,exact,99,1,Animalia,Mollusca,Bivalvia,Unionida,Unionidae,Pilsbryoconcha,True,1.0
BH_DVD,Biển Hồ,zoobenthos,15,"Pseudodon mouhotii (Lea, 1863)",,Pseudodon mouhotii,Pseudodon,"(Lea, 1863)",1863.0,False,False,,,MOLLUSCA,Bivalvia,Unionoida,Unionidae,"{""codes"": ""LC""}",,,7,4,7353486,Pseudodon mouhoti,SPECIES,SYNONYM,Bineurus mouhotii,synonym,96,1,Animalia,Mollusca,Bivalvia,Unionida,Unionidae,Bineurus,True,1.0
BH_DVD,Biển Hồ,zoobenthos,16,"Sinanodonta jourdyi (Morlet, 1886) C",,Sinanodonta jourdyi,Sinanodonta,"(Morlet, 1886) C",1886.0,False,False,,,MOLLUSCA,Bivalvia,Unionoida,Unionidae,"{""codes"": ""NE""}",,,7,4,7386740,Sinanodonta jourdyi,SPECIES,ACCEPTED,,exact,99,1,Animalia,Mollusca,Bivalvia,Unionida,Unionidae,Sinanodonta,True,1.0
BH_DVD,Biển Hồ,zoobenthos,17,"Caridina serrata Simpson, 1860",,Caridina serrata,Caridina,"Simpson, 1860",1860.0,False,False,,,ARTHROPODA,Malacostraca,Decapoda,Atyidae,"{""codes"": ""NT""}",,,7,7,5863030,Caridina serrata,SPECIES,ACCEPTED,,exact,97,1,Animalia,Arthropoda,Malacostraca,Decapoda,Atyidae,Caridina,True,1.0
BH_DVD,Biển Hồ,zoobenthos,18,"Macrobrachium dalatense Nguyen, 2003",,Macrobrachium dalatense,Macrobrachium,"Nguyen, 2003",2003.0,False,False,,,ARTHROPODA,Malacostraca,Decapoda,Palaemonidae,"{""codes"": ""LC""}",,,7,5,6457020,Macrobrachium dalatense,SPECIES,ACCEPTED,,exact,99,1,Animalia,Arthropoda,Malacostraca,Decapoda,Palaemonidae,Macrobrachium,True,1.0
BH_DVD,Biển Hồ,zoobenthos,19,"Macrobrachium nipponense (De Haan, 1849)",,Macrobrachium nipponense,Macrobrachium,"(De Haan, 1849)",1849.0,False,False,,,ARTHROPODA,Malacostraca,Decapoda,Palaemonidae,"{""codes"": ""LC""}",,,7,7,2224515,Macrobrachium nipponense,SPECIES,ACCEPTED,,exact,99,1,Animalia,Arthropoda,Malacostraca,Decapoda,Palaemonidae,Macrobrachium,True,1.0
BH_DVD,Biển Hồ,zoobenthos,20,"Macrobrachium pilimanus (De Man, 1879)",,Macrobrachium pilimanus,Macrobrachium,"(De Man, 1879)",1879.0,False,False,,,ARTHROPODA,Malacostraca,Decapoda,Palaemonidae,"{""codes"": ""LC""}",,,7,7,2224787,Macrobrachium pilimanus,SPECIES,ACCEPTED,,exact,99,1,Animalia,Arthropoda,Malacostraca,Decapoda,Palaemonidae,Macrobrachium,True,1.0
BH_DVD,Biển Hồ,zoobenthos,21,"Macrobrachium equidens (Dana, 1852)",,Macrobrachium equidens,Macrobrachium,"(Dana, 1852)",1852.0,False,False,,,ARTHROPODA,Malacostraca,Decapoda,Palaemonidae,"{""codes"": ""LC""}",,,7,4,2224612,Macrobrachium equidens,SPECIES,ACCEPTED,,exact,99,1,Animalia,Arthropoda,Malacostraca,Decapoda,Palaemonidae,Macrobrachium,True,1.0
BH_DVD,Biển Hồ,zoobenthos,22,"Macrobrachium thuylami Nguyen, 2006",,Macrobrachium thuylami,Macrobrachium,"Nguyen, 2006",2006.0,False,False,,,ARTHROPODA,Malacostraca,Decapoda,Palaemonidae,"{""codes"": ""DD""}",,,7,1,6457045,Macrobrachium thuylami,SPECIES,ACCEPTED,,exact,99,1,Animalia,Arthropoda,Malacostraca,Decapoda,Palaemonidae,Macrobrachium,True,1.0
BH_DVD,Biển Hồ,zoobenthos,23,"Donopotamon haii Dang & Hai, 2005",,Donopotamon haii,Donopotamon,"Dang & Hai, 2005",2005.0,False,False,,,ARTHROPODA,Malacostraca,Decapoda,Potamidae,"{""codes"": ""LC""}",,,7,4,5790192,Donopotamon haii,SPECIES,ACCEPTED,,exact,99,1,Animalia,Arthropoda,Malacostraca,Decapoda,Potamidae,Donopotamon,True,1.0
BH_DVD,Biển Hồ,zoobenthos,24,"Villopotamon sphaeridium (Kemp, 1923)",,Villopotamon sphaeridium,Villopotamon,"(Kemp, 1923)",1923.0,False,False,,,ARTHROPODA,Malacostraca,Decapoda,Potamidae,"{""codes"": ""DD""}",,,7,3,5790464,Villopotamon sphaeridium,SPECIES,ACCEPTED,,exact,99,1,Animalia,Arthropoda,Malacostraca,Decapoda,Potamidae,Villopotamon,True,1.0
BH_DVD,Biển Hồ,zoobenthos,25,"Vietnamella thani Tshernova, 1972",,Vietnamella thani,Vietnamella,"Tshernova, 1972",1972.0,False,False,,,ARTHROPODA,Insecta,Ephemeroptera,Austremerellidae,"{""codes"": ""NE""}",,,7,4,6931794,Vietnamella thani,SPECIES,ACCEPTED,,exact,99,1,Animalia,Arthropoda,Insecta,Ephemeroptera,Vietnamellidae,Vietnamella,False,0.6
BH_DVD,Biển Hồ,zoobenthos,26,Acentrella sp.,,Acentrella sp.,Acentrella,,,True,False,,,ARTHROPODA,Insecta,Ephemeroptera,Baetidae,{},,,7,4,1407537,Acentrella,GENUS,ACCEPTED,,exact,96,1,Animalia,Arthropoda,Insecta,Ephemeroptera,Baetidae,Acentrella,True,1.0
BH_DVD,Biển Hồ,zoobenthos,27,Procloeon sp.,,Procloeon sp.,Procloeon,,,True,False,,,ARTHROPODA,Insecta,Ephemeroptera,Baetidae,{},,,7,2,1407651,Procloeon,GENUS,ACCEPTED,,exact,95,1,Animalia,Arthropoda,Insecta,Ephemeroptera,Baetidae,Procloeon,True,1.0
BH_DVD,Biển Hồ,zoobenthos,28,"Caenis cornigera Kang & Yang, 1994",,Caenis cornigera,Caenis,"Kang & Yang, 1994",1994.0,False,False,,,ARTHROPODA,Insecta,Ephemeroptera,Caenidae,"{""codes"": ""NE""}",,,7,4,5735462,Caenis cornigera,SPECIES,ACCEPTED,,exact,99,1,Animalia,Arthropoda,Insecta,Ephemeroptera,Caenidae,Caenis,True,1.0
BH_DVD,Biển Hồ,zoobenthos,29,Ephemera sp.,,Ephemera sp.,Ephemera,,,True,False,,,ARTHROPODA,Insecta,Ephemeroptera,Ephemeridae,{},,,7,2,1407107,Ephemera,GENUS,ACCEPTED,,exact,100,2,Animalia,Arthropoda,Insecta,Ephemeroptera,Ephemeridae,Ephemera,True,1.0
BH_DVD,Biển Hồ,zoobenthos,30,"Drunella perculta Allen, 1971",,Drunella perculta,Drunella,"Allen, 1971",1971.0,False,False,,,ARTHROPODA,Insecta,Ephemeroptera,Ephemerellidae,"{""codes"": ""NE""}",,,7,3,1408127,Drunella,GENUS,ACCEPTED,,higherrank,94,1,Animalia,Arthropoda,Insecta,Ephemeroptera,Ephemerellidae,Drunella,True,1.0
BH_DVD,Biển Hồ,zoobenthos,31,Serratella sp.,,Serratella sp.,Serratella,,,True,False,,,ARTHROPODA,Insecta,Ephemeroptera,Ephemerellidae,{},,,7,4,1408175,Serratella,GENUS,ACCEPTED,,exact,96,1,Animalia,Arthropoda,Insecta,Ephemeroptera,Ephemerellidae,Serratella,True,1.0
BH_DVD,Biển Hồ,zoobenthos,32,"Choroterpes trifurcata Ulmer, 1939",,Choroterpes trifurcata,Choroterpes,"Ulmer, 1939",1939.0,False,False,,,ARTHROPODA,Insecta,Ephemeroptera,Leptophlebiidae,"{""codes"": ""NE""}",,,7,3,6134092,Choroterpes trifurcatus,SPECIES,SYNONYM,Euthraulus trifurcatus,synonym,96,1,Animalia,Arthropoda,Insecta,Ephemeroptera,Leptophlebiidae,Euthraulus,True,1.0
BH_DVD,Biển Hồ,zoobenthos,33,"Choroterpides major Ulmer, 1939",,Choroterpides major,Choroterpides,"Ulmer, 1939",1939.0,False,False,,,ARTHROPODA,Insecta,Ephemeroptera,Leptophlebiidae,"{""codes"": ""NE""}",,,7,5,7197091,Choroterpides major,SPECIES,ACCEPTED,,exact,99,1,Animalia,Arthropoda,Insecta,Ephemeroptera,Leptophlebiidae,Choroterpides,True,1.0
BH_DVD,Biển Hồ,zoobenthos,34,Anisocentropus sp.,,Anisocentropus sp.,Anisocentropus,,,True,False,,,ARTHROPODA,Insecta,Trichoptera,Calamoceratidae,{},,,7,7,1437228,Anisocentropus,GENUS,ACCEPTED,,exact,96,1,Animalia,Arthropoda,Insecta,Trichoptera,Calamoceratidae,Anisocentropus,True,1.0
BH_DVD,Biển Hồ,zoobenthos,35,Ugandatrichia sp.,,Ugandatrichia sp.,Ugandatrichia,,,True,False,,,ARTHROPODA,Insecta,Trichoptera,Hydroptilidae,{},,,7,5,1431893,Ugandatrichia,GENUS,ACCEPTED,,exact,96,1,Animalia,Arthropoda,Insecta,Trichoptera,Hydroptilidae,Ugandatrichia,True,1.0
BH_DVD,Biển Hồ,zoobenthos,36,Cheumatopsyche sp.,,Cheumatopsyche sp.,Cheumatopsyche,,,True,False,,,ARTHROPODA,Insecta,Trichoptera,Hydropsychidae,{},,,7,3,1439645,Cheumatopsyche,GENUS,ACCEPTED,,exact,96,1,Animalia,Arthropoda,Insecta,Trichoptera,Hydropsychidae,Cheumatopsyche,True,1.0
BH_DVD,Biển Hồ,zoobenthos,37,Hydropsyche sp.,,Hydropsyche sp.,Hydropsyche,,,True,False,,,ARTHROPODA,Insecta,Trichoptera,Hydropsychidae,{},,,7,2,1431357,Hydropsyche,GENUS,ACCEPTED,,exact,100,2,Animalia,Arthropoda,Insecta,Trichoptera,Hydropsychidae,Hydropsyche,True,1.0
BH_DVD,Biển Hồ,zoobenthos,38,Macrosternum sp.,,Macrosternum sp.,Macrosternum,,,True,False,,,ARTHROPODA,Insecta,Trichoptera,Hydropsychidae,{},,,7,5,4769630,Macrosternus,GENUS,ACCEPTED,,fuzzy_rejected,85,1,Animalia,Arthropoda,Insecta,Coleoptera,Histeridae,Macrosternus,False,0.5
BH_DVD,Biển Hồ,zoobenthos,39,Leptocerus sp.,,Leptocerus sp.,Leptocerus,,,True,False,,,ARTHROPODA,Insecta,Trichoptera,Leptoceridae,{},,,7,2,1436142,Leptocerus,GENUS,ACCEPTED,,exact,95,1,Animalia,Arthropoda,Insecta,Trichoptera,Leptoceridae,Leptocerus,True,1.0
BH_DVD,Biển Hồ,zoobenthos,40,Oecetis sp.,,Oecetis sp.,Oecetis,,,True,False,,,ARTHROPODA,Insecta,Trichoptera,Leptoceridae,{},,,7,2,1436291,Oecetis,GENUS,ACCEPTED,,exact,96,1,Animalia,Arthropoda,Insecta,Trichoptera,Leptoceridae,Oecetis,True,1.0
BH_DVD,Biển Hồ,zoobenthos,41,Setodes sp.,,Setodes sp.,Setodes,,,True,False,,,ARTHROPODA,Insecta,Trichoptera,Leptoceridae,{},,,7,2,1436781,Setodes,GENUS,ACCEPTED,,exact,96,1,Animalia,Arthropoda,Insecta,Trichoptera,Leptoceridae,Setodes,True,1.0
BH_DVD,Biển Hồ,zoobenthos,42,Lepidostoma sp.,,Lepidostoma sp.,Lepidostoma,,,True,False,,,ARTHROPODA,Insecta,Trichoptera,Lepidostomatidae,{},,,7,5,1443129,Lepidostoma,GENUS,ACCEPTED,,exact,100,2,Animalia,Arthropoda,Insecta,Trichoptera,Lepidostomatidae,Lepidostoma,True,1.0
BH_DVD,Biển Hồ,zoobenthos,43,Chimara sp.,,Chimara sp.,Chimara,,,True,False,,,ARTHROPODA,Insecta,Trichoptera,Philopotamidae,{},,,7,3,1430802,Chimarra,GENUS,ACCEPTED,,fuzzy,100,2,Animalia,Arthropoda,Insecta,Trichoptera,Philopotamidae,Chimarra,True,1.0
BH_DVD,Biển Hồ,zoobenthos,44,Marilia sp.,,Marilia sp.,Marilia,,,True,False,,,ARTHROPODA,Insecta,Trichoptera,Odontoceridae,{},,,7,7,1437460,Marilia,GENUS,ACCEPTED,,exact,96,1,Animalia,Arthropoda,Insecta,Trichoptera,Odontoceridae,Marilia,True,1.0
BH_DVD,Biển Hồ,zoobenthos,45,Psilotreta sp.,,Psilotreta sp.,Psilotreta,,,True,False,,,ARTHROPODA,Insecta,Trichoptera,Odontoceridae,{},,,7,7,1437517,Psilotreta,GENUS,ACCEPTED,,exact,96,1,Animalia,Arthropoda,Insecta,Trichoptera,Odontoceridae,Psilotreta,True,1.0
BH_DVD,Biển Hồ,zoobenthos,46,Tinodes sp.,,Tinodes sp.,Tinodes,,,True,False,,,ARTHROPODA,Insecta,Trichoptera,Psychomyiidae,{},,,7,4,1438576,Tinodes,GENUS,ACCEPTED,,exact,95,1,Animalia,Arthropoda,Insecta,Trichoptera,Psychomyiidae,Tinodes,True,1.0
BH_DVD,Biển Hồ,zoobenthos,47,Neureclipsis sp.,,Neureclipsis sp.,Neureclipsis,,,True,False,,,ARTHROPODA,Insecta,Trichoptera,Polycentropodidae,{},,,7,5,1437821,Neureclipsis,GENUS,ACCEPTED,,exact,96,1,Animalia,Arthropoda,Insecta,Trichoptera,Polycentropodidae,Neureclipsis,True,1.0
BH_DVD,Biển Hồ,zoobenthos,48,Dipseudopsis sp.,,Dipseudopsis sp.,Dipseudopsis,,,True,False,,,ARTHROPODA,Insecta,Trichoptera,Dipseudopsidae,{},,,7,7,1438910,Dipseudopsis,GENUS,ACCEPTED,,exact,96,1,Animalia,Arthropoda,Insecta,Trichoptera,Dipseudopsidae,Dipseudopsis,True,1.0
BH_DVD,Biển Hồ,zoobenthos,49,Gestroiella sp.,,Gestroiella sp.,Gestroiella,,,True,False,,,ARTHROPODA,Insecta,Hemiptera,Naucoridae,{},,,7,5,4774644,Gestroiella,GENUS,ACCEPTED,,exact,96,1,Animalia,Arthropoda,Insecta,Hemiptera,Naucoridae,Gestroiella,True,1.0
BH_DVD,Biển Hồ,zoobenthos,50,Heleocoris sp.,,Heleocoris sp.,Heleocoris,,,True,False,,,ARTHROPODA,Insecta,Hemiptera,Naucoridae,{},,,7,4,4780104,Heleocoris,GENUS,ACCEPTED,,exact,96,1,Animalia,Arthropoda,Insecta,Hemiptera,Naucoridae,Heleocoris,True,1.0
BH_DVD,Biển Hồ,zoobenthos,51,Naucoris sp.,,Naucoris sp.,Naucoris,,,True,False,,,ARTHROPODA,Insecta,Hemiptera,Naucoridae,{},,,7,4,8349552,Naucoris,GENUS,ACCEPTED,,exact,95,1,Animalia,Arthropoda,Insecta,Hemiptera,Naucoridae,Naucoris,True,1.0
BH_DVD,Biển Hồ,zoobenthos,52,Aphelocheirus sp.,,Aphelocheirus sp.,Aphelocheirus,,,True,False,,,ARTHROPODA,Insecta,Hemiptera,Aphelocheiridae,{},,,7,7,3265576,Aphelocheirus,GENUS,ACCEPTED,,exact,96,1,Animalia,Arthropoda,Insecta,Hemiptera,Aphelocheiridae,Aphelocheirus,True,1.0
BH_DVD,Biển Hồ,zoobenthos,53,Ophiogomphus sp.,,Ophiogomphus sp.,Ophiogomphus,,,True,False,,,ARTHROPODA,Insecta,Odonata,Gomphidae,{},,,7,5,1426026,Ophiogomphus,GENUS,ACCEPTED,,exact,95,1,Animalia,Arthropoda,Insecta,Odonata,Gomphidae,Ophiogomphus,True,1.0
BH_DVD,Biển Hồ,zoobenthos,54,Lamelligomphus sp.,,Lamelligomphus sp.,Lamelligomphus,,,True,False,,,ARTHROPODA,Insecta,Odonata,Gomphidae,{},,,7,5,1425706,Lamelligomphus,GENUS,ACCEPTED,,exact,96,1,Animalia,Arthropoda,Insecta,Odonata,Gomphidae,Lamelligomphus,True,1.0
BH_DVD,Biển Hồ,zoobenthos,55,Melliogomphus sp.,,Melliogomphus sp.,Melliogomphus,,,True,False,,,ARTHROPODA,Insecta,Odonata,Gomphidae,{},,,7,5,1426720,Melligomphus,GENUS,ACCEPTED,,fuzzy,85,1,Animalia,Arthropoda,Insecta,Odonata,Gomphidae,Melligomphus,True,1.0
BH_DVD,Biển Hồ,zoobenthos,56,Lyriothemis sp.,,Lyriothemis sp.,Lyriothemis,,,True,False,,,ARTHROPODA,Insecta,Odonata,Libellulidae,{},,,7,4,1428361,Lyriothemis,GENUS,ACCEPTED,,exact,96,1,Animalia,Arthropoda,Insecta,Odonata,Libellulidae,Lyriothemis,True,1.0
BH_DVD,Biển Hồ,zoobenthos,57,Sympetrum sp.,,Sympetrum sp.,Sympetrum,,,True,False,,,ARTHROPODA,Insecta,Odonata,Libellulidae,{},,,7,6,1428195,Sympetrum,GENUS,ACCEPTED,,exact,95,1,Animalia,Arthropoda,Insecta,Odonata,Libellulidae,Sympetrum,True,1.0
BH_DVD,Biển Hồ,zoobenthos,58,Trithemis sp.,,Trithemis sp.,Trithemis,,,True,False,,,ARTHROPODA,Insecta,Odonata,Libellulidae,{},,,7,7,7960601,Trithemis,GENUS,ACCEPTED,,exact,95,1,Animalia,Arthropoda,Insecta,Odonata,Libellulidae,Trithemis,True,1.0
BH_DVD,Biển Hồ,zoobenthos,59,Dineutus sp.,,Dineutus sp.,Dineutus,,,True,False,,,ARTHROPODA,Insecta,Coleoptera,Gyrinidae,{},,,7,4,1034541,Dineutus,GENUS,ACCEPTED,,exact,96,1,Animalia,Arthropoda,Insecta,Coleoptera,Gyrinidae,Dineutus,True,1.0
BH_DVD,Biển Hồ,zoobenthos,60,Neocylloepus sp.,,Neocylloepus sp.,Neocylloepus,,,True,False,,,ARTHROPODA,Insecta,Coleoptera,Elmidae,{},,,7,4,1033604,Neocylloepus,GENUS,ACCEPTED,,exact,96,1,Animalia,Arthropoda,Insecta,Coleoptera,Elmidae,Neocylloepus,True,1.0
BH_DVD,Biển Hồ,zoobenthos,61,Microcylloepus sp.,,Microcylloepus sp.,Microcylloepus,,,True,False,,,ARTHROPODA,Insecta,Coleoptera,Elmidae,{},,,7,3,1033606,Microcylloepus,GENUS,ACCEPTED,,exact,96,1,Animalia,Arthropoda,Insecta,Coleoptera,Elmidae,Microcylloepus,True,1.0
BH_DVD,Biển Hồ,zoobenthos,62,Ectopria sp.,,Ectopria sp.,Ectopria,,,True,False,,,ARTHROPODA,Insecta,Coleoptera,Psephenidae,{},,,7,2,1033431,Ectopria,GENUS,ACCEPTED,,exact,96,1,Animalia,Arthropoda,Insecta,Coleoptera,Psephenidae,Ectopria,True,1.0
BH_DVD,Biển Hồ,zoobenthos,63,Psephenus sp.,,Psephenus sp.,Psephenus,,,True,False,,,ARTHROPODA,Insecta,Coleoptera,Psephenidae,{},,,7,6,1033415,Psephenus,GENUS,ACCEPTED,,exact,96,1,Animalia,Arthropoda,Insecta,Coleoptera,Psephenidae,Psephenus,True,1.0
BH_DVD,Biển Hồ,zoobenthos,64,Chironomus sp.,,Chironomus sp.,Chironomus,,,True,False,,,ARTHROPODA,Insecta,Diptera,Chironomidae,{},,,7,3,1448033,Chironomus,GENUS,ACCEPTED,,exact,96,1,Animalia,Arthropoda,Insecta,Diptera,Chironomidae,Chironomus,True,1.0
BH_DVD,Biển Hồ,zoobenthos,65,Tanytarsus sp.,,Tanytarsus sp.,Tanytarsus,,,True,False,,,ARTHROPODA,Insecta,Diptera,Chironomidae,{},,,7,4,1451718,Tanytarsus,GENUS,ACCEPTED,,exact,95,1,Animalia,Arthropoda,Insecta,Diptera,Chironomidae,Tanytarsus,True,1.0
BH_DVD,Biển Hồ,zoobenthos,66,Antocha sp.,,Antocha sp.,Antocha,,,True,False,,,ARTHROPODA,Insecta,Diptera,Tipulidae,{},,,7,6,1513860,Antocha,GENUS,ACCEPTED,,exact,96,1,Animalia,Arthropoda,Insecta,Diptera,Limoniidae,Antocha,False,0.526
BH_DVD,Biển Hồ,zoobenthos,67,Hexatoma sp.,,Hexatoma sp.,Hexatoma,,,True,False,,,ARTHROPODA,Insecta,Diptera,Tipulidae,{},,,7,4,3264603,Hexatoma,GENUS,ACCEPTED,,exact,95,1,Animalia,Arthropoda,Insecta,Diptera,Limoniidae,Hexatoma,False,0.526
BH_DVD,Biển Hồ,zoobenthos,68,Limnophila sp.,,Limnophila sp.,Limnophila,,,True,False,,,ARTHROPODA,Insecta,Diptera,Tipulidae,{},,,7,6,1520958,Limnophila,GENUS,ACCEPTED,,exact,98,2,Animalia,Arthropoda,Insecta,Diptera,Limoniidae,Limnophila,False,0.526
BH_DVD,Biển Hồ,zoobenthos,69,Tipula sp.,,Tipula sp.,Tipula,,,True,False,,,ARTHROPODA,Insecta,Diptera,Tipulidae,{},,,7,5,1446543,Tipula,GENUS,ACCEPTED,,exact,95,1,Animalia,Arthropoda,Insecta,Diptera,Tipulidae,Tipula,True,1.0
BH_DVD,Biển Hồ,zoobenthos,70,Limnophora sp.,,Limnophora sp.,Limnophora,,,True,False,,,ARTHROPODA,Insecta,Diptera,Muscidae,{},,,7,3,1529975,Limnophora,GENUS,ACCEPTED,,exact,95,1,Animalia,Arthropoda,Insecta,Diptera,Muscidae,Limnophora,True,1.0
BH_DVD,Biển Hồ,zoobenthos,71,Simulium sp.,,Simulium sp.,Simulium,,,True,False,,,ARTHROPODA,Insecta,Diptera,Simuliidae,{},,,7,6,5734043,Simulium,GENUS,ACCEPTED,,exact,95,1,Animalia,Arthropoda,Insecta,Diptera,Simuliidae,Simulium,True,1.0
